snapshot,event_id,commence,home,away,bookmaker,market,outcome,point,price,last_update
2026-09-13T1054,e66df35062d3cc1c59258406374c2e76,2026-09-13T13:00:00Z,Lecce,Monza,winamax_fr,h2h,Lecce,,2.65,2026-09-13T10:53:52Z
2026-09-13T1054,e66df35062d3cc1c59258406374c2e76,2026-09-13T13:00:00Z,Lecce,Monza,winamax_fr,h2h,Monza,,2.6,2026-09-13T10:53:52Z
2026-09-13T1054,e66df35062d3cc1c59258406374c2e76,2026-09-13T13:00:00Z,Lecce,Monza,winamax_fr,h2h,Draw,,3.05,2026-09-13T10:53:52Z
2026-09-13T1054,e66df35062d3cc1c59258406374c2e76,2026-09-13T13:00:00Z,Lecce,Monza,codere_it,h2h,Lecce,,2.8,2026-09-13T10:53:51Z
2026-09-13T1054,e66df35062d3cc1c59258406374c2e76,2026-09-13T13:00:00Z,Lecce,Monza,codere_it,h2h,Monza,,2.75,2026-09-13T10:53:51Z
2026-09-13T1054,e66df35062d3cc1c59258406374c2e76,2026-09-13T13:00:00Z,Lecce,Monza,codere_it,h2h,Draw,,3.05,2026-09-13T10:53:51Z
2026-09-13T1054,e66df35062d3cc1c59258406374c2e76,2026-09-13T13:00:00Z,Lecce,Monza,codere_it,totals,Over,2.5,2.13,2026-09-13T10:53:51Z
2026-09-13T1054,e66df35062d3cc1c59258406374c2e76,2026-09-13T13:00:00Z,Lecce,Monza,codere_it,totals,Under,2.5,1.61,2026-09-13T10:53:51Z
2026-09-13T1054,e66df35062d3cc1c59258406374c2e76,2026-09-13T13:00:00Z,Lecce,Monza,betfred_uk,h2h,Lecce,,2.8,2026-09-13T10:54:13Z
2026-09-13T1054,e66df35062d3cc1c59258406374c2e76,2026-09-13T13:00:00Z,Lecce,Monza,betfred_uk,h2h,Monza,,2.62,2026-09-13T10:54:13Z
2026-09-13T1054,e66df35062d3cc1c59258406374c2e76,2026-09-13T13:00:00Z,Lecce,Monza,betfred_uk,h2h,Draw,,3.1,2026-09-13T10:54:13Z
2026-09-13T1054,e66df35062d3cc1c59258406374c2e76,2026-09-13T13:00:00Z,Lecce,Monza,leovegas,h2h,Lecce,,2.7,2026-09-13T10:53:51Z
2026-09-13T1054,e66df35062d3cc1c59258406374c2e76,2026-09-13T13:00:00Z,Lecce,Monza,leovegas,h2h,Monza,,2.7,2026-09-13T10:53:51Z
2026-09-13T1054,e66df35062d3cc1c59258406374c2e76,2026-09-13T13:00:00Z,Lecce,Monza,leovegas,h2h,Draw,,3.0,2026-09-13T10:53:51Z
2026-09-13T1054,e66df35062d3cc1c59258406374c2e76,2026-09-13T13:00:00Z,Lecce,Monza,leovegas,totals,Over,2.5,2.18,2026-09-13T10:53:51Z
2026-09-13T1054,e66df35062d3cc1c59258406374c2e76,2026-09-13T13:00:00Z,Lecce,Monza,leovegas,totals,Under,2.5,1.64,2026-09-13T10:53:51Z
2026-09-13T1054,e66df35062d3cc1c59258406374c2e76,2026-09-13T13:00:00Z,Lecce,Monza,unibet_uk,h2h,Lecce,,2.75,2026-09-13T10:53:29Z
2026-09-13T1054,e66df35062d3cc1c59258406374c2e76,2026-09-13T13:00:00Z,Lecce,Monza,unibet_uk,h2h,Monza,,2.75,2026-09-13T10:53:29Z
2026-09-13T1054,e66df35062d3cc1c59258406374c2e76,2026-09-13T13:00:00Z,Lecce,Monza,unibet_uk,h2h,Draw,,3.0,2026-09-13T10:53:29Z
2026-09-13T1054,e66df35062d3cc1c59258406374c2e76,2026-09-13T13:00:00Z,Lecce,Monza,betclic_fr,h2h,Lecce,,2.75,2026-09-13T10:52:40Z
2026-09-13T1054,e66df35062d3cc1c59258406374c2e76,2026-09-13T13:00:00Z,Lecce,Monza,betclic_fr,h2h,Monza,,2.67,2026-09-13T10:52:40Z
2026-09-13T1054,e66df35062d3cc1c59258406374c2e76,2026-09-13T13:00:00Z,Lecce,Monza,betclic_fr,h2h,Draw,,3.02,2026-09-13T10:52:40Z
2026-09-13T1054,e66df35062d3cc1c59258406374c2e76,2026-09-13T13:00:00Z,Lecce,Monza,tipico_de,h2h,Lecce,,2.65,2026-09-13T10:54:14Z
2026-09-13T1054,e66df35062d3cc1c59258406374c2e76,2026-09-13T13:00:00Z,Lecce,Monza,tipico_de,h2h,Monza,,2.85,2026-09-13T10:54:14Z
2026-09-13T1054,e66df35062d3cc1c59258406374c2e76,2026-09-13T13:00:00Z,Lecce,Monza,tipico_de,h2h,Draw,,3.0,2026-09-13T10:54:14Z
2026-09-13T1054,e66df35062d3cc1c59258406374c2e76,2026-09-13T13:00:00Z,Lecce,Monza,tipico_de,totals,Over,2.5,2.15,2026-09-13T10:54:14Z
2026-09-13T1054,e66df35062d3cc1c59258406374c2e76,2026-09-13T13:00:00Z,Lecce,Monza,tipico_de,totals,Under,2.5,1.67,2026-09-13T10:54:14Z
2026-09-13T1054,e66df35062d3cc1c59258406374c2e76,2026-09-13T13:00:00Z,Lecce,Monza,unibet_fr,h2h,Lecce,,2.7,2026-09-13T10:54:13Z
2026-09-13T1054,e66df35062d3cc1c59258406374c2e76,2026-09-13T13:00:00Z,Lecce,Monza,unibet_fr,h2h,Monza,,2.6,2026-09-13T10:54:13Z
2026-09-13T1054,e66df35062d3cc1c59258406374c2e76,2026-09-13T13:00:00Z,Lecce,Monza,unibet_fr,h2h,Draw,,2.9,2026-09-13T10:54:13Z
2026-09-13T1054,e66df35062d3cc1c59258406374c2e76,2026-09-13T13:00:00Z,Lecce,Monza,winamax_de,h2h,Lecce,,2.7,2026-09-13T10:52:28Z
2026-09-13T1054,e66df35062d3cc1c59258406374c2e76,2026-09-13T13:00:00Z,Lecce,Monza,winamax_de,h2h,Monza,,2.65,2026-09-13T10:52:28Z
2026-09-13T1054,e66df35062d3cc1c59258406374c2e76,2026-09-13T13:00:00Z,Lecce,Monza,winamax_de,h2h,Draw,,3.1,2026-09-13T10:52:28Z
2026-09-13T1054,e66df35062d3cc1c59258406374c2e76,2026-09-13T13:00:00Z,Lecce,Monza,skybet,h2h,Lecce,,2.7,2026-09-13T10:53:51Z
2026-09-13T1054,e66df35062d3cc1c59258406374c2e76,2026-09-13T13:00:00Z,Lecce,Monza,skybet,h2h,Monza,,2.7,2026-09-13T10:53:51Z
2026-09-13T1054,e66df35062d3cc1c59258406374c2e76,2026-09-13T13:00:00Z,Lecce,Monza,skybet,h2h,Draw,,3.1,2026-09-13T10:53:51Z
2026-09-13T1054,e66df35062d3cc1c59258406374c2e76,2026-09-13T13:00:00Z,Lecce,Monza,paddypower,h2h,Lecce,,2.7,2026-09-13T10:53:09Z
2026-09-13T1054,e66df35062d3cc1c59258406374c2e76,2026-09-13T13:00:00Z,Lecce,Monza,paddypower,h2h,Monza,,2.7,2026-09-13T10:53:09Z
2026-09-13T1054,e66df35062d3cc1c59258406374c2e76,2026-09-13T13:00:00Z,Lecce,Monza,paddypower,h2h,Draw,,3.0,2026-09-13T10:53:09Z
2026-09-13T1054,e66df35062d3cc1c59258406374c2e76,2026-09-13T13:00:00Z,Lecce,Monza,onexbet,h2h,Lecce,,2.88,2026-09-13T10:54:12Z
2026-09-13T1054,e66df35062d3cc1c59258406374c2e76,2026-09-13T13:00:00Z,Lecce,Monza,onexbet,h2h,Monza,,2.86,2026-09-13T10:54:12Z
2026-09-13T1054,e66df35062d3cc1c59258406374c2e76,2026-09-13T13:00:00Z,Lecce,Monza,onexbet,h2h,Draw,,3.13,2026-09-13T10:54:12Z
2026-09-13T1054,e66df35062d3cc1c59258406374c2e76,2026-09-13T13:00:00Z,Lecce,Monza,onexbet,totals,Over,2.5,2.35,2026-09-13T10:54:12Z
2026-09-13T1054,e66df35062d3cc1c59258406374c2e76,2026-09-13T13:00:00Z,Lecce,Monza,onexbet,totals,Under,2.5,1.7,2026-09-13T10:54:12Z
2026-09-13T1054,e66df35062d3cc1c59258406374c2e76,2026-09-13T13:00:00Z,Lecce,Monza,marathonbet,h2h,Lecce,,2.82,2026-09-13T10:53:53Z
2026-09-13T1054,e66df35062d3cc1c59258406374c2e76,2026-09-13T13:00:00Z,Lecce,Monza,marathonbet,h2h,Monza,,2.8,2026-09-13T10:53:53Z
2026-09-13T1054,e66df35062d3cc1c59258406374c2e76,2026-09-13T13:00:00Z,Lecce,Monza,marathonbet,h2h,Draw,,3.06,2026-09-13T10:53:53Z
2026-09-13T1054,e66df35062d3cc1c59258406374c2e76,2026-09-13T13:00:00Z,Lecce,Monza,sport888,h2h,Lecce,,2.75,2026-09-13T10:53:28Z
2026-09-13T1054,e66df35062d3cc1c59258406374c2e76,2026-09-13T13:00:00Z,Lecce,Monza,sport888,h2h,Monza,,2.62,2026-09-13T10:53:28Z
2026-09-13T1054,e66df35062d3cc1c59258406374c2e76,2026-09-13T13:00:00Z,Lecce,Monza,sport888,h2h,Draw,,2.9,2026-09-13T10:53:28Z
2026-09-13T1054,e66df35062d3cc1c59258406374c2e76,2026-09-13T13:00:00Z,Lecce,Monza,ladbrokes_uk,h2h,Lecce,,2.7,2026-09-13T10:53:51Z
2026-09-13T1054,e66df35062d3cc1c59258406374c2e76,2026-09-13T13:00:00Z,Lecce,Monza,ladbrokes_uk,h2h,Monza,,2.75,2026-09-13T10:53:51Z
2026-09-13T1054,e66df35062d3cc1c59258406374c2e76,2026-09-13T13:00:00Z,Lecce,Monza,ladbrokes_uk,h2h,Draw,,3.1,2026-09-13T10:53:51Z
2026-09-13T1054,e66df35062d3cc1c59258406374c2e76,2026-09-13T13:00:00Z,Lecce,Monza,coral,h2h,Lecce,,2.7,2026-09-13T10:53:29Z
2026-09-13T1054,e66df35062d3cc1c59258406374c2e76,2026-09-13T13:00:00Z,Lecce,Monza,coral,h2h,Monza,,2.75,2026-09-13T10:53:29Z
2026-09-13T1054,e66df35062d3cc1c59258406374c2e76,2026-09-13T13:00:00Z,Lecce,Monza,coral,h2h,Draw,,3.1,2026-09-13T10:53:29Z
2026-09-13T1054,e66df35062d3cc1c59258406374c2e76,2026-09-13T13:00:00Z,Lecce,Monza,williamhill,h2h,Lecce,,2.75,2026-09-13T10:53:51Z
2026-09-13T1054,e66df35062d3cc1c59258406374c2e76,2026-09-13T13:00:00Z,Lecce,Monza,williamhill,h2h,Monza,,2.62,2026-09-13T10:53:51Z
2026-09-13T1054,e66df35062d3cc1c59258406374c2e76,2026-09-13T13:00:00Z,Lecce,Monza,williamhill,h2h,Draw,,2.9,2026-09-13T10:53:51Z
2026-09-13T1054,e66df35062d3cc1c59258406374c2e76,2026-09-13T13:00:00Z,Lecce,Monza,williamhill,totals,Over,2.5,2.25,2026-09-13T10:53:51Z
2026-09-13T1054,e66df35062d3cc1c59258406374c2e76,2026-09-13T13:00:00Z,Lecce,Monza,williamhill,totals,Under,2.5,1.62,2026-09-13T10:53:51Z
2026-09-13T1054,e66df35062d3cc1c59258406374c2e76,2026-09-13T13:00:00Z,Lecce,Monza,betway,h2h,Lecce,,2.75,2026-09-13T10:53:52Z
2026-09-13T1054,e66df35062d3cc1c59258406374c2e76,2026-09-13T13:00:00Z,Lecce,Monza,betway,h2h,Monza,,2.7,2026-09-13T10:53:52Z
2026-09-13T1054,e66df35062d3cc1c59258406374c2e76,2026-09-13T13:00:00Z,Lecce,Monza,betway,h2h,Draw,,3.0,2026-09-13T10:53:52Z
2026-09-13T1054,e66df35062d3cc1c59258406374c2e76,2026-09-13T13:00:00Z,Lecce,Monza,smarkets,h2h,Lecce,,2.92,2026-09-13T10:54:13Z
2026-09-13T1054,e66df35062d3cc1c59258406374c2e76,2026-09-13T13:00:00Z,Lecce,Monza,smarkets,h2h,Monza,,2.9,2026-09-13T10:54:13Z
2026-09-13T1054,e66df35062d3cc1c59258406374c2e76,2026-09-13T13:00:00Z,Lecce,Monza,smarkets,h2h,Draw,,3.15,2026-09-13T10:54:13Z
2026-09-13T1054,e66df35062d3cc1c59258406374c2e76,2026-09-13T13:00:00Z,Lecce,Monza,smarkets,h2h_lay,Lecce,,2.96,2026-09-13T10:54:13Z
2026-09-13T1054,e66df35062d3cc1c59258406374c2e76,2026-09-13T13:00:00Z,Lecce,Monza,smarkets,h2h_lay,Monza,,2.8,2026-09-13T10:54:13Z
2026-09-13T1054,e66df35062d3cc1c59258406374c2e76,2026-09-13T13:00:00Z,Lecce,Monza,smarkets,h2h_lay,Draw,,3.2,2026-09-13T10:54:13Z
2026-09-13T1054,e66df35062d3cc1c59258406374c2e76,2026-09-13T13:00:00Z,Lecce,Monza,pinnacle,h2h,Lecce,,2.86,2026-09-13T10:54:12Z
2026-09-13T1054,e66df35062d3cc1c59258406374c2e76,2026-09-13T13:00:00Z,Lecce,Monza,pinnacle,h2h,Monza,,2.85,2026-09-13T10:54:12Z
2026-09-13T1054,e66df35062d3cc1c59258406374c2e76,2026-09-13T13:00:00Z,Lecce,Monza,pinnacle,h2h,Draw,,3.06,2026-09-13T10:54:12Z
2026-09-13T1054,e66df35062d3cc1c59258406374c2e76,2026-09-13T13:00:00Z,Lecce,Monza,betfair_ex_uk,h2h,Lecce,,2.94,2026-09-13T10:54:15Z
2026-09-13T1054,e66df35062d3cc1c59258406374c2e76,2026-09-13T13:00:00Z,Lecce,Monza,betfair_ex_uk,h2h,Monza,,2.9,2026-09-13T10:54:15Z
2026-09-13T1054,e66df35062d3cc1c59258406374c2e76,2026-09-13T13:00:00Z,Lecce,Monza,betfair_ex_uk,h2h,Draw,,3.15,2026-09-13T10:54:15Z
2026-09-13T1054,e66df35062d3cc1c59258406374c2e76,2026-09-13T13:00:00Z,Lecce,Monza,betfair_ex_uk,h2h_lay,Lecce,,2.96,2026-09-13T10:54:15Z
2026-09-13T1054,e66df35062d3cc1c59258406374c2e76,2026-09-13T13:00:00Z,Lecce,Monza,betfair_ex_uk,h2h_lay,Monza,,2.92,2026-09-13T10:54:15Z
2026-09-13T1054,e66df35062d3cc1c59258406374c2e76,2026-09-13T13:00:00Z,Lecce,Monza,betfair_ex_uk,h2h_lay,Draw,,3.2,2026-09-13T10:54:15Z
2026-09-13T1054,e66df35062d3cc1c59258406374c2e76,2026-09-13T13:00:00Z,Lecce,Monza,betfair_ex_eu,h2h,Lecce,,2.94,2026-09-13T10:53:51Z
2026-09-13T1054,e66df35062d3cc1c59258406374c2e76,2026-09-13T13:00:00Z,Lecce,Monza,betfair_ex_eu,h2h,Monza,,2.9,2026-09-13T10:53:51Z
2026-09-13T1054,e66df35062d3cc1c59258406374c2e76,2026-09-13T13:00:00Z,Lecce,Monza,betfair_ex_eu,h2h,Draw,,3.15,2026-09-13T10:53:51Z
2026-09-13T1054,e66df35062d3cc1c59258406374c2e76,2026-09-13T13:00:00Z,Lecce,Monza,betfair_ex_eu,h2h_lay,Lecce,,2.96,2026-09-13T10:53:51Z
2026-09-13T1054,e66df35062d3cc1c59258406374c2e76,2026-09-13T13:00:00Z,Lecce,Monza,betfair_ex_eu,h2h_lay,Monza,,2.92,2026-09-13T10:53:51Z
2026-09-13T1054,e66df35062d3cc1c59258406374c2e76,2026-09-13T13:00:00Z,Lecce,Monza,betfair_ex_eu,h2h_lay,Draw,,3.2,2026-09-13T10:53:51Z
2026-09-13T1054,e66df35062d3cc1c59258406374c2e76,2026-09-13T13:00:00Z,Lecce,Monza,virginbet,h2h,Lecce,,2.63,2026-09-13T10:54:13Z
2026-09-13T1054,e66df35062d3cc1c59258406374c2e76,2026-09-13T13:00:00Z,Lecce,Monza,virginbet,h2h,Monza,,2.7,2026-09-13T10:54:13Z
2026-09-13T1054,e66df35062d3cc1c59258406374c2e76,2026-09-13T13:00:00Z,Lecce,Monza,virginbet,h2h,Draw,,3.0,2026-09-13T10:54:13Z
2026-09-13T1054,e66df35062d3cc1c59258406374c2e76,2026-09-13T13:00:00Z,Lecce,Monza,pmu_fr,h2h,Lecce,,2.65,2026-09-13T10:53:29Z
2026-09-13T1054,e66df35062d3cc1c59258406374c2e76,2026-09-13T13:00:00Z,Lecce,Monza,pmu_fr,h2h,Monza,,2.75,2026-09-13T10:53:29Z
2026-09-13T1054,e66df35062d3cc1c59258406374c2e76,2026-09-13T13:00:00Z,Lecce,Monza,pmu_fr,h2h,Draw,,3.0,2026-09-13T10:53:29Z
2026-09-13T1054,e66df35062d3cc1c59258406374c2e76,2026-09-13T13:00:00Z,Lecce,Monza,pmu_fr,totals,Over,2.5,2.23,2026-09-13T10:53:29Z
2026-09-13T1054,e66df35062d3cc1c59258406374c2e76,2026-09-13T13:00:00Z,Lecce,Monza,pmu_fr,totals,Under,2.5,1.49,2026-09-13T10:53:29Z
2026-09-13T1054,e66df35062d3cc1c59258406374c2e76,2026-09-13T13:00:00Z,Lecce,Monza,casumo,h2h,Lecce,,2.65,2026-09-13T10:53:51Z
2026-09-13T1054,e66df35062d3cc1c59258406374c2e76,2026-09-13T13:00:00Z,Lecce,Monza,casumo,h2h,Monza,,2.75,2026-09-13T10:53:51Z
2026-09-13T1054,e66df35062d3cc1c59258406374c2e76,2026-09-13T13:00:00Z,Lecce,Monza,casumo,h2h,Draw,,3.0,2026-09-13T10:53:51Z
2026-09-13T1054,e66df35062d3cc1c59258406374c2e76,2026-09-13T13:00:00Z,Lecce,Monza,casumo,totals,Over,2.5,2.35,2026-09-13T10:53:51Z
2026-09-13T1054,e66df35062d3cc1c59258406374c2e76,2026-09-13T13:00:00Z,Lecce,Monza,casumo,totals,Under,2.5,1.56,2026-09-13T10:53:51Z
2026-09-13T1054,e66df35062d3cc1c59258406374c2e76,2026-09-13T13:00:00Z,Lecce,Monza,grosvenor,h2h,Lecce,,2.65,2026-09-13T10:53:51Z
2026-09-13T1054,e66df35062d3cc1c59258406374c2e76,2026-09-13T13:00:00Z,Lecce,Monza,grosvenor,h2h,Monza,,2.75,2026-09-13T10:53:51Z
2026-09-13T1054,e66df35062d3cc1c59258406374c2e76,2026-09-13T13:00:00Z,Lecce,Monza,grosvenor,h2h,Draw,,3.0,2026-09-13T10:53:51Z
2026-09-13T1054,e66df35062d3cc1c59258406374c2e76,2026-09-13T13:00:00Z,Lecce,Monza,grosvenor,totals,Over,2.5,2.35,2026-09-13T10:53:51Z
2026-09-13T1054,e66df35062d3cc1c59258406374c2e76,2026-09-13T13:00:00Z,Lecce,Monza,grosvenor,totals,Under,2.5,1.56,2026-09-13T10:53:51Z
2026-09-13T1054,e66df35062d3cc1c59258406374c2e76,2026-09-13T13:00:00Z,Lecce,Monza,unibet_nl,h2h,Lecce,,2.65,2026-09-13T10:53:29Z
2026-09-13T1054,e66df35062d3cc1c59258406374c2e76,2026-09-13T13:00:00Z,Lecce,Monza,unibet_nl,h2h,Monza,,2.75,2026-09-13T10:53:29Z
2026-09-13T1054,e66df35062d3cc1c59258406374c2e76,2026-09-13T13:00:00Z,Lecce,Monza,unibet_nl,h2h,Draw,,3.0,2026-09-13T10:53:29Z
2026-09-13T1054,e66df35062d3cc1c59258406374c2e76,2026-09-13T13:00:00Z,Lecce,Monza,unibet_nl,totals,Over,2.5,2.35,2026-09-13T10:53:29Z
2026-09-13T1054,e66df35062d3cc1c59258406374c2e76,2026-09-13T13:00:00Z,Lecce,Monza,unibet_nl,totals,Under,2.5,1.56,2026-09-13T10:53:29Z
2026-09-13T1054,e66df35062d3cc1c59258406374c2e76,2026-09-13T13:00:00Z,Lecce,Monza,livescorebet,h2h,Lecce,,2.63,2026-09-13T10:53:51Z
2026-09-13T1054,e66df35062d3cc1c59258406374c2e76,2026-09-13T13:00:00Z,Lecce,Monza,livescorebet,h2h,Monza,,2.7,2026-09-13T10:53:51Z
2026-09-13T1054,e66df35062d3cc1c59258406374c2e76,2026-09-13T13:00:00Z,Lecce,Monza,livescorebet,h2h,Draw,,3.0,2026-09-13T10:53:51Z
2026-09-13T1054,e66df35062d3cc1c59258406374c2e76,2026-09-13T13:00:00Z,Lecce,Monza,leovegas_se,h2h,Lecce,,2.65,2026-09-13T10:54:12Z
2026-09-13T1054,e66df35062d3cc1c59258406374c2e76,2026-09-13T13:00:00Z,Lecce,Monza,leovegas_se,h2h,Monza,,2.75,2026-09-13T10:54:12Z
2026-09-13T1054,e66df35062d3cc1c59258406374c2e76,2026-09-13T13:00:00Z,Lecce,Monza,leovegas_se,h2h,Draw,,3.0,2026-09-13T10:54:12Z
2026-09-13T1054,e66df35062d3cc1c59258406374c2e76,2026-09-13T13:00:00Z,Lecce,Monza,leovegas_se,totals,Over,2.5,2.35,2026-09-13T10:54:12Z
2026-09-13T1054,e66df35062d3cc1c59258406374c2e76,2026-09-13T13:00:00Z,Lecce,Monza,leovegas_se,totals,Under,2.5,1.57,2026-09-13T10:54:12Z
2026-09-13T1054,e66df35062d3cc1c59258406374c2e76,2026-09-13T13:00:00Z,Lecce,Monza,unibet_se,h2h,Lecce,,2.65,2026-09-13T10:53:29Z
2026-09-13T1054,e66df35062d3cc1c59258406374c2e76,2026-09-13T13:00:00Z,Lecce,Monza,unibet_se,h2h,Monza,,2.75,2026-09-13T10:53:29Z
2026-09-13T1054,e66df35062d3cc1c59258406374c2e76,2026-09-13T13:00:00Z,Lecce,Monza,unibet_se,h2h,Draw,,3.0,2026-09-13T10:53:29Z
2026-09-13T1054,e66df35062d3cc1c59258406374c2e76,2026-09-13T13:00:00Z,Lecce,Monza,unibet_se,totals,Over,2.5,2.35,2026-09-13T10:53:29Z
2026-09-13T1054,e66df35062d3cc1c59258406374c2e76,2026-09-13T13:00:00Z,Lecce,Monza,unibet_se,totals,Under,2.5,1.57,2026-09-13T10:53:29Z
2026-09-13T1054,e66df35062d3cc1c59258406374c2e76,2026-09-13T13:00:00Z,Lecce,Monza,boylesports,h2h,Lecce,,2.7,2026-09-13T10:53:30Z
2026-09-13T1054,e66df35062d3cc1c59258406374c2e76,2026-09-13T13:00:00Z,Lecce,Monza,boylesports,h2h,Monza,,2.62,2026-09-13T10:53:30Z
2026-09-13T1054,e66df35062d3cc1c59258406374c2e76,2026-09-13T13:00:00Z,Lecce,Monza,boylesports,h2h,Draw,,3.0,2026-09-13T10:53:30Z
2026-09-13T1054,e66df35062d3cc1c59258406374c2e76,2026-09-13T13:00:00Z,Lecce,Monza,betsson,h2h,Lecce,,2.75,2026-09-13T10:53:30Z
2026-09-13T1054,e66df35062d3cc1c59258406374c2e76,2026-09-13T13:00:00Z,Lecce,Monza,betsson,h2h,Monza,,2.75,2026-09-13T10:53:30Z
2026-09-13T1054,e66df35062d3cc1c59258406374c2e76,2026-09-13T13:00:00Z,Lecce,Monza,betsson,h2h,Draw,,3.0,2026-09-13T10:53:30Z
2026-09-13T1054,e66df35062d3cc1c59258406374c2e76,2026-09-13T13:00:00Z,Lecce,Monza,betsson,totals,Over,2.5,2.22,2026-09-13T10:53:30Z
2026-09-13T1054,e66df35062d3cc1c59258406374c2e76,2026-09-13T13:00:00Z,Lecce,Monza,betsson,totals,Under,2.5,1.62,2026-09-13T10:53:30Z
2026-09-13T1054,e66df35062d3cc1c59258406374c2e76,2026-09-13T13:00:00Z,Lecce,Monza,nordicbet,h2h,Lecce,,2.75,2026-09-13T10:52:27Z
2026-09-13T1054,e66df35062d3cc1c59258406374c2e76,2026-09-13T13:00:00Z,Lecce,Monza,nordicbet,h2h,Monza,,2.75,2026-09-13T10:52:27Z
2026-09-13T1054,e66df35062d3cc1c59258406374c2e76,2026-09-13T13:00:00Z,Lecce,Monza,nordicbet,h2h,Draw,,3.0,2026-09-13T10:52:27Z
2026-09-13T1054,e66df35062d3cc1c59258406374c2e76,2026-09-13T13:00:00Z,Lecce,Monza,nordicbet,totals,Over,2.5,2.22,2026-09-13T10:52:27Z
2026-09-13T1054,e66df35062d3cc1c59258406374c2e76,2026-09-13T13:00:00Z,Lecce,Monza,nordicbet,totals,Under,2.5,1.62,2026-09-13T10:52:27Z
2026-09-13T1054,e66df35062d3cc1c59258406374c2e76,2026-09-13T13:00:00Z,Lecce,Monza,everygame,h2h,Lecce,,2.8,2026-09-13T10:53:03Z
2026-09-13T1054,e66df35062d3cc1c59258406374c2e76,2026-09-13T13:00:00Z,Lecce,Monza,everygame,h2h,Monza,,2.75,2026-09-13T10:53:03Z
2026-09-13T1054,e66df35062d3cc1c59258406374c2e76,2026-09-13T13:00:00Z,Lecce,Monza,everygame,h2h,Draw,,3.0,2026-09-13T10:53:03Z
2026-09-13T1054,e66df35062d3cc1c59258406374c2e76,2026-09-13T13:00:00Z,Lecce,Monza,betvictor,h2h,Lecce,,2.75,2026-09-13T10:53:44Z
2026-09-13T1054,e66df35062d3cc1c59258406374c2e76,2026-09-13T13:00:00Z,Lecce,Monza,betvictor,h2h,Monza,,2.75,2026-09-13T10:53:44Z
2026-09-13T1054,e66df35062d3cc1c59258406374c2e76,2026-09-13T13:00:00Z,Lecce,Monza,betvictor,h2h,Draw,,3.0,2026-09-13T10:53:44Z
2026-09-13T1054,e66df35062d3cc1c59258406374c2e76,2026-09-13T13:00:00Z,Lecce,Monza,betano_uk,h2h,Lecce,,2.75,2026-09-13T10:52:17Z
2026-09-13T1054,e66df35062d3cc1c59258406374c2e76,2026-09-13T13:00:00Z,Lecce,Monza,betano_uk,h2h,Monza,,2.75,2026-09-13T10:52:17Z
2026-09-13T1054,e66df35062d3cc1c59258406374c2e76,2026-09-13T13:00:00Z,Lecce,Monza,betano_uk,h2h,Draw,,3.0,2026-09-13T10:52:17Z
2026-09-13T1054,e66df35062d3cc1c59258406374c2e76,2026-09-13T13:00:00Z,Lecce,Monza,betfair_sb_uk,h2h,Lecce,,2.7,2026-09-13T10:54:13Z
2026-09-13T1054,e66df35062d3cc1c59258406374c2e76,2026-09-13T13:00:00Z,Lecce,Monza,betfair_sb_uk,h2h,Monza,,2.75,2026-09-13T10:54:13Z
2026-09-13T1054,e66df35062d3cc1c59258406374c2e76,2026-09-13T13:00:00Z,Lecce,Monza,betfair_sb_uk,h2h,Draw,,3.0,2026-09-13T10:54:13Z
2026-09-13T1054,e66df35062d3cc1c59258406374c2e76,2026-09-13T13:00:00Z,Lecce,Monza,matchbook,h2h,Lecce,,2.94,2026-09-13T10:54:12Z
2026-09-13T1054,e66df35062d3cc1c59258406374c2e76,2026-09-13T13:00:00Z,Lecce,Monza,matchbook,h2h,Monza,,2.88,2026-09-13T10:54:12Z
2026-09-13T1054,e66df35062d3cc1c59258406374c2e76,2026-09-13T13:00:00Z,Lecce,Monza,matchbook,h2h,Draw,,3.15,2026-09-13T10:54:12Z
2026-09-13T1054,e66df35062d3cc1c59258406374c2e76,2026-09-13T13:00:00Z,Lecce,Monza,matchbook,h2h_lay,Lecce,,2.96,2026-09-13T10:54:12Z
2026-09-13T1054,e66df35062d3cc1c59258406374c2e76,2026-09-13T13:00:00Z,Lecce,Monza,matchbook,h2h_lay,Monza,,2.92,2026-09-13T10:54:12Z
2026-09-13T1054,e66df35062d3cc1c59258406374c2e76,2026-09-13T13:00:00Z,Lecce,Monza,matchbook,h2h_lay,Draw,,3.2,2026-09-13T10:54:12Z
2026-09-13T1054,e66df35062d3cc1c59258406374c2e76,2026-09-13T13:00:00Z,Lecce,Monza,matchbook,totals,Over,2.5,2.36,2026-09-13T10:54:12Z
2026-09-13T1054,e66df35062d3cc1c59258406374c2e76,2026-09-13T13:00:00Z,Lecce,Monza,matchbook,totals,Under,2.5,1.73,2026-09-13T10:54:12Z
2026-09-13T1054,e66df35062d3cc1c59258406374c2e76,2026-09-13T13:00:00Z,Lecce,Monza,gtbets,h2h,Lecce,,2.77,2026-09-13T10:53:30Z
2026-09-13T1054,e66df35062d3cc1c59258406374c2e76,2026-09-13T13:00:00Z,Lecce,Monza,gtbets,h2h,Monza,,2.67,2026-09-13T10:53:30Z
2026-09-13T1054,e66df35062d3cc1c59258406374c2e76,2026-09-13T13:00:00Z,Lecce,Monza,gtbets,h2h,Draw,,3.16,2026-09-13T10:53:30Z
2026-09-13T1054,e66df35062d3cc1c59258406374c2e76,2026-09-13T13:00:00Z,Lecce,Monza,gtbets,totals,Over,2.5,2.22,2026-09-13T10:53:30Z
2026-09-13T1054,e66df35062d3cc1c59258406374c2e76,2026-09-13T13:00:00Z,Lecce,Monza,gtbets,totals,Under,2.5,1.64,2026-09-13T10:53:30Z
2026-09-13T1054,e66df35062d3cc1c59258406374c2e76,2026-09-13T13:00:00Z,Lecce,Monza,betonlineag,h2h,Lecce,,2.86,2026-09-13T10:53:29Z
2026-09-13T1054,e66df35062d3cc1c59258406374c2e76,2026-09-13T13:00:00Z,Lecce,Monza,betonlineag,h2h,Monza,,2.75,2026-09-13T10:53:29Z
2026-09-13T1054,e66df35062d3cc1c59258406374c2e76,2026-09-13T13:00:00Z,Lecce,Monza,betonlineag,h2h,Draw,,3.12,2026-09-13T10:53:29Z
2026-09-13T1054,e66df35062d3cc1c59258406374c2e76,2026-09-13T13:00:00Z,Lecce,Monza,coolbet,h2h,Lecce,,2.86,2026-09-13T10:53:30Z
2026-09-13T1054,e66df35062d3cc1c59258406374c2e76,2026-09-13T13:00:00Z,Lecce,Monza,coolbet,h2h,Monza,,2.87,2026-09-13T10:53:30Z
2026-09-13T1054,e66df35062d3cc1c59258406374c2e76,2026-09-13T13:00:00Z,Lecce,Monza,coolbet,h2h,Draw,,3.1,2026-09-13T10:53:30Z
2026-09-13T1054,e66df35062d3cc1c59258406374c2e76,2026-09-13T13:00:00Z,Lecce,Monza,coolbet,totals,Over,2.5,2.26,2026-09-13T10:53:30Z
2026-09-13T1054,e66df35062d3cc1c59258406374c2e76,2026-09-13T13:00:00Z,Lecce,Monza,coolbet,totals,Under,2.5,1.7,2026-09-13T10:53:30Z
2026-09-13T1054,e66df35062d3cc1c59258406374c2e76,2026-09-13T13:00:00Z,Lecce,Monza,betanysports,h2h,Lecce,,2.75,2026-09-13T10:53:51Z
2026-09-13T1054,e66df35062d3cc1c59258406374c2e76,2026-09-13T13:00:00Z,Lecce,Monza,betanysports,h2h,Monza,,2.75,2026-09-13T10:53:51Z
2026-09-13T1054,e66df35062d3cc1c59258406374c2e76,2026-09-13T13:00:00Z,Lecce,Monza,betanysports,h2h,Draw,,3.05,2026-09-13T10:53:51Z
2026-09-13T1054,27eaaab4498bb2984321e5f81f0ff9fd,2026-09-13T16:00:00Z,Napoli,Bologna,winamax_fr,h2h,Bologna,,3.8,2026-09-13T10:53:52Z
2026-09-13T1054,27eaaab4498bb2984321e5f81f0ff9fd,2026-09-13T16:00:00Z,Napoli,Bologna,winamax_fr,h2h,Napoli,,1.84,2026-09-13T10:53:52Z
2026-09-13T1054,27eaaab4498bb2984321e5f81f0ff9fd,2026-09-13T16:00:00Z,Napoli,Bologna,winamax_fr,h2h,Draw,,3.5,2026-09-13T10:53:52Z
2026-09-13T1054,27eaaab4498bb2984321e5f81f0ff9fd,2026-09-13T16:00:00Z,Napoli,Bologna,onexbet,h2h,Bologna,,4.34,2026-09-13T10:54:12Z
2026-09-13T1054,27eaaab4498bb2984321e5f81f0ff9fd,2026-09-13T16:00:00Z,Napoli,Bologna,onexbet,h2h,Napoli,,1.95,2026-09-13T10:54:12Z
2026-09-13T1054,27eaaab4498bb2984321e5f81f0ff9fd,2026-09-13T16:00:00Z,Napoli,Bologna,onexbet,h2h,Draw,,3.67,2026-09-13T10:54:12Z
2026-09-13T1054,27eaaab4498bb2984321e5f81f0ff9fd,2026-09-13T16:00:00Z,Napoli,Bologna,onexbet,totals,Over,2.5,1.99,2026-09-13T10:54:12Z
2026-09-13T1054,27eaaab4498bb2984321e5f81f0ff9fd,2026-09-13T16:00:00Z,Napoli,Bologna,onexbet,totals,Under,2.5,1.96,2026-09-13T10:54:12Z
2026-09-13T1054,27eaaab4498bb2984321e5f81f0ff9fd,2026-09-13T16:00:00Z,Napoli,Bologna,leovegas,h2h,Bologna,,3.95,2026-09-13T10:53:51Z
2026-09-13T1054,27eaaab4498bb2984321e5f81f0ff9fd,2026-09-13T16:00:00Z,Napoli,Bologna,leovegas,h2h,Napoli,,1.88,2026-09-13T10:53:51Z
2026-09-13T1054,27eaaab4498bb2984321e5f81f0ff9fd,2026-09-13T16:00:00Z,Napoli,Bologna,leovegas,h2h,Draw,,3.5,2026-09-13T10:53:51Z
2026-09-13T1054,27eaaab4498bb2984321e5f81f0ff9fd,2026-09-13T16:00:00Z,Napoli,Bologna,leovegas,totals,Over,2.5,1.88,2026-09-13T10:53:51Z
2026-09-13T1054,27eaaab4498bb2984321e5f81f0ff9fd,2026-09-13T16:00:00Z,Napoli,Bologna,leovegas,totals,Under,2.5,1.85,2026-09-13T10:53:51Z
2026-09-13T1054,27eaaab4498bb2984321e5f81f0ff9fd,2026-09-13T16:00:00Z,Napoli,Bologna,winamax_de,h2h,Bologna,,3.9,2026-09-13T10:52:28Z
2026-09-13T1054,27eaaab4498bb2984321e5f81f0ff9fd,2026-09-13T16:00:00Z,Napoli,Bologna,winamax_de,h2h,Napoli,,1.88,2026-09-13T10:52:28Z
2026-09-13T1054,27eaaab4498bb2984321e5f81f0ff9fd,2026-09-13T16:00:00Z,Napoli,Bologna,winamax_de,h2h,Draw,,3.6,2026-09-13T10:52:28Z
2026-09-13T1054,27eaaab4498bb2984321e5f81f0ff9fd,2026-09-13T16:00:00Z,Napoli,Bologna,codere_it,h2h,Bologna,,4.1,2026-09-13T10:53:51Z
2026-09-13T1054,27eaaab4498bb2984321e5f81f0ff9fd,2026-09-13T16:00:00Z,Napoli,Bologna,codere_it,h2h,Napoli,,1.92,2026-09-13T10:53:51Z
2026-09-13T1054,27eaaab4498bb2984321e5f81f0ff9fd,2026-09-13T16:00:00Z,Napoli,Bologna,codere_it,h2h,Draw,,3.55,2026-09-13T10:53:51Z
2026-09-13T1054,27eaaab4498bb2984321e5f81f0ff9fd,2026-09-13T16:00:00Z,Napoli,Bologna,codere_it,totals,Over,2.5,1.85,2026-09-13T10:53:51Z
2026-09-13T1054,27eaaab4498bb2984321e5f81f0ff9fd,2026-09-13T16:00:00Z,Napoli,Bologna,codere_it,totals,Under,2.5,1.82,2026-09-13T10:53:51Z
2026-09-13T1054,27eaaab4498bb2984321e5f81f0ff9fd,2026-09-13T16:00:00Z,Napoli,Bologna,unibet_uk,h2h,Bologna,,4.0,2026-09-13T10:53:29Z
2026-09-13T1054,27eaaab4498bb2984321e5f81f0ff9fd,2026-09-13T16:00:00Z,Napoli,Bologna,unibet_uk,h2h,Napoli,,1.91,2026-09-13T10:53:29Z
2026-09-13T1054,27eaaab4498bb2984321e5f81f0ff9fd,2026-09-13T16:00:00Z,Napoli,Bologna,unibet_uk,h2h,Draw,,3.5,2026-09-13T10:53:29Z
2026-09-13T1054,27eaaab4498bb2984321e5f81f0ff9fd,2026-09-13T16:00:00Z,Napoli,Bologna,unibet_fr,h2h,Bologna,,3.9,2026-09-13T10:54:13Z
2026-09-13T1054,27eaaab4498bb2984321e5f81f0ff9fd,2026-09-13T16:00:00Z,Napoli,Bologna,unibet_fr,h2h,Napoli,,1.8,2026-09-13T10:54:13Z
2026-09-13T1054,27eaaab4498bb2984321e5f81f0ff9fd,2026-09-13T16:00:00Z,Napoli,Bologna,unibet_fr,h2h,Draw,,3.4,2026-09-13T10:54:13Z
2026-09-13T1054,27eaaab4498bb2984321e5f81f0ff9fd,2026-09-13T16:00:00Z,Napoli,Bologna,tipico_de,h2h,Bologna,,4.3,2026-09-13T10:54:14Z
2026-09-13T1054,27eaaab4498bb2984321e5f81f0ff9fd,2026-09-13T16:00:00Z,Napoli,Bologna,tipico_de,h2h,Napoli,,1.85,2026-09-13T10:54:14Z
2026-09-13T1054,27eaaab4498bb2984321e5f81f0ff9fd,2026-09-13T16:00:00Z,Napoli,Bologna,tipico_de,h2h,Draw,,3.5,2026-09-13T10:54:14Z
2026-09-13T1054,27eaaab4498bb2984321e5f81f0ff9fd,2026-09-13T16:00:00Z,Napoli,Bologna,tipico_de,totals,Over,2.5,1.85,2026-09-13T10:54:14Z
2026-09-13T1054,27eaaab4498bb2984321e5f81f0ff9fd,2026-09-13T16:00:00Z,Napoli,Bologna,tipico_de,totals,Under,2.5,1.9,2026-09-13T10:54:14Z
2026-09-13T1054,27eaaab4498bb2984321e5f81f0ff9fd,2026-09-13T16:00:00Z,Napoli,Bologna,skybet,h2h,Bologna,,4.2,2026-09-13T10:53:51Z
2026-09-13T1054,27eaaab4498bb2984321e5f81f0ff9fd,2026-09-13T16:00:00Z,Napoli,Bologna,skybet,h2h,Napoli,,1.87,2026-09-13T10:53:51Z
2026-09-13T1054,27eaaab4498bb2984321e5f81f0ff9fd,2026-09-13T16:00:00Z,Napoli,Bologna,skybet,h2h,Draw,,3.5,2026-09-13T10:53:51Z
2026-09-13T1054,27eaaab4498bb2984321e5f81f0ff9fd,2026-09-13T16:00:00Z,Napoli,Bologna,betclic_fr,h2h,Bologna,,4.0,2026-09-13T10:52:40Z
2026-09-13T1054,27eaaab4498bb2984321e5f81f0ff9fd,2026-09-13T16:00:00Z,Napoli,Bologna,betclic_fr,h2h,Napoli,,1.88,2026-09-13T10:52:40Z
2026-09-13T1054,27eaaab4498bb2984321e5f81f0ff9fd,2026-09-13T16:00:00Z,Napoli,Bologna,betclic_fr,h2h,Draw,,3.48,2026-09-13T10:52:40Z
2026-09-13T1054,27eaaab4498bb2984321e5f81f0ff9fd,2026-09-13T16:00:00Z,Napoli,Bologna,paddypower,h2h,Bologna,,4.2,2026-09-13T10:53:09Z
2026-09-13T1054,27eaaab4498bb2984321e5f81f0ff9fd,2026-09-13T16:00:00Z,Napoli,Bologna,paddypower,h2h,Napoli,,1.87,2026-09-13T10:53:09Z
2026-09-13T1054,27eaaab4498bb2984321e5f81f0ff9fd,2026-09-13T16:00:00Z,Napoli,Bologna,paddypower,h2h,Draw,,3.4,2026-09-13T10:53:09Z
2026-09-13T1054,27eaaab4498bb2984321e5f81f0ff9fd,2026-09-13T16:00:00Z,Napoli,Bologna,betfred_uk,h2h,Bologna,,4.33,2026-09-13T10:54:13Z
2026-09-13T1054,27eaaab4498bb2984321e5f81f0ff9fd,2026-09-13T16:00:00Z,Napoli,Bologna,betfred_uk,h2h,Napoli,,1.83,2026-09-13T10:54:13Z
2026-09-13T1054,27eaaab4498bb2984321e5f81f0ff9fd,2026-09-13T16:00:00Z,Napoli,Bologna,betfred_uk,h2h,Draw,,3.6,2026-09-13T10:54:13Z
2026-09-13T1054,27eaaab4498bb2984321e5f81f0ff9fd,2026-09-13T16:00:00Z,Napoli,Bologna,marathonbet,h2h,Bologna,,4.25,2026-09-13T10:53:53Z
2026-09-13T1054,27eaaab4498bb2984321e5f81f0ff9fd,2026-09-13T16:00:00Z,Napoli,Bologna,marathonbet,h2h,Napoli,,1.91,2026-09-13T10:53:53Z
2026-09-13T1054,27eaaab4498bb2984321e5f81f0ff9fd,2026-09-13T16:00:00Z,Napoli,Bologna,marathonbet,h2h,Draw,,3.6,2026-09-13T10:53:53Z
2026-09-13T1054,27eaaab4498bb2984321e5f81f0ff9fd,2026-09-13T16:00:00Z,Napoli,Bologna,coral,h2h,Bologna,,4.0,2026-09-13T10:53:29Z
2026-09-13T1054,27eaaab4498bb2984321e5f81f0ff9fd,2026-09-13T16:00:00Z,Napoli,Bologna,coral,h2h,Napoli,,1.91,2026-09-13T10:53:29Z
2026-09-13T1054,27eaaab4498bb2984321e5f81f0ff9fd,2026-09-13T16:00:00Z,Napoli,Bologna,coral,h2h,Draw,,3.5,2026-09-13T10:53:29Z
2026-09-13T1054,27eaaab4498bb2984321e5f81f0ff9fd,2026-09-13T16:00:00Z,Napoli,Bologna,sport888,h2h,Bologna,,3.9,2026-09-13T10:53:28Z
2026-09-13T1054,27eaaab4498bb2984321e5f81f0ff9fd,2026-09-13T16:00:00Z,Napoli,Bologna,sport888,h2h,Napoli,,1.85,2026-09-13T10:53:28Z
2026-09-13T1054,27eaaab4498bb2984321e5f81f0ff9fd,2026-09-13T16:00:00Z,Napoli,Bologna,sport888,h2h,Draw,,3.4,2026-09-13T10:53:28Z
2026-09-13T1054,27eaaab4498bb2984321e5f81f0ff9fd,2026-09-13T16:00:00Z,Napoli,Bologna,ladbrokes_uk,h2h,Bologna,,4.0,2026-09-13T10:53:51Z
2026-09-13T1054,27eaaab4498bb2984321e5f81f0ff9fd,2026-09-13T16:00:00Z,Napoli,Bologna,ladbrokes_uk,h2h,Napoli,,1.91,2026-09-13T10:53:51Z
2026-09-13T1054,27eaaab4498bb2984321e5f81f0ff9fd,2026-09-13T16:00:00Z,Napoli,Bologna,ladbrokes_uk,h2h,Draw,,3.5,2026-09-13T10:53:51Z
2026-09-13T1054,27eaaab4498bb2984321e5f81f0ff9fd,2026-09-13T16:00:00Z,Napoli,Bologna,williamhill,h2h,Bologna,,3.9,2026-09-13T10:53:51Z
2026-09-13T1054,27eaaab4498bb2984321e5f81f0ff9fd,2026-09-13T16:00:00Z,Napoli,Bologna,williamhill,h2h,Napoli,,1.85,2026-09-13T10:53:51Z
2026-09-13T1054,27eaaab4498bb2984321e5f81f0ff9fd,2026-09-13T16:00:00Z,Napoli,Bologna,williamhill,h2h,Draw,,3.4,2026-09-13T10:53:51Z
2026-09-13T1054,27eaaab4498bb2984321e5f81f0ff9fd,2026-09-13T16:00:00Z,Napoli,Bologna,williamhill,totals,Over,2.5,1.95,2026-09-13T10:53:51Z
2026-09-13T1054,27eaaab4498bb2984321e5f81f0ff9fd,2026-09-13T16:00:00Z,Napoli,Bologna,williamhill,totals,Under,2.5,1.83,2026-09-13T10:53:51Z
2026-09-13T1054,27eaaab4498bb2984321e5f81f0ff9fd,2026-09-13T16:00:00Z,Napoli,Bologna,betway,h2h,Bologna,,4.0,2026-09-13T10:53:52Z
2026-09-13T1054,27eaaab4498bb2984321e5f81f0ff9fd,2026-09-13T16:00:00Z,Napoli,Bologna,betway,h2h,Napoli,,1.91,2026-09-13T10:53:52Z
2026-09-13T1054,27eaaab4498bb2984321e5f81f0ff9fd,2026-09-13T16:00:00Z,Napoli,Bologna,betway,h2h,Draw,,3.5,2026-09-13T10:53:52Z
2026-09-13T1054,27eaaab4498bb2984321e5f81f0ff9fd,2026-09-13T16:00:00Z,Napoli,Bologna,pinnacle,h2h,Bologna,,4.25,2026-09-13T10:54:12Z
2026-09-13T1054,27eaaab4498bb2984321e5f81f0ff9fd,2026-09-13T16:00:00Z,Napoli,Bologna,pinnacle,h2h,Napoli,,1.94,2026-09-13T10:54:12Z
2026-09-13T1054,27eaaab4498bb2984321e5f81f0ff9fd,2026-09-13T16:00:00Z,Napoli,Bologna,pinnacle,h2h,Draw,,3.58,2026-09-13T10:54:12Z
2026-09-13T1054,27eaaab4498bb2984321e5f81f0ff9fd,2026-09-13T16:00:00Z,Napoli,Bologna,pinnacle,totals,Over,2.5,1.96,2026-09-13T10:54:12Z
2026-09-13T1054,27eaaab4498bb2984321e5f81f0ff9fd,2026-09-13T16:00:00Z,Napoli,Bologna,pinnacle,totals,Under,2.5,1.94,2026-09-13T10:54:12Z
2026-09-13T1054,27eaaab4498bb2984321e5f81f0ff9fd,2026-09-13T16:00:00Z,Napoli,Bologna,smarkets,h2h,Bologna,,4.5,2026-09-13T10:54:13Z
2026-09-13T1054,27eaaab4498bb2984321e5f81f0ff9fd,2026-09-13T16:00:00Z,Napoli,Bologna,smarkets,h2h,Napoli,,1.97,2026-09-13T10:54:13Z
2026-09-13T1054,27eaaab4498bb2984321e5f81f0ff9fd,2026-09-13T16:00:00Z,Napoli,Bologna,smarkets,h2h,Draw,,3.65,2026-09-13T10:54:13Z
2026-09-13T1054,27eaaab4498bb2984321e5f81f0ff9fd,2026-09-13T16:00:00Z,Napoli,Bologna,smarkets,h2h_lay,Bologna,,4.6,2026-09-13T10:54:13Z
2026-09-13T1054,27eaaab4498bb2984321e5f81f0ff9fd,2026-09-13T16:00:00Z,Napoli,Bologna,smarkets,h2h_lay,Napoli,,1.98,2026-09-13T10:54:13Z
2026-09-13T1054,27eaaab4498bb2984321e5f81f0ff9fd,2026-09-13T16:00:00Z,Napoli,Bologna,smarkets,h2h_lay,Draw,,3.7,2026-09-13T10:54:13Z
2026-09-13T1054,27eaaab4498bb2984321e5f81f0ff9fd,2026-09-13T16:00:00Z,Napoli,Bologna,betfair_ex_eu,h2h,Bologna,,4.5,2026-09-13T10:53:51Z
2026-09-13T1054,27eaaab4498bb2984321e5f81f0ff9fd,2026-09-13T16:00:00Z,Napoli,Bologna,betfair_ex_eu,h2h,Napoli,,1.97,2026-09-13T10:53:51Z
2026-09-13T1054,27eaaab4498bb2984321e5f81f0ff9fd,2026-09-13T16:00:00Z,Napoli,Bologna,betfair_ex_eu,h2h,Draw,,3.65,2026-09-13T10:53:51Z
2026-09-13T1054,27eaaab4498bb2984321e5f81f0ff9fd,2026-09-13T16:00:00Z,Napoli,Bologna,betfair_ex_eu,h2h_lay,Bologna,,4.6,2026-09-13T10:53:51Z
2026-09-13T1054,27eaaab4498bb2984321e5f81f0ff9fd,2026-09-13T16:00:00Z,Napoli,Bologna,betfair_ex_eu,h2h_lay,Napoli,,1.98,2026-09-13T10:53:51Z
2026-09-13T1054,27eaaab4498bb2984321e5f81f0ff9fd,2026-09-13T16:00:00Z,Napoli,Bologna,betfair_ex_eu,h2h_lay,Draw,,3.7,2026-09-13T10:53:51Z
2026-09-13T1054,27eaaab4498bb2984321e5f81f0ff9fd,2026-09-13T16:00:00Z,Napoli,Bologna,betfair_ex_uk,h2h,Bologna,,4.5,2026-09-13T10:54:15Z
2026-09-13T1054,27eaaab4498bb2984321e5f81f0ff9fd,2026-09-13T16:00:00Z,Napoli,Bologna,betfair_ex_uk,h2h,Napoli,,1.97,2026-09-13T10:54:15Z
2026-09-13T1054,27eaaab4498bb2984321e5f81f0ff9fd,2026-09-13T16:00:00Z,Napoli,Bologna,betfair_ex_uk,h2h,Draw,,3.65,2026-09-13T10:54:15Z
2026-09-13T1054,27eaaab4498bb2984321e5f81f0ff9fd,2026-09-13T16:00:00Z,Napoli,Bologna,betfair_ex_uk,h2h_lay,Bologna,,4.6,2026-09-13T10:54:15Z
2026-09-13T1054,27eaaab4498bb2984321e5f81f0ff9fd,2026-09-13T16:00:00Z,Napoli,Bologna,betfair_ex_uk,h2h_lay,Napoli,,1.98,2026-09-13T10:54:15Z
2026-09-13T1054,27eaaab4498bb2984321e5f81f0ff9fd,2026-09-13T16:00:00Z,Napoli,Bologna,betfair_ex_uk,h2h_lay,Draw,,3.7,2026-09-13T10:54:15Z
2026-09-13T1054,27eaaab4498bb2984321e5f81f0ff9fd,2026-09-13T16:00:00Z,Napoli,Bologna,virginbet,h2h,Bologna,,3.95,2026-09-13T10:54:13Z
2026-09-13T1054,27eaaab4498bb2984321e5f81f0ff9fd,2026-09-13T16:00:00Z,Napoli,Bologna,virginbet,h2h,Napoli,,1.86,2026-09-13T10:54:13Z
2026-09-13T1054,27eaaab4498bb2984321e5f81f0ff9fd,2026-09-13T16:00:00Z,Napoli,Bologna,virginbet,h2h,Draw,,3.45,2026-09-13T10:54:13Z
2026-09-13T1054,27eaaab4498bb2984321e5f81f0ff9fd,2026-09-13T16:00:00Z,Napoli,Bologna,livescorebet,h2h,Bologna,,3.95,2026-09-13T10:53:51Z
2026-09-13T1054,27eaaab4498bb2984321e5f81f0ff9fd,2026-09-13T16:00:00Z,Napoli,Bologna,livescorebet,h2h,Napoli,,1.86,2026-09-13T10:53:51Z
2026-09-13T1054,27eaaab4498bb2984321e5f81f0ff9fd,2026-09-13T16:00:00Z,Napoli,Bologna,livescorebet,h2h,Draw,,3.45,2026-09-13T10:53:51Z
2026-09-13T1054,27eaaab4498bb2984321e5f81f0ff9fd,2026-09-13T16:00:00Z,Napoli,Bologna,pmu_fr,h2h,Bologna,,4.0,2026-09-13T10:53:29Z
2026-09-13T1054,27eaaab4498bb2984321e5f81f0ff9fd,2026-09-13T16:00:00Z,Napoli,Bologna,pmu_fr,h2h,Napoli,,1.85,2026-09-13T10:53:29Z
2026-09-13T1054,27eaaab4498bb2984321e5f81f0ff9fd,2026-09-13T16:00:00Z,Napoli,Bologna,pmu_fr,h2h,Draw,,3.4,2026-09-13T10:53:29Z
2026-09-13T1054,27eaaab4498bb2984321e5f81f0ff9fd,2026-09-13T16:00:00Z,Napoli,Bologna,pmu_fr,totals,Over,2.5,1.85,2026-09-13T10:53:29Z
2026-09-13T1054,27eaaab4498bb2984321e5f81f0ff9fd,2026-09-13T16:00:00Z,Napoli,Bologna,pmu_fr,totals,Under,2.5,1.71,2026-09-13T10:53:29Z
2026-09-13T1054,27eaaab4498bb2984321e5f81f0ff9fd,2026-09-13T16:00:00Z,Napoli,Bologna,grosvenor,h2h,Bologna,,4.1,2026-09-13T10:53:51Z
2026-09-13T1054,27eaaab4498bb2984321e5f81f0ff9fd,2026-09-13T16:00:00Z,Napoli,Bologna,grosvenor,h2h,Napoli,,1.88,2026-09-13T10:53:51Z
2026-09-13T1054,27eaaab4498bb2984321e5f81f0ff9fd,2026-09-13T16:00:00Z,Napoli,Bologna,grosvenor,h2h,Draw,,3.55,2026-09-13T10:53:51Z
2026-09-13T1054,27eaaab4498bb2984321e5f81f0ff9fd,2026-09-13T16:00:00Z,Napoli,Bologna,grosvenor,totals,Over,2.5,1.95,2026-09-13T10:53:51Z
2026-09-13T1054,27eaaab4498bb2984321e5f81f0ff9fd,2026-09-13T16:00:00Z,Napoli,Bologna,grosvenor,totals,Under,2.5,1.81,2026-09-13T10:53:51Z
2026-09-13T1054,27eaaab4498bb2984321e5f81f0ff9fd,2026-09-13T16:00:00Z,Napoli,Bologna,unibet_nl,h2h,Bologna,,4.3,2026-09-13T10:53:29Z
2026-09-13T1054,27eaaab4498bb2984321e5f81f0ff9fd,2026-09-13T16:00:00Z,Napoli,Bologna,unibet_nl,h2h,Napoli,,1.93,2026-09-13T10:53:29Z
2026-09-13T1054,27eaaab4498bb2984321e5f81f0ff9fd,2026-09-13T16:00:00Z,Napoli,Bologna,unibet_nl,h2h,Draw,,3.65,2026-09-13T10:53:29Z
2026-09-13T1054,27eaaab4498bb2984321e5f81f0ff9fd,2026-09-13T16:00:00Z,Napoli,Bologna,unibet_nl,totals,Over,2.5,1.95,2026-09-13T10:53:29Z
2026-09-13T1054,27eaaab4498bb2984321e5f81f0ff9fd,2026-09-13T16:00:00Z,Napoli,Bologna,unibet_nl,totals,Under,2.5,1.81,2026-09-13T10:53:29Z
2026-09-13T1054,27eaaab4498bb2984321e5f81f0ff9fd,2026-09-13T16:00:00Z,Napoli,Bologna,casumo,h2h,Bologna,,4.1,2026-09-13T10:53:51Z
2026-09-13T1054,27eaaab4498bb2984321e5f81f0ff9fd,2026-09-13T16:00:00Z,Napoli,Bologna,casumo,h2h,Napoli,,1.85,2026-09-13T10:53:51Z
2026-09-13T1054,27eaaab4498bb2984321e5f81f0ff9fd,2026-09-13T16:00:00Z,Napoli,Bologna,casumo,h2h,Draw,,3.45,2026-09-13T10:53:51Z
2026-09-13T1054,27eaaab4498bb2984321e5f81f0ff9fd,2026-09-13T16:00:00Z,Napoli,Bologna,casumo,totals,Over,2.5,1.95,2026-09-13T10:53:51Z
2026-09-13T1054,27eaaab4498bb2984321e5f81f0ff9fd,2026-09-13T16:00:00Z,Napoli,Bologna,casumo,totals,Under,2.5,1.81,2026-09-13T10:53:51Z
2026-09-13T1054,27eaaab4498bb2984321e5f81f0ff9fd,2026-09-13T16:00:00Z,Napoli,Bologna,leovegas_se,h2h,Bologna,,3.95,2026-09-13T10:54:12Z
2026-09-13T1054,27eaaab4498bb2984321e5f81f0ff9fd,2026-09-13T16:00:00Z,Napoli,Bologna,leovegas_se,h2h,Napoli,,1.83,2026-09-13T10:54:12Z
2026-09-13T1054,27eaaab4498bb2984321e5f81f0ff9fd,2026-09-13T16:00:00Z,Napoli,Bologna,leovegas_se,h2h,Draw,,3.4,2026-09-13T10:54:12Z
2026-09-13T1054,27eaaab4498bb2984321e5f81f0ff9fd,2026-09-13T16:00:00Z,Napoli,Bologna,leovegas_se,totals,Over,2.5,1.97,2026-09-13T10:54:12Z
2026-09-13T1054,27eaaab4498bb2984321e5f81f0ff9fd,2026-09-13T16:00:00Z,Napoli,Bologna,leovegas_se,totals,Under,2.5,1.83,2026-09-13T10:54:12Z
2026-09-13T1054,27eaaab4498bb2984321e5f81f0ff9fd,2026-09-13T16:00:00Z,Napoli,Bologna,unibet_se,h2h,Bologna,,4.3,2026-09-13T10:53:29Z
2026-09-13T1054,27eaaab4498bb2984321e5f81f0ff9fd,2026-09-13T16:00:00Z,Napoli,Bologna,unibet_se,h2h,Napoli,,1.93,2026-09-13T10:53:29Z
2026-09-13T1054,27eaaab4498bb2984321e5f81f0ff9fd,2026-09-13T16:00:00Z,Napoli,Bologna,unibet_se,h2h,Draw,,3.65,2026-09-13T10:53:29Z
2026-09-13T1054,27eaaab4498bb2984321e5f81f0ff9fd,2026-09-13T16:00:00Z,Napoli,Bologna,unibet_se,totals,Over,2.5,1.97,2026-09-13T10:53:29Z
2026-09-13T1054,27eaaab4498bb2984321e5f81f0ff9fd,2026-09-13T16:00:00Z,Napoli,Bologna,unibet_se,totals,Under,2.5,1.83,2026-09-13T10:53:29Z
2026-09-13T1054,27eaaab4498bb2984321e5f81f0ff9fd,2026-09-13T16:00:00Z,Napoli,Bologna,boylesports,h2h,Bologna,,3.8,2026-09-13T10:53:30Z
2026-09-13T1054,27eaaab4498bb2984321e5f81f0ff9fd,2026-09-13T16:00:00Z,Napoli,Bologna,boylesports,h2h,Napoli,,1.83,2026-09-13T10:53:30Z
2026-09-13T1054,27eaaab4498bb2984321e5f81f0ff9fd,2026-09-13T16:00:00Z,Napoli,Bologna,boylesports,h2h,Draw,,3.4,2026-09-13T10:53:30Z
2026-09-13T1054,27eaaab4498bb2984321e5f81f0ff9fd,2026-09-13T16:00:00Z,Napoli,Bologna,nordicbet,h2h,Bologna,,4.1,2026-09-13T10:52:27Z
2026-09-13T1054,27eaaab4498bb2984321e5f81f0ff9fd,2026-09-13T16:00:00Z,Napoli,Bologna,nordicbet,h2h,Napoli,,1.9,2026-09-13T10:52:27Z
2026-09-13T1054,27eaaab4498bb2984321e5f81f0ff9fd,2026-09-13T16:00:00Z,Napoli,Bologna,nordicbet,h2h,Draw,,3.45,2026-09-13T10:52:27Z
2026-09-13T1054,27eaaab4498bb2984321e5f81f0ff9fd,2026-09-13T16:00:00Z,Napoli,Bologna,nordicbet,totals,Over,2.5,1.9,2026-09-13T10:52:27Z
2026-09-13T1054,27eaaab4498bb2984321e5f81f0ff9fd,2026-09-13T16:00:00Z,Napoli,Bologna,nordicbet,totals,Under,2.5,1.85,2026-09-13T10:52:27Z
2026-09-13T1054,27eaaab4498bb2984321e5f81f0ff9fd,2026-09-13T16:00:00Z,Napoli,Bologna,betsson,h2h,Bologna,,4.1,2026-09-13T10:53:30Z
2026-09-13T1054,27eaaab4498bb2984321e5f81f0ff9fd,2026-09-13T16:00:00Z,Napoli,Bologna,betsson,h2h,Napoli,,1.9,2026-09-13T10:53:30Z
2026-09-13T1054,27eaaab4498bb2984321e5f81f0ff9fd,2026-09-13T16:00:00Z,Napoli,Bologna,betsson,h2h,Draw,,3.45,2026-09-13T10:53:30Z
2026-09-13T1054,27eaaab4498bb2984321e5f81f0ff9fd,2026-09-13T16:00:00Z,Napoli,Bologna,betsson,totals,Over,2.5,1.9,2026-09-13T10:53:30Z
2026-09-13T1054,27eaaab4498bb2984321e5f81f0ff9fd,2026-09-13T16:00:00Z,Napoli,Bologna,betsson,totals,Under,2.5,1.85,2026-09-13T10:53:30Z
2026-09-13T1054,27eaaab4498bb2984321e5f81f0ff9fd,2026-09-13T16:00:00Z,Napoli,Bologna,everygame,h2h,Bologna,,4.1,2026-09-13T10:53:03Z
2026-09-13T1054,27eaaab4498bb2984321e5f81f0ff9fd,2026-09-13T16:00:00Z,Napoli,Bologna,everygame,h2h,Napoli,,1.91,2026-09-13T10:53:03Z
2026-09-13T1054,27eaaab4498bb2984321e5f81f0ff9fd,2026-09-13T16:00:00Z,Napoli,Bologna,everygame,h2h,Draw,,3.5,2026-09-13T10:53:03Z
2026-09-13T1054,27eaaab4498bb2984321e5f81f0ff9fd,2026-09-13T16:00:00Z,Napoli,Bologna,betano_uk,h2h,Bologna,,4.0,2026-09-13T10:52:17Z
2026-09-13T1054,27eaaab4498bb2984321e5f81f0ff9fd,2026-09-13T16:00:00Z,Napoli,Bologna,betano_uk,h2h,Napoli,,1.87,2026-09-13T10:52:17Z
2026-09-13T1054,27eaaab4498bb2984321e5f81f0ff9fd,2026-09-13T16:00:00Z,Napoli,Bologna,betano_uk,h2h,Draw,,3.6,2026-09-13T10:52:17Z
2026-09-13T1054,27eaaab4498bb2984321e5f81f0ff9fd,2026-09-13T16:00:00Z,Napoli,Bologna,betvictor,h2h,Bologna,,4.0,2026-09-13T10:53:44Z
2026-09-13T1054,27eaaab4498bb2984321e5f81f0ff9fd,2026-09-13T16:00:00Z,Napoli,Bologna,betvictor,h2h,Napoli,,1.87,2026-09-13T10:53:44Z
2026-09-13T1054,27eaaab4498bb2984321e5f81f0ff9fd,2026-09-13T16:00:00Z,Napoli,Bologna,betvictor,h2h,Draw,,3.6,2026-09-13T10:53:44Z
2026-09-13T1054,27eaaab4498bb2984321e5f81f0ff9fd,2026-09-13T16:00:00Z,Napoli,Bologna,matchbook,h2h,Bologna,,4.5,2026-09-13T10:54:12Z
2026-09-13T1054,27eaaab4498bb2984321e5f81f0ff9fd,2026-09-13T16:00:00Z,Napoli,Bologna,matchbook,h2h,Napoli,,1.98,2026-09-13T10:54:12Z
2026-09-13T1054,27eaaab4498bb2984321e5f81f0ff9fd,2026-09-13T16:00:00Z,Napoli,Bologna,matchbook,h2h,Draw,,3.65,2026-09-13T10:54:12Z
2026-09-13T1054,27eaaab4498bb2984321e5f81f0ff9fd,2026-09-13T16:00:00Z,Napoli,Bologna,matchbook,h2h_lay,Bologna,,4.6,2026-09-13T10:54:12Z
2026-09-13T1054,27eaaab4498bb2984321e5f81f0ff9fd,2026-09-13T16:00:00Z,Napoli,Bologna,matchbook,h2h_lay,Napoli,,1.99,2026-09-13T10:54:12Z
2026-09-13T1054,27eaaab4498bb2984321e5f81f0ff9fd,2026-09-13T16:00:00Z,Napoli,Bologna,matchbook,h2h_lay,Draw,,3.7,2026-09-13T10:54:12Z
2026-09-13T1054,27eaaab4498bb2984321e5f81f0ff9fd,2026-09-13T16:00:00Z,Napoli,Bologna,matchbook,totals,Over,2.5,2.0,2026-09-13T10:54:12Z
2026-09-13T1054,27eaaab4498bb2984321e5f81f0ff9fd,2026-09-13T16:00:00Z,Napoli,Bologna,matchbook,totals,Under,2.5,1.97,2026-09-13T10:54:12Z
2026-09-13T1054,27eaaab4498bb2984321e5f81f0ff9fd,2026-09-13T16:00:00Z,Napoli,Bologna,betfair_sb_uk,h2h,Bologna,,4.33,2026-09-13T10:54:13Z
2026-09-13T1054,27eaaab4498bb2984321e5f81f0ff9fd,2026-09-13T16:00:00Z,Napoli,Bologna,betfair_sb_uk,h2h,Napoli,,1.91,2026-09-13T10:54:13Z
2026-09-13T1054,27eaaab4498bb2984321e5f81f0ff9fd,2026-09-13T16:00:00Z,Napoli,Bologna,betfair_sb_uk,h2h,Draw,,3.5,2026-09-13T10:54:13Z
2026-09-13T1054,27eaaab4498bb2984321e5f81f0ff9fd,2026-09-13T16:00:00Z,Napoli,Bologna,gtbets,h2h,Bologna,,4.11,2026-09-13T10:53:30Z
2026-09-13T1054,27eaaab4498bb2984321e5f81f0ff9fd,2026-09-13T16:00:00Z,Napoli,Bologna,gtbets,h2h,Napoli,,1.92,2026-09-13T10:53:30Z
2026-09-13T1054,27eaaab4498bb2984321e5f81f0ff9fd,2026-09-13T16:00:00Z,Napoli,Bologna,gtbets,h2h,Draw,,3.65,2026-09-13T10:53:30Z
2026-09-13T1054,27eaaab4498bb2984321e5f81f0ff9fd,2026-09-13T16:00:00Z,Napoli,Bologna,gtbets,totals,Over,2.5,1.94,2026-09-13T10:53:30Z
2026-09-13T1054,27eaaab4498bb2984321e5f81f0ff9fd,2026-09-13T16:00:00Z,Napoli,Bologna,gtbets,totals,Under,2.5,1.84,2026-09-13T10:53:30Z
2026-09-13T1054,27eaaab4498bb2984321e5f81f0ff9fd,2026-09-13T16:00:00Z,Napoli,Bologna,coolbet,h2h,Bologna,,4.25,2026-09-13T10:53:30Z
2026-09-13T1054,27eaaab4498bb2984321e5f81f0ff9fd,2026-09-13T16:00:00Z,Napoli,Bologna,coolbet,h2h,Napoli,,1.96,2026-09-13T10:53:30Z
2026-09-13T1054,27eaaab4498bb2984321e5f81f0ff9fd,2026-09-13T16:00:00Z,Napoli,Bologna,coolbet,h2h,Draw,,3.5,2026-09-13T10:53:30Z
2026-09-13T1054,27eaaab4498bb2984321e5f81f0ff9fd,2026-09-13T16:00:00Z,Napoli,Bologna,coolbet,totals,Over,2.5,1.96,2026-09-13T10:53:30Z
2026-09-13T1054,27eaaab4498bb2984321e5f81f0ff9fd,2026-09-13T16:00:00Z,Napoli,Bologna,coolbet,totals,Under,2.5,1.93,2026-09-13T10:53:30Z
2026-09-13T1054,27eaaab4498bb2984321e5f81f0ff9fd,2026-09-13T16:00:00Z,Napoli,Bologna,betonlineag,h2h,Bologna,,4.33,2026-09-13T10:53:29Z
2026-09-13T1054,27eaaab4498bb2984321e5f81f0ff9fd,2026-09-13T16:00:00Z,Napoli,Bologna,betonlineag,h2h,Napoli,,1.92,2026-09-13T10:53:29Z
2026-09-13T1054,27eaaab4498bb2984321e5f81f0ff9fd,2026-09-13T16:00:00Z,Napoli,Bologna,betonlineag,h2h,Draw,,3.55,2026-09-13T10:53:29Z
2026-09-13T1054,27eaaab4498bb2984321e5f81f0ff9fd,2026-09-13T16:00:00Z,Napoli,Bologna,betonlineag,totals,Over,2.5,1.93,2026-09-13T10:53:29Z
2026-09-13T1054,27eaaab4498bb2984321e5f81f0ff9fd,2026-09-13T16:00:00Z,Napoli,Bologna,betonlineag,totals,Under,2.5,1.9,2026-09-13T10:53:29Z
2026-09-13T1054,27eaaab4498bb2984321e5f81f0ff9fd,2026-09-13T16:00:00Z,Napoli,Bologna,betanysports,h2h,Bologna,,2.5,2026-09-13T10:53:51Z
2026-09-13T1054,27eaaab4498bb2984321e5f81f0ff9fd,2026-09-13T16:00:00Z,Napoli,Bologna,betanysports,h2h,Napoli,,1.45,2026-09-13T10:53:51Z
2026-09-13T1054,27eaaab4498bb2984321e5f81f0ff9fd,2026-09-13T16:00:00Z,Napoli,Bologna,betanysports,h2h,Draw,,3.55,2026-09-13T10:53:51Z
2026-09-13T1054,0a91f850039ce571eb6e90b2eed15548,2026-09-13T18:45:00Z,Sassuolo,Juventus,betway,h2h,Juventus,,1.65,2026-09-13T10:53:52Z
2026-09-13T1054,0a91f850039ce571eb6e90b2eed15548,2026-09-13T18:45:00Z,Sassuolo,Juventus,betway,h2h,Sassuolo,,5.0,2026-09-13T10:53:52Z
2026-09-13T1054,0a91f850039ce571eb6e90b2eed15548,2026-09-13T18:45:00Z,Sassuolo,Juventus,betway,h2h,Draw,,3.8,2026-09-13T10:53:52Z
2026-09-13T1054,0a91f850039ce571eb6e90b2eed15548,2026-09-13T18:45:00Z,Sassuolo,Juventus,winamax_de,h2h,Juventus,,1.64,2026-09-13T10:52:28Z
2026-09-13T1054,0a91f850039ce571eb6e90b2eed15548,2026-09-13T18:45:00Z,Sassuolo,Juventus,winamax_de,h2h,Sassuolo,,4.7,2026-09-13T10:52:28Z
2026-09-13T1054,0a91f850039ce571eb6e90b2eed15548,2026-09-13T18:45:00Z,Sassuolo,Juventus,winamax_de,h2h,Draw,,4.0,2026-09-13T10:52:28Z
2026-09-13T1054,0a91f850039ce571eb6e90b2eed15548,2026-09-13T18:45:00Z,Sassuolo,Juventus,virginbet,h2h,Juventus,,1.61,2026-09-13T10:54:13Z
2026-09-13T1054,0a91f850039ce571eb6e90b2eed15548,2026-09-13T18:45:00Z,Sassuolo,Juventus,virginbet,h2h,Sassuolo,,5.1,2026-09-13T10:54:13Z
2026-09-13T1054,0a91f850039ce571eb6e90b2eed15548,2026-09-13T18:45:00Z,Sassuolo,Juventus,virginbet,h2h,Draw,,3.85,2026-09-13T10:54:13Z
2026-09-13T1054,0a91f850039ce571eb6e90b2eed15548,2026-09-13T18:45:00Z,Sassuolo,Juventus,leovegas_se,h2h,Juventus,,1.61,2026-09-13T10:54:12Z
2026-09-13T1054,0a91f850039ce571eb6e90b2eed15548,2026-09-13T18:45:00Z,Sassuolo,Juventus,leovegas_se,h2h,Sassuolo,,5.25,2026-09-13T10:54:12Z
2026-09-13T1054,0a91f850039ce571eb6e90b2eed15548,2026-09-13T18:45:00Z,Sassuolo,Juventus,leovegas_se,h2h,Draw,,3.95,2026-09-13T10:54:12Z
2026-09-13T1054,0a91f850039ce571eb6e90b2eed15548,2026-09-13T18:45:00Z,Sassuolo,Juventus,leovegas_se,totals,Over,2.5,1.74,2026-09-13T10:54:12Z
2026-09-13T1054,0a91f850039ce571eb6e90b2eed15548,2026-09-13T18:45:00Z,Sassuolo,Juventus,leovegas_se,totals,Under,2.5,2.08,2026-09-13T10:54:12Z
2026-09-13T1054,0a91f850039ce571eb6e90b2eed15548,2026-09-13T18:45:00Z,Sassuolo,Juventus,casumo,h2h,Juventus,,1.61,2026-09-13T10:53:51Z
2026-09-13T1054,0a91f850039ce571eb6e90b2eed15548,2026-09-13T18:45:00Z,Sassuolo,Juventus,casumo,h2h,Sassuolo,,5.25,2026-09-13T10:53:51Z
2026-09-13T1054,0a91f850039ce571eb6e90b2eed15548,2026-09-13T18:45:00Z,Sassuolo,Juventus,casumo,h2h,Draw,,3.95,2026-09-13T10:53:51Z
2026-09-13T1054,0a91f850039ce571eb6e90b2eed15548,2026-09-13T18:45:00Z,Sassuolo,Juventus,casumo,totals,Over,2.5,1.73,2026-09-13T10:53:51Z
2026-09-13T1054,0a91f850039ce571eb6e90b2eed15548,2026-09-13T18:45:00Z,Sassuolo,Juventus,casumo,totals,Under,2.5,2.06,2026-09-13T10:53:51Z
2026-09-13T1054,0a91f850039ce571eb6e90b2eed15548,2026-09-13T18:45:00Z,Sassuolo,Juventus,grosvenor,h2h,Juventus,,1.61,2026-09-13T10:53:51Z
2026-09-13T1054,0a91f850039ce571eb6e90b2eed15548,2026-09-13T18:45:00Z,Sassuolo,Juventus,grosvenor,h2h,Sassuolo,,5.25,2026-09-13T10:53:51Z
2026-09-13T1054,0a91f850039ce571eb6e90b2eed15548,2026-09-13T18:45:00Z,Sassuolo,Juventus,grosvenor,h2h,Draw,,3.95,2026-09-13T10:53:51Z
2026-09-13T1054,0a91f850039ce571eb6e90b2eed15548,2026-09-13T18:45:00Z,Sassuolo,Juventus,grosvenor,totals,Over,2.5,1.73,2026-09-13T10:53:51Z
2026-09-13T1054,0a91f850039ce571eb6e90b2eed15548,2026-09-13T18:45:00Z,Sassuolo,Juventus,grosvenor,totals,Under,2.5,2.06,2026-09-13T10:53:51Z
2026-09-13T1054,0a91f850039ce571eb6e90b2eed15548,2026-09-13T18:45:00Z,Sassuolo,Juventus,unibet_fr,h2h,Juventus,,1.58,2026-09-13T10:54:13Z
2026-09-13T1054,0a91f850039ce571eb6e90b2eed15548,2026-09-13T18:45:00Z,Sassuolo,Juventus,unibet_fr,h2h,Sassuolo,,4.8,2026-09-13T10:54:13Z
2026-09-13T1054,0a91f850039ce571eb6e90b2eed15548,2026-09-13T18:45:00Z,Sassuolo,Juventus,unibet_fr,h2h,Draw,,3.8,2026-09-13T10:54:13Z
2026-09-13T1054,0a91f850039ce571eb6e90b2eed15548,2026-09-13T18:45:00Z,Sassuolo,Juventus,livescorebet,h2h,Juventus,,1.61,2026-09-13T10:53:51Z
2026-09-13T1054,0a91f850039ce571eb6e90b2eed15548,2026-09-13T18:45:00Z,Sassuolo,Juventus,livescorebet,h2h,Sassuolo,,5.1,2026-09-13T10:53:51Z
2026-09-13T1054,0a91f850039ce571eb6e90b2eed15548,2026-09-13T18:45:00Z,Sassuolo,Juventus,livescorebet,h2h,Draw,,3.85,2026-09-13T10:53:51Z
2026-09-13T1054,0a91f850039ce571eb6e90b2eed15548,2026-09-13T18:45:00Z,Sassuolo,Juventus,winamax_fr,h2h,Juventus,,1.62,2026-09-13T10:53:52Z
2026-09-13T1054,0a91f850039ce571eb6e90b2eed15548,2026-09-13T18:45:00Z,Sassuolo,Juventus,winamax_fr,h2h,Sassuolo,,4.6,2026-09-13T10:53:52Z
2026-09-13T1054,0a91f850039ce571eb6e90b2eed15548,2026-09-13T18:45:00Z,Sassuolo,Juventus,winamax_fr,h2h,Draw,,3.95,2026-09-13T10:53:52Z
2026-09-13T1054,0a91f850039ce571eb6e90b2eed15548,2026-09-13T18:45:00Z,Sassuolo,Juventus,unibet_uk,h2h,Juventus,,1.67,2026-09-13T10:53:29Z
2026-09-13T1054,0a91f850039ce571eb6e90b2eed15548,2026-09-13T18:45:00Z,Sassuolo,Juventus,unibet_uk,h2h,Sassuolo,,5.0,2026-09-13T10:53:29Z
2026-09-13T1054,0a91f850039ce571eb6e90b2eed15548,2026-09-13T18:45:00Z,Sassuolo,Juventus,unibet_uk,h2h,Draw,,3.9,2026-09-13T10:53:29Z
2026-09-13T1054,0a91f850039ce571eb6e90b2eed15548,2026-09-13T18:45:00Z,Sassuolo,Juventus,unibet_nl,h2h,Juventus,,1.61,2026-09-13T10:53:29Z
2026-09-13T1054,0a91f850039ce571eb6e90b2eed15548,2026-09-13T18:45:00Z,Sassuolo,Juventus,unibet_nl,h2h,Sassuolo,,5.25,2026-09-13T10:53:29Z
2026-09-13T1054,0a91f850039ce571eb6e90b2eed15548,2026-09-13T18:45:00Z,Sassuolo,Juventus,unibet_nl,h2h,Draw,,3.95,2026-09-13T10:53:29Z
2026-09-13T1054,0a91f850039ce571eb6e90b2eed15548,2026-09-13T18:45:00Z,Sassuolo,Juventus,unibet_nl,totals,Over,2.5,1.73,2026-09-13T10:53:29Z
2026-09-13T1054,0a91f850039ce571eb6e90b2eed15548,2026-09-13T18:45:00Z,Sassuolo,Juventus,unibet_nl,totals,Under,2.5,2.06,2026-09-13T10:53:29Z
2026-09-13T1054,0a91f850039ce571eb6e90b2eed15548,2026-09-13T18:45:00Z,Sassuolo,Juventus,leovegas,h2h,Juventus,,1.67,2026-09-13T10:53:51Z
2026-09-13T1054,0a91f850039ce571eb6e90b2eed15548,2026-09-13T18:45:00Z,Sassuolo,Juventus,leovegas,h2h,Sassuolo,,4.8,2026-09-13T10:53:51Z
2026-09-13T1054,0a91f850039ce571eb6e90b2eed15548,2026-09-13T18:45:00Z,Sassuolo,Juventus,leovegas,h2h,Draw,,3.85,2026-09-13T10:53:51Z
2026-09-13T1054,0a91f850039ce571eb6e90b2eed15548,2026-09-13T18:45:00Z,Sassuolo,Juventus,leovegas,totals,Over,2.5,1.75,2026-09-13T10:53:51Z
2026-09-13T1054,0a91f850039ce571eb6e90b2eed15548,2026-09-13T18:45:00Z,Sassuolo,Juventus,leovegas,totals,Under,2.5,2.02,2026-09-13T10:53:51Z
2026-09-13T1054,0a91f850039ce571eb6e90b2eed15548,2026-09-13T18:45:00Z,Sassuolo,Juventus,unibet_se,h2h,Juventus,,1.61,2026-09-13T10:53:29Z
2026-09-13T1054,0a91f850039ce571eb6e90b2eed15548,2026-09-13T18:45:00Z,Sassuolo,Juventus,unibet_se,h2h,Sassuolo,,5.25,2026-09-13T10:53:29Z
2026-09-13T1054,0a91f850039ce571eb6e90b2eed15548,2026-09-13T18:45:00Z,Sassuolo,Juventus,unibet_se,h2h,Draw,,3.95,2026-09-13T10:53:29Z
2026-09-13T1054,0a91f850039ce571eb6e90b2eed15548,2026-09-13T18:45:00Z,Sassuolo,Juventus,unibet_se,totals,Over,2.5,1.74,2026-09-13T10:53:29Z
2026-09-13T1054,0a91f850039ce571eb6e90b2eed15548,2026-09-13T18:45:00Z,Sassuolo,Juventus,unibet_se,totals,Under,2.5,2.08,2026-09-13T10:53:29Z
2026-09-13T1054,0a91f850039ce571eb6e90b2eed15548,2026-09-13T18:45:00Z,Sassuolo,Juventus,pmu_fr,h2h,Juventus,,1.61,2026-09-13T10:53:29Z
2026-09-13T1054,0a91f850039ce571eb6e90b2eed15548,2026-09-13T18:45:00Z,Sassuolo,Juventus,pmu_fr,h2h,Sassuolo,,5.25,2026-09-13T10:53:29Z
2026-09-13T1054,0a91f850039ce571eb6e90b2eed15548,2026-09-13T18:45:00Z,Sassuolo,Juventus,pmu_fr,h2h,Draw,,3.95,2026-09-13T10:53:29Z
2026-09-13T1054,0a91f850039ce571eb6e90b2eed15548,2026-09-13T18:45:00Z,Sassuolo,Juventus,pmu_fr,totals,Over,2.5,1.64,2026-09-13T10:53:29Z
2026-09-13T1054,0a91f850039ce571eb6e90b2eed15548,2026-09-13T18:45:00Z,Sassuolo,Juventus,pmu_fr,totals,Under,2.5,1.94,2026-09-13T10:53:29Z
2026-09-13T1054,0a91f850039ce571eb6e90b2eed15548,2026-09-13T18:45:00Z,Sassuolo,Juventus,betclic_fr,h2h,Juventus,,1.64,2026-09-13T10:52:40Z
2026-09-13T1054,0a91f850039ce571eb6e90b2eed15548,2026-09-13T18:45:00Z,Sassuolo,Juventus,betclic_fr,h2h,Sassuolo,,4.95,2026-09-13T10:52:40Z
2026-09-13T1054,0a91f850039ce571eb6e90b2eed15548,2026-09-13T18:45:00Z,Sassuolo,Juventus,betclic_fr,h2h,Draw,,3.9,2026-09-13T10:52:40Z
2026-09-13T1054,0a91f850039ce571eb6e90b2eed15548,2026-09-13T18:45:00Z,Sassuolo,Juventus,onexbet,h2h,Juventus,,1.71,2026-09-13T10:54:12Z
2026-09-13T1054,0a91f850039ce571eb6e90b2eed15548,2026-09-13T18:45:00Z,Sassuolo,Juventus,onexbet,h2h,Sassuolo,,5.38,2026-09-13T10:54:12Z
2026-09-13T1054,0a91f850039ce571eb6e90b2eed15548,2026-09-13T18:45:00Z,Sassuolo,Juventus,onexbet,h2h,Draw,,4.11,2026-09-13T10:54:12Z
2026-09-13T1054,0a91f850039ce571eb6e90b2eed15548,2026-09-13T18:45:00Z,Sassuolo,Juventus,onexbet,totals,Over,2.5,1.86,2026-09-13T10:54:12Z
2026-09-13T1054,0a91f850039ce571eb6e90b2eed15548,2026-09-13T18:45:00Z,Sassuolo,Juventus,onexbet,totals,Under,2.5,2.1,2026-09-13T10:54:12Z
2026-09-13T1054,0a91f850039ce571eb6e90b2eed15548,2026-09-13T18:45:00Z,Sassuolo,Juventus,tipico_de,h2h,Juventus,,1.62,2026-09-13T10:54:14Z
2026-09-13T1054,0a91f850039ce571eb6e90b2eed15548,2026-09-13T18:45:00Z,Sassuolo,Juventus,tipico_de,h2h,Sassuolo,,5.3,2026-09-13T10:54:14Z
2026-09-13T1054,0a91f850039ce571eb6e90b2eed15548,2026-09-13T18:45:00Z,Sassuolo,Juventus,tipico_de,h2h,Draw,,3.9,2026-09-13T10:54:14Z
2026-09-13T1054,0a91f850039ce571eb6e90b2eed15548,2026-09-13T18:45:00Z,Sassuolo,Juventus,tipico_de,totals,Over,2.5,1.72,2026-09-13T10:54:14Z
2026-09-13T1054,0a91f850039ce571eb6e90b2eed15548,2026-09-13T18:45:00Z,Sassuolo,Juventus,tipico_de,totals,Under,2.5,2.05,2026-09-13T10:54:14Z
2026-09-13T1054,0a91f850039ce571eb6e90b2eed15548,2026-09-13T18:45:00Z,Sassuolo,Juventus,boylesports,h2h,Juventus,,1.62,2026-09-13T10:53:30Z
2026-09-13T1054,0a91f850039ce571eb6e90b2eed15548,2026-09-13T18:45:00Z,Sassuolo,Juventus,boylesports,h2h,Sassuolo,,4.75,2026-09-13T10:53:30Z
2026-09-13T1054,0a91f850039ce571eb6e90b2eed15548,2026-09-13T18:45:00Z,Sassuolo,Juventus,boylesports,h2h,Draw,,3.75,2026-09-13T10:53:30Z
2026-09-13T1054,0a91f850039ce571eb6e90b2eed15548,2026-09-13T18:45:00Z,Sassuolo,Juventus,smarkets,h2h,Juventus,,1.7,2026-09-13T10:54:13Z
2026-09-13T1054,0a91f850039ce571eb6e90b2eed15548,2026-09-13T18:45:00Z,Sassuolo,Juventus,smarkets,h2h,Sassuolo,,5.8,2026-09-13T10:54:13Z
2026-09-13T1054,0a91f850039ce571eb6e90b2eed15548,2026-09-13T18:45:00Z,Sassuolo,Juventus,smarkets,h2h,Draw,,4.1,2026-09-13T10:54:13Z
2026-09-13T1054,0a91f850039ce571eb6e90b2eed15548,2026-09-13T18:45:00Z,Sassuolo,Juventus,smarkets,h2h_lay,Juventus,,1.71,2026-09-13T10:54:13Z
2026-09-13T1054,0a91f850039ce571eb6e90b2eed15548,2026-09-13T18:45:00Z,Sassuolo,Juventus,smarkets,h2h_lay,Sassuolo,,5.9,2026-09-13T10:54:13Z
2026-09-13T1054,0a91f850039ce571eb6e90b2eed15548,2026-09-13T18:45:00Z,Sassuolo,Juventus,smarkets,h2h_lay,Draw,,4.2,2026-09-13T10:54:13Z
2026-09-13T1054,0a91f850039ce571eb6e90b2eed15548,2026-09-13T18:45:00Z,Sassuolo,Juventus,betfred_uk,h2h,Juventus,,1.62,2026-09-13T10:54:13Z
2026-09-13T1054,0a91f850039ce571eb6e90b2eed15548,2026-09-13T18:45:00Z,Sassuolo,Juventus,betfred_uk,h2h,Sassuolo,,5.5,2026-09-13T10:54:13Z
2026-09-13T1054,0a91f850039ce571eb6e90b2eed15548,2026-09-13T18:45:00Z,Sassuolo,Juventus,betfred_uk,h2h,Draw,,4.0,2026-09-13T10:54:13Z
2026-09-13T1054,0a91f850039ce571eb6e90b2eed15548,2026-09-13T18:45:00Z,Sassuolo,Juventus,sport888,h2h,Juventus,,1.67,2026-09-13T10:53:29Z
2026-09-13T1054,0a91f850039ce571eb6e90b2eed15548,2026-09-13T18:45:00Z,Sassuolo,Juventus,sport888,h2h,Sassuolo,,4.8,2026-09-13T10:53:29Z
2026-09-13T1054,0a91f850039ce571eb6e90b2eed15548,2026-09-13T18:45:00Z,Sassuolo,Juventus,sport888,h2h,Draw,,3.7,2026-09-13T10:53:29Z
2026-09-13T1054,0a91f850039ce571eb6e90b2eed15548,2026-09-13T18:45:00Z,Sassuolo,Juventus,williamhill,h2h,Juventus,,1.67,2026-09-13T10:53:51Z
2026-09-13T1054,0a91f850039ce571eb6e90b2eed15548,2026-09-13T18:45:00Z,Sassuolo,Juventus,williamhill,h2h,Sassuolo,,4.8,2026-09-13T10:53:51Z
2026-09-13T1054,0a91f850039ce571eb6e90b2eed15548,2026-09-13T18:45:00Z,Sassuolo,Juventus,williamhill,h2h,Draw,,3.7,2026-09-13T10:53:51Z
2026-09-13T1054,0a91f850039ce571eb6e90b2eed15548,2026-09-13T18:45:00Z,Sassuolo,Juventus,williamhill,totals,Over,2.5,1.75,2026-09-13T10:53:51Z
2026-09-13T1054,0a91f850039ce571eb6e90b2eed15548,2026-09-13T18:45:00Z,Sassuolo,Juventus,williamhill,totals,Under,2.5,2.0,2026-09-13T10:53:51Z
2026-09-13T1054,0a91f850039ce571eb6e90b2eed15548,2026-09-13T18:45:00Z,Sassuolo,Juventus,paddypower,h2h,Juventus,,1.62,2026-09-13T10:53:09Z
2026-09-13T1054,0a91f850039ce571eb6e90b2eed15548,2026-09-13T18:45:00Z,Sassuolo,Juventus,paddypower,h2h,Sassuolo,,5.0,2026-09-13T10:53:09Z
2026-09-13T1054,0a91f850039ce571eb6e90b2eed15548,2026-09-13T18:45:00Z,Sassuolo,Juventus,paddypower,h2h,Draw,,3.8,2026-09-13T10:53:09Z
2026-09-13T1054,0a91f850039ce571eb6e90b2eed15548,2026-09-13T18:45:00Z,Sassuolo,Juventus,skybet,h2h,Juventus,,1.62,2026-09-13T10:53:51Z
2026-09-13T1054,0a91f850039ce571eb6e90b2eed15548,2026-09-13T18:45:00Z,Sassuolo,Juventus,skybet,h2h,Sassuolo,,5.0,2026-09-13T10:53:51Z
2026-09-13T1054,0a91f850039ce571eb6e90b2eed15548,2026-09-13T18:45:00Z,Sassuolo,Juventus,skybet,h2h,Draw,,4.0,2026-09-13T10:53:51Z
2026-09-13T1054,0a91f850039ce571eb6e90b2eed15548,2026-09-13T18:45:00Z,Sassuolo,Juventus,pinnacle,h2h,Juventus,,1.68,2026-09-13T10:54:12Z
2026-09-13T1054,0a91f850039ce571eb6e90b2eed15548,2026-09-13T18:45:00Z,Sassuolo,Juventus,pinnacle,h2h,Sassuolo,,5.36,2026-09-13T10:54:12Z
2026-09-13T1054,0a91f850039ce571eb6e90b2eed15548,2026-09-13T18:45:00Z,Sassuolo,Juventus,pinnacle,h2h,Draw,,3.98,2026-09-13T10:54:12Z
2026-09-13T1054,0a91f850039ce571eb6e90b2eed15548,2026-09-13T18:45:00Z,Sassuolo,Juventus,betfair_ex_uk,h2h,Juventus,,1.7,2026-09-13T10:54:15Z
2026-09-13T1054,0a91f850039ce571eb6e90b2eed15548,2026-09-13T18:45:00Z,Sassuolo,Juventus,betfair_ex_uk,h2h,Sassuolo,,5.8,2026-09-13T10:54:15Z
2026-09-13T1054,0a91f850039ce571eb6e90b2eed15548,2026-09-13T18:45:00Z,Sassuolo,Juventus,betfair_ex_uk,h2h,Draw,,4.1,2026-09-13T10:54:15Z
2026-09-13T1054,0a91f850039ce571eb6e90b2eed15548,2026-09-13T18:45:00Z,Sassuolo,Juventus,betfair_ex_uk,h2h_lay,Juventus,,1.71,2026-09-13T10:54:15Z
2026-09-13T1054,0a91f850039ce571eb6e90b2eed15548,2026-09-13T18:45:00Z,Sassuolo,Juventus,betfair_ex_uk,h2h_lay,Sassuolo,,5.9,2026-09-13T10:54:15Z
2026-09-13T1054,0a91f850039ce571eb6e90b2eed15548,2026-09-13T18:45:00Z,Sassuolo,Juventus,betfair_ex_uk,h2h_lay,Draw,,4.2,2026-09-13T10:54:15Z
2026-09-13T1054,0a91f850039ce571eb6e90b2eed15548,2026-09-13T18:45:00Z,Sassuolo,Juventus,betfair_ex_eu,h2h,Juventus,,1.7,2026-09-13T10:53:51Z
2026-09-13T1054,0a91f850039ce571eb6e90b2eed15548,2026-09-13T18:45:00Z,Sassuolo,Juventus,betfair_ex_eu,h2h,Sassuolo,,5.8,2026-09-13T10:53:51Z
2026-09-13T1054,0a91f850039ce571eb6e90b2eed15548,2026-09-13T18:45:00Z,Sassuolo,Juventus,betfair_ex_eu,h2h,Draw,,4.1,2026-09-13T10:53:51Z
2026-09-13T1054,0a91f850039ce571eb6e90b2eed15548,2026-09-13T18:45:00Z,Sassuolo,Juventus,betfair_ex_eu,h2h_lay,Juventus,,1.71,2026-09-13T10:53:51Z
2026-09-13T1054,0a91f850039ce571eb6e90b2eed15548,2026-09-13T18:45:00Z,Sassuolo,Juventus,betfair_ex_eu,h2h_lay,Sassuolo,,5.9,2026-09-13T10:53:51Z
2026-09-13T1054,0a91f850039ce571eb6e90b2eed15548,2026-09-13T18:45:00Z,Sassuolo,Juventus,betfair_ex_eu,h2h_lay,Draw,,4.2,2026-09-13T10:53:51Z
2026-09-13T1054,0a91f850039ce571eb6e90b2eed15548,2026-09-13T18:45:00Z,Sassuolo,Juventus,nordicbet,h2h,Juventus,,1.68,2026-09-13T10:52:27Z
2026-09-13T1054,0a91f850039ce571eb6e90b2eed15548,2026-09-13T18:45:00Z,Sassuolo,Juventus,nordicbet,h2h,Sassuolo,,4.9,2026-09-13T10:52:27Z
2026-09-13T1054,0a91f850039ce571eb6e90b2eed15548,2026-09-13T18:45:00Z,Sassuolo,Juventus,nordicbet,h2h,Draw,,3.85,2026-09-13T10:52:27Z
2026-09-13T1054,0a91f850039ce571eb6e90b2eed15548,2026-09-13T18:45:00Z,Sassuolo,Juventus,nordicbet,totals,Over,2.5,1.78,2026-09-13T10:52:27Z
2026-09-13T1054,0a91f850039ce571eb6e90b2eed15548,2026-09-13T18:45:00Z,Sassuolo,Juventus,nordicbet,totals,Under,2.5,1.98,2026-09-13T10:52:27Z
2026-09-13T1054,0a91f850039ce571eb6e90b2eed15548,2026-09-13T18:45:00Z,Sassuolo,Juventus,betsson,h2h,Juventus,,1.68,2026-09-13T10:53:30Z
2026-09-13T1054,0a91f850039ce571eb6e90b2eed15548,2026-09-13T18:45:00Z,Sassuolo,Juventus,betsson,h2h,Sassuolo,,4.9,2026-09-13T10:53:30Z
2026-09-13T1054,0a91f850039ce571eb6e90b2eed15548,2026-09-13T18:45:00Z,Sassuolo,Juventus,betsson,h2h,Draw,,3.85,2026-09-13T10:53:30Z
2026-09-13T1054,0a91f850039ce571eb6e90b2eed15548,2026-09-13T18:45:00Z,Sassuolo,Juventus,betsson,totals,Over,2.5,1.78,2026-09-13T10:53:30Z
2026-09-13T1054,0a91f850039ce571eb6e90b2eed15548,2026-09-13T18:45:00Z,Sassuolo,Juventus,betsson,totals,Under,2.5,1.98,2026-09-13T10:53:30Z
2026-09-13T1054,0a91f850039ce571eb6e90b2eed15548,2026-09-13T18:45:00Z,Sassuolo,Juventus,coral,h2h,Juventus,,1.7,2026-09-13T10:53:29Z
2026-09-13T1054,0a91f850039ce571eb6e90b2eed15548,2026-09-13T18:45:00Z,Sassuolo,Juventus,coral,h2h,Sassuolo,,5.0,2026-09-13T10:53:29Z
2026-09-13T1054,0a91f850039ce571eb6e90b2eed15548,2026-09-13T18:45:00Z,Sassuolo,Juventus,coral,h2h,Draw,,3.8,2026-09-13T10:53:29Z
2026-09-13T1054,0a91f850039ce571eb6e90b2eed15548,2026-09-13T18:45:00Z,Sassuolo,Juventus,ladbrokes_uk,h2h,Juventus,,1.67,2026-09-13T10:53:51Z
2026-09-13T1054,0a91f850039ce571eb6e90b2eed15548,2026-09-13T18:45:00Z,Sassuolo,Juventus,ladbrokes_uk,h2h,Sassuolo,,5.0,2026-09-13T10:53:51Z
2026-09-13T1054,0a91f850039ce571eb6e90b2eed15548,2026-09-13T18:45:00Z,Sassuolo,Juventus,ladbrokes_uk,h2h,Draw,,3.75,2026-09-13T10:53:51Z
2026-09-13T1054,0a91f850039ce571eb6e90b2eed15548,2026-09-13T18:45:00Z,Sassuolo,Juventus,codere_it,h2h,Juventus,,1.67,2026-09-13T10:53:51Z
2026-09-13T1054,0a91f850039ce571eb6e90b2eed15548,2026-09-13T18:45:00Z,Sassuolo,Juventus,codere_it,h2h,Sassuolo,,5.0,2026-09-13T10:53:51Z
2026-09-13T1054,0a91f850039ce571eb6e90b2eed15548,2026-09-13T18:45:00Z,Sassuolo,Juventus,codere_it,h2h,Draw,,3.95,2026-09-13T10:53:51Z
2026-09-13T1054,0a91f850039ce571eb6e90b2eed15548,2026-09-13T18:45:00Z,Sassuolo,Juventus,codere_it,totals,Over,2.5,1.73,2026-09-13T10:53:51Z
2026-09-13T1054,0a91f850039ce571eb6e90b2eed15548,2026-09-13T18:45:00Z,Sassuolo,Juventus,codere_it,totals,Under,2.5,1.96,2026-09-13T10:53:51Z
2026-09-13T1054,0a91f850039ce571eb6e90b2eed15548,2026-09-13T18:45:00Z,Sassuolo,Juventus,betano_uk,h2h,Juventus,,1.65,2026-09-13T10:52:17Z
2026-09-13T1054,0a91f850039ce571eb6e90b2eed15548,2026-09-13T18:45:00Z,Sassuolo,Juventus,betano_uk,h2h,Sassuolo,,5.0,2026-09-13T10:52:17Z
2026-09-13T1054,0a91f850039ce571eb6e90b2eed15548,2026-09-13T18:45:00Z,Sassuolo,Juventus,betano_uk,h2h,Draw,,3.9,2026-09-13T10:52:17Z
2026-09-13T1054,0a91f850039ce571eb6e90b2eed15548,2026-09-13T18:45:00Z,Sassuolo,Juventus,betvictor,h2h,Juventus,,1.65,2026-09-13T10:53:44Z
2026-09-13T1054,0a91f850039ce571eb6e90b2eed15548,2026-09-13T18:45:00Z,Sassuolo,Juventus,betvictor,h2h,Sassuolo,,5.0,2026-09-13T10:53:44Z
2026-09-13T1054,0a91f850039ce571eb6e90b2eed15548,2026-09-13T18:45:00Z,Sassuolo,Juventus,betvictor,h2h,Draw,,3.9,2026-09-13T10:53:44Z
2026-09-13T1054,0a91f850039ce571eb6e90b2eed15548,2026-09-13T18:45:00Z,Sassuolo,Juventus,matchbook,h2h,Juventus,,1.7,2026-09-13T10:54:12Z
2026-09-13T1054,0a91f850039ce571eb6e90b2eed15548,2026-09-13T18:45:00Z,Sassuolo,Juventus,matchbook,h2h,Sassuolo,,5.8,2026-09-13T10:54:12Z
2026-09-13T1054,0a91f850039ce571eb6e90b2eed15548,2026-09-13T18:45:00Z,Sassuolo,Juventus,matchbook,h2h,Draw,,4.1,2026-09-13T10:54:12Z
2026-09-13T1054,0a91f850039ce571eb6e90b2eed15548,2026-09-13T18:45:00Z,Sassuolo,Juventus,matchbook,h2h_lay,Juventus,,1.71,2026-09-13T10:54:12Z
2026-09-13T1054,0a91f850039ce571eb6e90b2eed15548,2026-09-13T18:45:00Z,Sassuolo,Juventus,matchbook,h2h_lay,Sassuolo,,5.9,2026-09-13T10:54:12Z
2026-09-13T1054,0a91f850039ce571eb6e90b2eed15548,2026-09-13T18:45:00Z,Sassuolo,Juventus,matchbook,h2h_lay,Draw,,4.2,2026-09-13T10:54:12Z
2026-09-13T1054,0a91f850039ce571eb6e90b2eed15548,2026-09-13T18:45:00Z,Sassuolo,Juventus,matchbook,totals,Over,2.5,1.85,2026-09-13T10:54:12Z
2026-09-13T1054,0a91f850039ce571eb6e90b2eed15548,2026-09-13T18:45:00Z,Sassuolo,Juventus,matchbook,totals,Under,2.5,2.16,2026-09-13T10:54:12Z
2026-09-13T1054,0a91f850039ce571eb6e90b2eed15548,2026-09-13T18:45:00Z,Sassuolo,Juventus,betfair_sb_uk,h2h,Juventus,,1.65,2026-09-13T10:54:13Z
2026-09-13T1054,0a91f850039ce571eb6e90b2eed15548,2026-09-13T18:45:00Z,Sassuolo,Juventus,betfair_sb_uk,h2h,Sassuolo,,5.5,2026-09-13T10:54:13Z
2026-09-13T1054,0a91f850039ce571eb6e90b2eed15548,2026-09-13T18:45:00Z,Sassuolo,Juventus,betfair_sb_uk,h2h,Draw,,3.9,2026-09-13T10:54:13Z
2026-09-13T1054,0a91f850039ce571eb6e90b2eed15548,2026-09-13T18:45:00Z,Sassuolo,Juventus,gtbets,h2h,Juventus,,1.61,2026-09-13T10:53:30Z
2026-09-13T1054,0a91f850039ce571eb6e90b2eed15548,2026-09-13T18:45:00Z,Sassuolo,Juventus,gtbets,h2h,Sassuolo,,5.01,2026-09-13T10:53:30Z
2026-09-13T1054,0a91f850039ce571eb6e90b2eed15548,2026-09-13T18:45:00Z,Sassuolo,Juventus,gtbets,h2h,Draw,,3.96,2026-09-13T10:53:30Z
2026-09-13T1054,0a91f850039ce571eb6e90b2eed15548,2026-09-13T18:45:00Z,Sassuolo,Juventus,gtbets,totals,Over,2.5,1.81,2026-09-13T10:53:30Z
2026-09-13T1054,0a91f850039ce571eb6e90b2eed15548,2026-09-13T18:45:00Z,Sassuolo,Juventus,gtbets,totals,Under,2.5,1.97,2026-09-13T10:53:30Z
2026-09-13T1054,0a91f850039ce571eb6e90b2eed15548,2026-09-13T18:45:00Z,Sassuolo,Juventus,coolbet,h2h,Juventus,,1.67,2026-09-13T10:53:30Z
2026-09-13T1054,0a91f850039ce571eb6e90b2eed15548,2026-09-13T18:45:00Z,Sassuolo,Juventus,coolbet,h2h,Sassuolo,,5.2,2026-09-13T10:53:30Z
2026-09-13T1054,0a91f850039ce571eb6e90b2eed15548,2026-09-13T18:45:00Z,Sassuolo,Juventus,coolbet,h2h,Draw,,4.07,2026-09-13T10:53:30Z
2026-09-13T1054,0a91f850039ce571eb6e90b2eed15548,2026-09-13T18:45:00Z,Sassuolo,Juventus,coolbet,totals,Over,2.5,1.83,2026-09-13T10:53:30Z
2026-09-13T1054,0a91f850039ce571eb6e90b2eed15548,2026-09-13T18:45:00Z,Sassuolo,Juventus,coolbet,totals,Under,2.5,2.07,2026-09-13T10:53:30Z
2026-09-13T1054,0a91f850039ce571eb6e90b2eed15548,2026-09-13T18:45:00Z,Sassuolo,Juventus,betonlineag,h2h,Juventus,,1.68,2026-09-13T10:53:29Z
2026-09-13T1054,0a91f850039ce571eb6e90b2eed15548,2026-09-13T18:45:00Z,Sassuolo,Juventus,betonlineag,h2h,Sassuolo,,5.35,2026-09-13T10:53:29Z
2026-09-13T1054,0a91f850039ce571eb6e90b2eed15548,2026-09-13T18:45:00Z,Sassuolo,Juventus,betonlineag,h2h,Draw,,3.95,2026-09-13T10:53:29Z
2026-09-13T1054,0a91f850039ce571eb6e90b2eed15548,2026-09-13T18:45:00Z,Sassuolo,Juventus,betonlineag,totals,Over,2.5,1.81,2026-09-13T10:53:29Z
2026-09-13T1054,0a91f850039ce571eb6e90b2eed15548,2026-09-13T18:45:00Z,Sassuolo,Juventus,betonlineag,totals,Under,2.5,2.03,2026-09-13T10:53:29Z
2026-09-13T1054,0a91f850039ce571eb6e90b2eed15548,2026-09-13T18:45:00Z,Sassuolo,Juventus,marathonbet,h2h,Juventus,,1.68,2026-09-13T10:53:53Z
2026-09-13T1054,0a91f850039ce571eb6e90b2eed15548,2026-09-13T18:45:00Z,Sassuolo,Juventus,marathonbet,h2h,Sassuolo,,5.3,2026-09-13T10:53:53Z
2026-09-13T1054,0a91f850039ce571eb6e90b2eed15548,2026-09-13T18:45:00Z,Sassuolo,Juventus,marathonbet,h2h,Draw,,4.05,2026-09-13T10:53:53Z
2026-09-13T1054,0a91f850039ce571eb6e90b2eed15548,2026-09-13T18:45:00Z,Sassuolo,Juventus,betanysports,h2h,Juventus,,1.68,2026-09-13T10:53:51Z
2026-09-13T1054,0a91f850039ce571eb6e90b2eed15548,2026-09-13T18:45:00Z,Sassuolo,Juventus,betanysports,h2h,Sassuolo,,5.35,2026-09-13T10:53:51Z
2026-09-13T1054,0a91f850039ce571eb6e90b2eed15548,2026-09-13T18:45:00Z,Sassuolo,Juventus,betanysports,h2h,Draw,,3.95,2026-09-13T10:53:51Z
2026-09-13T1054,0a91f850039ce571eb6e90b2eed15548,2026-09-13T18:45:00Z,Sassuolo,Juventus,betanysports,totals,Over,2.5,1.81,2026-09-13T10:53:51Z
2026-09-13T1054,0a91f850039ce571eb6e90b2eed15548,2026-09-13T18:45:00Z,Sassuolo,Juventus,betanysports,totals,Under,2.5,2.04,2026-09-13T10:53:51Z
2026-09-13T1054,17a081148b714450797ef8d6a29d16e6,2026-09-14T16:30:00Z,Torino,AS Roma,betway,h2h,AS Roma,,1.57,2026-09-13T10:53:52Z
2026-09-13T1054,17a081148b714450797ef8d6a29d16e6,2026-09-14T16:30:00Z,Torino,AS Roma,betway,h2h,Torino,,5.5,2026-09-13T10:53:52Z
2026-09-13T1054,17a081148b714450797ef8d6a29d16e6,2026-09-14T16:30:00Z,Torino,AS Roma,betway,h2h,Draw,,4.2,2026-09-13T10:53:52Z
2026-09-13T1054,17a081148b714450797ef8d6a29d16e6,2026-09-14T16:30:00Z,Torino,AS Roma,winamax_de,h2h,AS Roma,,1.52,2026-09-13T10:52:28Z
2026-09-13T1054,17a081148b714450797ef8d6a29d16e6,2026-09-14T16:30:00Z,Torino,AS Roma,winamax_de,h2h,Torino,,5.5,2026-09-13T10:52:28Z
2026-09-13T1054,17a081148b714450797ef8d6a29d16e6,2026-09-14T16:30:00Z,Torino,AS Roma,winamax_de,h2h,Draw,,4.4,2026-09-13T10:52:28Z
2026-09-13T1054,17a081148b714450797ef8d6a29d16e6,2026-09-14T16:30:00Z,Torino,AS Roma,virginbet,h2h,AS Roma,,1.47,2026-09-13T10:54:13Z
2026-09-13T1054,17a081148b714450797ef8d6a29d16e6,2026-09-14T16:30:00Z,Torino,AS Roma,virginbet,h2h,Torino,,5.6,2026-09-13T10:54:13Z
2026-09-13T1054,17a081148b714450797ef8d6a29d16e6,2026-09-14T16:30:00Z,Torino,AS Roma,virginbet,h2h,Draw,,3.9,2026-09-13T10:54:13Z
2026-09-13T1054,17a081148b714450797ef8d6a29d16e6,2026-09-14T16:30:00Z,Torino,AS Roma,leovegas_se,h2h,AS Roma,,1.5,2026-09-13T10:54:12Z
2026-09-13T1054,17a081148b714450797ef8d6a29d16e6,2026-09-14T16:30:00Z,Torino,AS Roma,leovegas_se,h2h,Torino,,5.8,2026-09-13T10:54:12Z
2026-09-13T1054,17a081148b714450797ef8d6a29d16e6,2026-09-14T16:30:00Z,Torino,AS Roma,leovegas_se,h2h,Draw,,4.0,2026-09-13T10:54:12Z
2026-09-13T1054,17a081148b714450797ef8d6a29d16e6,2026-09-14T16:30:00Z,Torino,AS Roma,leovegas_se,totals,Over,2.5,1.75,2026-09-13T10:54:12Z
2026-09-13T1054,17a081148b714450797ef8d6a29d16e6,2026-09-14T16:30:00Z,Torino,AS Roma,leovegas_se,totals,Under,2.5,2.08,2026-09-13T10:54:12Z
2026-09-13T1054,17a081148b714450797ef8d6a29d16e6,2026-09-14T16:30:00Z,Torino,AS Roma,casumo,h2h,AS Roma,,1.51,2026-09-13T10:53:51Z
2026-09-13T1054,17a081148b714450797ef8d6a29d16e6,2026-09-14T16:30:00Z,Torino,AS Roma,casumo,h2h,Torino,,6.0,2026-09-13T10:53:51Z
2026-09-13T1054,17a081148b714450797ef8d6a29d16e6,2026-09-14T16:30:00Z,Torino,AS Roma,casumo,h2h,Draw,,4.1,2026-09-13T10:53:51Z
2026-09-13T1054,17a081148b714450797ef8d6a29d16e6,2026-09-14T16:30:00Z,Torino,AS Roma,casumo,totals,Over,2.5,1.73,2026-09-13T10:53:51Z
2026-09-13T1054,17a081148b714450797ef8d6a29d16e6,2026-09-14T16:30:00Z,Torino,AS Roma,casumo,totals,Under,2.5,2.05,2026-09-13T10:53:51Z
2026-09-13T1054,17a081148b714450797ef8d6a29d16e6,2026-09-14T16:30:00Z,Torino,AS Roma,grosvenor,h2h,AS Roma,,1.53,2026-09-13T10:53:51Z
2026-09-13T1054,17a081148b714450797ef8d6a29d16e6,2026-09-14T16:30:00Z,Torino,AS Roma,grosvenor,h2h,Torino,,6.1,2026-09-13T10:53:51Z
2026-09-13T1054,17a081148b714450797ef8d6a29d16e6,2026-09-14T16:30:00Z,Torino,AS Roma,grosvenor,h2h,Draw,,4.2,2026-09-13T10:53:51Z
2026-09-13T1054,17a081148b714450797ef8d6a29d16e6,2026-09-14T16:30:00Z,Torino,AS Roma,grosvenor,totals,Over,2.5,1.73,2026-09-13T10:53:51Z
2026-09-13T1054,17a081148b714450797ef8d6a29d16e6,2026-09-14T16:30:00Z,Torino,AS Roma,grosvenor,totals,Under,2.5,2.05,2026-09-13T10:53:51Z
2026-09-13T1054,17a081148b714450797ef8d6a29d16e6,2026-09-14T16:30:00Z,Torino,AS Roma,unibet_fr,h2h,AS Roma,,1.48,2026-09-13T10:54:13Z
2026-09-13T1054,17a081148b714450797ef8d6a29d16e6,2026-09-14T16:30:00Z,Torino,AS Roma,unibet_fr,h2h,Torino,,5.5,2026-09-13T10:54:13Z
2026-09-13T1054,17a081148b714450797ef8d6a29d16e6,2026-09-14T16:30:00Z,Torino,AS Roma,unibet_fr,h2h,Draw,,4.1,2026-09-13T10:54:13Z
2026-09-13T1054,17a081148b714450797ef8d6a29d16e6,2026-09-14T16:30:00Z,Torino,AS Roma,livescorebet,h2h,AS Roma,,1.47,2026-09-13T10:53:51Z
2026-09-13T1054,17a081148b714450797ef8d6a29d16e6,2026-09-14T16:30:00Z,Torino,AS Roma,livescorebet,h2h,Torino,,5.75,2026-09-13T10:53:51Z
2026-09-13T1054,17a081148b714450797ef8d6a29d16e6,2026-09-14T16:30:00Z,Torino,AS Roma,livescorebet,h2h,Draw,,3.9,2026-09-13T10:53:51Z
2026-09-13T1054,17a081148b714450797ef8d6a29d16e6,2026-09-14T16:30:00Z,Torino,AS Roma,winamax_fr,h2h,AS Roma,,1.5,2026-09-13T10:53:52Z
2026-09-13T1054,17a081148b714450797ef8d6a29d16e6,2026-09-14T16:30:00Z,Torino,AS Roma,winamax_fr,h2h,Torino,,5.3,2026-09-13T10:53:52Z
2026-09-13T1054,17a081148b714450797ef8d6a29d16e6,2026-09-14T16:30:00Z,Torino,AS Roma,winamax_fr,h2h,Draw,,4.2,2026-09-13T10:53:52Z
2026-09-13T1054,17a081148b714450797ef8d6a29d16e6,2026-09-14T16:30:00Z,Torino,AS Roma,unibet_uk,h2h,AS Roma,,1.55,2026-09-13T10:53:29Z
2026-09-13T1054,17a081148b714450797ef8d6a29d16e6,2026-09-14T16:30:00Z,Torino,AS Roma,unibet_uk,h2h,Torino,,5.75,2026-09-13T10:53:29Z
2026-09-13T1054,17a081148b714450797ef8d6a29d16e6,2026-09-14T16:30:00Z,Torino,AS Roma,unibet_uk,h2h,Draw,,4.2,2026-09-13T10:53:29Z
2026-09-13T1054,17a081148b714450797ef8d6a29d16e6,2026-09-14T16:30:00Z,Torino,AS Roma,unibet_nl,h2h,AS Roma,,1.56,2026-09-13T10:53:29Z
2026-09-13T1054,17a081148b714450797ef8d6a29d16e6,2026-09-14T16:30:00Z,Torino,AS Roma,unibet_nl,h2h,Torino,,6.4,2026-09-13T10:53:29Z
2026-09-13T1054,17a081148b714450797ef8d6a29d16e6,2026-09-14T16:30:00Z,Torino,AS Roma,unibet_nl,h2h,Draw,,4.35,2026-09-13T10:53:29Z
2026-09-13T1054,17a081148b714450797ef8d6a29d16e6,2026-09-14T16:30:00Z,Torino,AS Roma,unibet_nl,totals,Over,2.5,1.73,2026-09-13T10:53:29Z
2026-09-13T1054,17a081148b714450797ef8d6a29d16e6,2026-09-14T16:30:00Z,Torino,AS Roma,unibet_nl,totals,Under,2.5,2.05,2026-09-13T10:53:29Z
2026-09-13T1054,17a081148b714450797ef8d6a29d16e6,2026-09-14T16:30:00Z,Torino,AS Roma,leovegas,h2h,AS Roma,,1.55,2026-09-13T10:53:51Z
2026-09-13T1054,17a081148b714450797ef8d6a29d16e6,2026-09-14T16:30:00Z,Torino,AS Roma,leovegas,h2h,Torino,,5.6,2026-09-13T10:53:51Z
2026-09-13T1054,17a081148b714450797ef8d6a29d16e6,2026-09-14T16:30:00Z,Torino,AS Roma,leovegas,h2h,Draw,,4.1,2026-09-13T10:53:51Z
2026-09-13T1054,17a081148b714450797ef8d6a29d16e6,2026-09-14T16:30:00Z,Torino,AS Roma,leovegas,totals,Over,2.5,1.73,2026-09-13T10:53:51Z
2026-09-13T1054,17a081148b714450797ef8d6a29d16e6,2026-09-14T16:30:00Z,Torino,AS Roma,leovegas,totals,Under,2.5,2.05,2026-09-13T10:53:51Z
2026-09-13T1054,17a081148b714450797ef8d6a29d16e6,2026-09-14T16:30:00Z,Torino,AS Roma,unibet_se,h2h,AS Roma,,1.56,2026-09-13T10:53:29Z
2026-09-13T1054,17a081148b714450797ef8d6a29d16e6,2026-09-14T16:30:00Z,Torino,AS Roma,unibet_se,h2h,Torino,,6.4,2026-09-13T10:53:29Z
2026-09-13T1054,17a081148b714450797ef8d6a29d16e6,2026-09-14T16:30:00Z,Torino,AS Roma,unibet_se,h2h,Draw,,4.35,2026-09-13T10:53:29Z
2026-09-13T1054,17a081148b714450797ef8d6a29d16e6,2026-09-14T16:30:00Z,Torino,AS Roma,unibet_se,totals,Over,2.5,1.75,2026-09-13T10:53:29Z
2026-09-13T1054,17a081148b714450797ef8d6a29d16e6,2026-09-14T16:30:00Z,Torino,AS Roma,unibet_se,totals,Under,2.5,2.08,2026-09-13T10:53:29Z
2026-09-13T1054,17a081148b714450797ef8d6a29d16e6,2026-09-14T16:30:00Z,Torino,AS Roma,pmu_fr,h2h,AS Roma,,1.51,2026-09-13T10:53:29Z
2026-09-13T1054,17a081148b714450797ef8d6a29d16e6,2026-09-14T16:30:00Z,Torino,AS Roma,pmu_fr,h2h,Torino,,5.8,2026-09-13T10:53:29Z
2026-09-13T1054,17a081148b714450797ef8d6a29d16e6,2026-09-14T16:30:00Z,Torino,AS Roma,pmu_fr,h2h,Draw,,4.0,2026-09-13T10:53:29Z
2026-09-13T1054,17a081148b714450797ef8d6a29d16e6,2026-09-14T16:30:00Z,Torino,AS Roma,pmu_fr,totals,Over,2.5,1.64,2026-09-13T10:53:29Z
2026-09-13T1054,17a081148b714450797ef8d6a29d16e6,2026-09-14T16:30:00Z,Torino,AS Roma,pmu_fr,totals,Under,2.5,1.93,2026-09-13T10:53:29Z
2026-09-13T1054,17a081148b714450797ef8d6a29d16e6,2026-09-14T16:30:00Z,Torino,AS Roma,betclic_fr,h2h,AS Roma,,1.52,2026-09-13T10:52:40Z
2026-09-13T1054,17a081148b714450797ef8d6a29d16e6,2026-09-14T16:30:00Z,Torino,AS Roma,betclic_fr,h2h,Torino,,5.6,2026-09-13T10:52:40Z
2026-09-13T1054,17a081148b714450797ef8d6a29d16e6,2026-09-14T16:30:00Z,Torino,AS Roma,betclic_fr,h2h,Draw,,4.1,2026-09-13T10:52:40Z
2026-09-13T1054,17a081148b714450797ef8d6a29d16e6,2026-09-14T16:30:00Z,Torino,AS Roma,onexbet,h2h,AS Roma,,1.62,2026-09-13T10:54:12Z
2026-09-13T1054,17a081148b714450797ef8d6a29d16e6,2026-09-14T16:30:00Z,Torino,AS Roma,onexbet,h2h,Torino,,6.19,2026-09-13T10:54:12Z
2026-09-13T1054,17a081148b714450797ef8d6a29d16e6,2026-09-14T16:30:00Z,Torino,AS Roma,onexbet,h2h,Draw,,4.25,2026-09-13T10:54:12Z
2026-09-13T1054,17a081148b714450797ef8d6a29d16e6,2026-09-14T16:30:00Z,Torino,AS Roma,onexbet,totals,Over,2.5,1.82,2026-09-13T10:54:12Z
2026-09-13T1054,17a081148b714450797ef8d6a29d16e6,2026-09-14T16:30:00Z,Torino,AS Roma,onexbet,totals,Under,2.5,2.14,2026-09-13T10:54:12Z
2026-09-13T1054,17a081148b714450797ef8d6a29d16e6,2026-09-14T16:30:00Z,Torino,AS Roma,tipico_de,h2h,AS Roma,,1.55,2026-09-13T10:54:14Z
2026-09-13T1054,17a081148b714450797ef8d6a29d16e6,2026-09-14T16:30:00Z,Torino,AS Roma,tipico_de,h2h,Torino,,5.8,2026-09-13T10:54:14Z
2026-09-13T1054,17a081148b714450797ef8d6a29d16e6,2026-09-14T16:30:00Z,Torino,AS Roma,tipico_de,h2h,Draw,,4.1,2026-09-13T10:54:14Z
2026-09-13T1054,17a081148b714450797ef8d6a29d16e6,2026-09-14T16:30:00Z,Torino,AS Roma,tipico_de,totals,Over,2.5,1.7,2026-09-13T10:54:14Z
2026-09-13T1054,17a081148b714450797ef8d6a29d16e6,2026-09-14T16:30:00Z,Torino,AS Roma,tipico_de,totals,Under,2.5,2.1,2026-09-13T10:54:14Z
2026-09-13T1054,17a081148b714450797ef8d6a29d16e6,2026-09-14T16:30:00Z,Torino,AS Roma,boylesports,h2h,AS Roma,,1.53,2026-09-13T10:53:30Z
2026-09-13T1054,17a081148b714450797ef8d6a29d16e6,2026-09-14T16:30:00Z,Torino,AS Roma,boylesports,h2h,Torino,,5.5,2026-09-13T10:53:30Z
2026-09-13T1054,17a081148b714450797ef8d6a29d16e6,2026-09-14T16:30:00Z,Torino,AS Roma,boylesports,h2h,Draw,,4.0,2026-09-13T10:53:30Z
2026-09-13T1054,17a081148b714450797ef8d6a29d16e6,2026-09-14T16:30:00Z,Torino,AS Roma,smarkets,h2h,AS Roma,,1.61,2026-09-13T10:54:13Z
2026-09-13T1054,17a081148b714450797ef8d6a29d16e6,2026-09-14T16:30:00Z,Torino,AS Roma,smarkets,h2h,Torino,,6.2,2026-09-13T10:54:13Z
2026-09-13T1054,17a081148b714450797ef8d6a29d16e6,2026-09-14T16:30:00Z,Torino,AS Roma,smarkets,h2h,Draw,,4.5,2026-09-13T10:54:13Z
2026-09-13T1054,17a081148b714450797ef8d6a29d16e6,2026-09-14T16:30:00Z,Torino,AS Roma,smarkets,h2h_lay,AS Roma,,1.63,2026-09-13T10:54:13Z
2026-09-13T1054,17a081148b714450797ef8d6a29d16e6,2026-09-14T16:30:00Z,Torino,AS Roma,smarkets,h2h_lay,Torino,,6.4,2026-09-13T10:54:13Z
2026-09-13T1054,17a081148b714450797ef8d6a29d16e6,2026-09-14T16:30:00Z,Torino,AS Roma,smarkets,h2h_lay,Draw,,4.6,2026-09-13T10:54:13Z
2026-09-13T1054,17a081148b714450797ef8d6a29d16e6,2026-09-14T16:30:00Z,Torino,AS Roma,betfred_uk,h2h,AS Roma,,1.6,2026-09-13T10:54:13Z
2026-09-13T1054,17a081148b714450797ef8d6a29d16e6,2026-09-14T16:30:00Z,Torino,AS Roma,betfred_uk,h2h,Torino,,5.5,2026-09-13T10:54:13Z
2026-09-13T1054,17a081148b714450797ef8d6a29d16e6,2026-09-14T16:30:00Z,Torino,AS Roma,betfred_uk,h2h,Draw,,4.0,2026-09-13T10:54:13Z
2026-09-13T1054,17a081148b714450797ef8d6a29d16e6,2026-09-14T16:30:00Z,Torino,AS Roma,sport888,h2h,AS Roma,,1.57,2026-09-13T10:53:28Z
2026-09-13T1054,17a081148b714450797ef8d6a29d16e6,2026-09-14T16:30:00Z,Torino,AS Roma,sport888,h2h,Torino,,5.5,2026-09-13T10:53:28Z
2026-09-13T1054,17a081148b714450797ef8d6a29d16e6,2026-09-14T16:30:00Z,Torino,AS Roma,sport888,h2h,Draw,,3.8,2026-09-13T10:53:28Z
2026-09-13T1054,17a081148b714450797ef8d6a29d16e6,2026-09-14T16:30:00Z,Torino,AS Roma,betfair_ex_uk,h2h,AS Roma,,1.61,2026-09-13T10:54:15Z
2026-09-13T1054,17a081148b714450797ef8d6a29d16e6,2026-09-14T16:30:00Z,Torino,AS Roma,betfair_ex_uk,h2h,Torino,,6.0,2026-09-13T10:54:15Z
2026-09-13T1054,17a081148b714450797ef8d6a29d16e6,2026-09-14T16:30:00Z,Torino,AS Roma,betfair_ex_uk,h2h,Draw,,4.5,2026-09-13T10:54:15Z
2026-09-13T1054,17a081148b714450797ef8d6a29d16e6,2026-09-14T16:30:00Z,Torino,AS Roma,betfair_ex_uk,h2h_lay,AS Roma,,1.63,2026-09-13T10:54:15Z
2026-09-13T1054,17a081148b714450797ef8d6a29d16e6,2026-09-14T16:30:00Z,Torino,AS Roma,betfair_ex_uk,h2h_lay,Torino,,6.4,2026-09-13T10:54:15Z
2026-09-13T1054,17a081148b714450797ef8d6a29d16e6,2026-09-14T16:30:00Z,Torino,AS Roma,betfair_ex_uk,h2h_lay,Draw,,4.6,2026-09-13T10:54:15Z
2026-09-13T1054,17a081148b714450797ef8d6a29d16e6,2026-09-14T16:30:00Z,Torino,AS Roma,williamhill,h2h,AS Roma,,1.57,2026-09-13T10:53:51Z
2026-09-13T1054,17a081148b714450797ef8d6a29d16e6,2026-09-14T16:30:00Z,Torino,AS Roma,williamhill,h2h,Torino,,5.5,2026-09-13T10:53:51Z
2026-09-13T1054,17a081148b714450797ef8d6a29d16e6,2026-09-14T16:30:00Z,Torino,AS Roma,williamhill,h2h,Draw,,3.8,2026-09-13T10:53:51Z
2026-09-13T1054,17a081148b714450797ef8d6a29d16e6,2026-09-14T16:30:00Z,Torino,AS Roma,williamhill,totals,Over,2.5,1.75,2026-09-13T10:53:51Z
2026-09-13T1054,17a081148b714450797ef8d6a29d16e6,2026-09-14T16:30:00Z,Torino,AS Roma,williamhill,totals,Under,2.5,2.0,2026-09-13T10:53:51Z
2026-09-13T1054,17a081148b714450797ef8d6a29d16e6,2026-09-14T16:30:00Z,Torino,AS Roma,betfair_ex_eu,h2h,AS Roma,,1.61,2026-09-13T10:53:51Z
2026-09-13T1054,17a081148b714450797ef8d6a29d16e6,2026-09-14T16:30:00Z,Torino,AS Roma,betfair_ex_eu,h2h,Torino,,6.0,2026-09-13T10:53:51Z
2026-09-13T1054,17a081148b714450797ef8d6a29d16e6,2026-09-14T16:30:00Z,Torino,AS Roma,betfair_ex_eu,h2h,Draw,,4.5,2026-09-13T10:53:51Z
2026-09-13T1054,17a081148b714450797ef8d6a29d16e6,2026-09-14T16:30:00Z,Torino,AS Roma,betfair_ex_eu,h2h_lay,AS Roma,,1.63,2026-09-13T10:53:51Z
2026-09-13T1054,17a081148b714450797ef8d6a29d16e6,2026-09-14T16:30:00Z,Torino,AS Roma,betfair_ex_eu,h2h_lay,Torino,,6.4,2026-09-13T10:53:51Z
2026-09-13T1054,17a081148b714450797ef8d6a29d16e6,2026-09-14T16:30:00Z,Torino,AS Roma,betfair_ex_eu,h2h_lay,Draw,,4.6,2026-09-13T10:53:51Z
2026-09-13T1054,17a081148b714450797ef8d6a29d16e6,2026-09-14T16:30:00Z,Torino,AS Roma,paddypower,h2h,AS Roma,,1.53,2026-09-13T10:53:09Z
2026-09-13T1054,17a081148b714450797ef8d6a29d16e6,2026-09-14T16:30:00Z,Torino,AS Roma,paddypower,h2h,Torino,,5.5,2026-09-13T10:53:09Z
2026-09-13T1054,17a081148b714450797ef8d6a29d16e6,2026-09-14T16:30:00Z,Torino,AS Roma,paddypower,h2h,Draw,,4.2,2026-09-13T10:53:09Z
2026-09-13T1054,17a081148b714450797ef8d6a29d16e6,2026-09-14T16:30:00Z,Torino,AS Roma,skybet,h2h,AS Roma,,1.55,2026-09-13T10:53:51Z
2026-09-13T1054,17a081148b714450797ef8d6a29d16e6,2026-09-14T16:30:00Z,Torino,AS Roma,skybet,h2h,Torino,,5.5,2026-09-13T10:53:51Z
2026-09-13T1054,17a081148b714450797ef8d6a29d16e6,2026-09-14T16:30:00Z,Torino,AS Roma,skybet,h2h,Draw,,4.2,2026-09-13T10:53:51Z
2026-09-13T1054,17a081148b714450797ef8d6a29d16e6,2026-09-14T16:30:00Z,Torino,AS Roma,nordicbet,h2h,AS Roma,,1.55,2026-09-13T10:52:27Z
2026-09-13T1054,17a081148b714450797ef8d6a29d16e6,2026-09-14T16:30:00Z,Torino,AS Roma,nordicbet,h2h,Torino,,5.9,2026-09-13T10:52:27Z
2026-09-13T1054,17a081148b714450797ef8d6a29d16e6,2026-09-14T16:30:00Z,Torino,AS Roma,nordicbet,h2h,Draw,,4.05,2026-09-13T10:52:27Z
2026-09-13T1054,17a081148b714450797ef8d6a29d16e6,2026-09-14T16:30:00Z,Torino,AS Roma,nordicbet,totals,Over,2.5,1.75,2026-09-13T10:52:27Z
2026-09-13T1054,17a081148b714450797ef8d6a29d16e6,2026-09-14T16:30:00Z,Torino,AS Roma,nordicbet,totals,Under,2.5,2.02,2026-09-13T10:52:27Z
2026-09-13T1054,17a081148b714450797ef8d6a29d16e6,2026-09-14T16:30:00Z,Torino,AS Roma,betsson,h2h,AS Roma,,1.55,2026-09-13T10:53:30Z
2026-09-13T1054,17a081148b714450797ef8d6a29d16e6,2026-09-14T16:30:00Z,Torino,AS Roma,betsson,h2h,Torino,,5.9,2026-09-13T10:53:30Z
2026-09-13T1054,17a081148b714450797ef8d6a29d16e6,2026-09-14T16:30:00Z,Torino,AS Roma,betsson,h2h,Draw,,4.05,2026-09-13T10:53:30Z
2026-09-13T1054,17a081148b714450797ef8d6a29d16e6,2026-09-14T16:30:00Z,Torino,AS Roma,betsson,totals,Over,2.5,1.75,2026-09-13T10:53:30Z
2026-09-13T1054,17a081148b714450797ef8d6a29d16e6,2026-09-14T16:30:00Z,Torino,AS Roma,betsson,totals,Under,2.5,2.02,2026-09-13T10:53:30Z
2026-09-13T1054,17a081148b714450797ef8d6a29d16e6,2026-09-14T16:30:00Z,Torino,AS Roma,coral,h2h,AS Roma,,1.6,2026-09-13T10:53:29Z
2026-09-13T1054,17a081148b714450797ef8d6a29d16e6,2026-09-14T16:30:00Z,Torino,AS Roma,coral,h2h,Torino,,5.5,2026-09-13T10:53:29Z
2026-09-13T1054,17a081148b714450797ef8d6a29d16e6,2026-09-14T16:30:00Z,Torino,AS Roma,coral,h2h,Draw,,4.0,2026-09-13T10:53:29Z
2026-09-13T1054,17a081148b714450797ef8d6a29d16e6,2026-09-14T16:30:00Z,Torino,AS Roma,ladbrokes_uk,h2h,AS Roma,,1.6,2026-09-13T10:53:51Z
2026-09-13T1054,17a081148b714450797ef8d6a29d16e6,2026-09-14T16:30:00Z,Torino,AS Roma,ladbrokes_uk,h2h,Torino,,5.5,2026-09-13T10:53:51Z
2026-09-13T1054,17a081148b714450797ef8d6a29d16e6,2026-09-14T16:30:00Z,Torino,AS Roma,ladbrokes_uk,h2h,Draw,,3.9,2026-09-13T10:53:51Z
2026-09-13T1054,17a081148b714450797ef8d6a29d16e6,2026-09-14T16:30:00Z,Torino,AS Roma,pinnacle,h2h,AS Roma,,1.58,2026-09-13T10:54:12Z
2026-09-13T1054,17a081148b714450797ef8d6a29d16e6,2026-09-14T16:30:00Z,Torino,AS Roma,pinnacle,h2h,Torino,,5.91,2026-09-13T10:54:12Z
2026-09-13T1054,17a081148b714450797ef8d6a29d16e6,2026-09-14T16:30:00Z,Torino,AS Roma,pinnacle,h2h,Draw,,4.24,2026-09-13T10:54:12Z
2026-09-13T1054,17a081148b714450797ef8d6a29d16e6,2026-09-14T16:30:00Z,Torino,AS Roma,codere_it,h2h,AS Roma,,1.56,2026-09-13T10:53:51Z
2026-09-13T1054,17a081148b714450797ef8d6a29d16e6,2026-09-14T16:30:00Z,Torino,AS Roma,codere_it,h2h,Torino,,5.8,2026-09-13T10:53:51Z
2026-09-13T1054,17a081148b714450797ef8d6a29d16e6,2026-09-14T16:30:00Z,Torino,AS Roma,codere_it,h2h,Draw,,4.2,2026-09-13T10:53:51Z
2026-09-13T1054,17a081148b714450797ef8d6a29d16e6,2026-09-14T16:30:00Z,Torino,AS Roma,codere_it,totals,Over,2.5,1.69,2026-09-13T10:53:51Z
2026-09-13T1054,17a081148b714450797ef8d6a29d16e6,2026-09-14T16:30:00Z,Torino,AS Roma,codere_it,totals,Under,2.5,2.01,2026-09-13T10:53:51Z
2026-09-13T1054,17a081148b714450797ef8d6a29d16e6,2026-09-14T16:30:00Z,Torino,AS Roma,betano_uk,h2h,AS Roma,,1.55,2026-09-13T10:52:17Z
2026-09-13T1054,17a081148b714450797ef8d6a29d16e6,2026-09-14T16:30:00Z,Torino,AS Roma,betano_uk,h2h,Torino,,5.75,2026-09-13T10:52:17Z
2026-09-13T1054,17a081148b714450797ef8d6a29d16e6,2026-09-14T16:30:00Z,Torino,AS Roma,betano_uk,h2h,Draw,,4.2,2026-09-13T10:52:17Z
2026-09-13T1054,17a081148b714450797ef8d6a29d16e6,2026-09-14T16:30:00Z,Torino,AS Roma,betvictor,h2h,AS Roma,,1.55,2026-09-13T10:53:44Z
2026-09-13T1054,17a081148b714450797ef8d6a29d16e6,2026-09-14T16:30:00Z,Torino,AS Roma,betvictor,h2h,Torino,,5.75,2026-09-13T10:53:44Z
2026-09-13T1054,17a081148b714450797ef8d6a29d16e6,2026-09-14T16:30:00Z,Torino,AS Roma,betvictor,h2h,Draw,,4.2,2026-09-13T10:53:44Z
2026-09-13T1054,17a081148b714450797ef8d6a29d16e6,2026-09-14T16:30:00Z,Torino,AS Roma,coolbet,h2h,AS Roma,,1.6,2026-09-13T10:53:30Z
2026-09-13T1054,17a081148b714450797ef8d6a29d16e6,2026-09-14T16:30:00Z,Torino,AS Roma,coolbet,h2h,Torino,,6.3,2026-09-13T10:53:30Z
2026-09-13T1054,17a081148b714450797ef8d6a29d16e6,2026-09-14T16:30:00Z,Torino,AS Roma,coolbet,h2h,Draw,,4.05,2026-09-13T10:53:30Z
2026-09-13T1054,17a081148b714450797ef8d6a29d16e6,2026-09-14T16:30:00Z,Torino,AS Roma,coolbet,totals,Over,2.5,1.81,2026-09-13T10:53:30Z
2026-09-13T1054,17a081148b714450797ef8d6a29d16e6,2026-09-14T16:30:00Z,Torino,AS Roma,coolbet,totals,Under,2.5,2.1,2026-09-13T10:53:30Z
2026-09-13T1054,17a081148b714450797ef8d6a29d16e6,2026-09-14T16:30:00Z,Torino,AS Roma,matchbook,h2h,AS Roma,,1.61,2026-09-13T10:54:12Z
2026-09-13T1054,17a081148b714450797ef8d6a29d16e6,2026-09-14T16:30:00Z,Torino,AS Roma,matchbook,h2h,Torino,,6.2,2026-09-13T10:54:12Z
2026-09-13T1054,17a081148b714450797ef8d6a29d16e6,2026-09-14T16:30:00Z,Torino,AS Roma,matchbook,h2h,Draw,,4.5,2026-09-13T10:54:12Z
2026-09-13T1054,17a081148b714450797ef8d6a29d16e6,2026-09-14T16:30:00Z,Torino,AS Roma,matchbook,h2h_lay,AS Roma,,1.63,2026-09-13T10:54:12Z
2026-09-13T1054,17a081148b714450797ef8d6a29d16e6,2026-09-14T16:30:00Z,Torino,AS Roma,matchbook,h2h_lay,Torino,,6.4,2026-09-13T10:54:12Z
2026-09-13T1054,17a081148b714450797ef8d6a29d16e6,2026-09-14T16:30:00Z,Torino,AS Roma,matchbook,h2h_lay,Draw,,4.6,2026-09-13T10:54:12Z
2026-09-13T1054,17a081148b714450797ef8d6a29d16e6,2026-09-14T16:30:00Z,Torino,AS Roma,matchbook,totals,Over,2.5,1.82,2026-09-13T10:54:12Z
2026-09-13T1054,17a081148b714450797ef8d6a29d16e6,2026-09-14T16:30:00Z,Torino,AS Roma,matchbook,totals,Under,2.5,2.2,2026-09-13T10:54:12Z
2026-09-13T1054,17a081148b714450797ef8d6a29d16e6,2026-09-14T16:30:00Z,Torino,AS Roma,betfair_sb_uk,h2h,AS Roma,,1.57,2026-09-13T10:54:13Z
2026-09-13T1054,17a081148b714450797ef8d6a29d16e6,2026-09-14T16:30:00Z,Torino,AS Roma,betfair_sb_uk,h2h,Torino,,5.5,2026-09-13T10:54:13Z
2026-09-13T1054,17a081148b714450797ef8d6a29d16e6,2026-09-14T16:30:00Z,Torino,AS Roma,betfair_sb_uk,h2h,Draw,,4.33,2026-09-13T10:54:13Z
2026-09-13T1054,17a081148b714450797ef8d6a29d16e6,2026-09-14T16:30:00Z,Torino,AS Roma,gtbets,h2h,AS Roma,,1.6,2026-09-13T10:53:30Z
2026-09-13T1054,17a081148b714450797ef8d6a29d16e6,2026-09-14T16:30:00Z,Torino,AS Roma,gtbets,h2h,Torino,,5.89,2026-09-13T10:53:30Z
2026-09-13T1054,17a081148b714450797ef8d6a29d16e6,2026-09-14T16:30:00Z,Torino,AS Roma,gtbets,h2h,Draw,,3.92,2026-09-13T10:53:30Z
2026-09-13T1054,17a081148b714450797ef8d6a29d16e6,2026-09-14T16:30:00Z,Torino,AS Roma,gtbets,totals,Over,2.5,1.76,2026-09-13T10:53:30Z
2026-09-13T1054,17a081148b714450797ef8d6a29d16e6,2026-09-14T16:30:00Z,Torino,AS Roma,gtbets,totals,Under,2.5,2.0,2026-09-13T10:53:30Z
2026-09-13T1054,17a081148b714450797ef8d6a29d16e6,2026-09-14T16:30:00Z,Torino,AS Roma,betonlineag,h2h,AS Roma,,1.57,2026-09-13T10:53:29Z
2026-09-13T1054,17a081148b714450797ef8d6a29d16e6,2026-09-14T16:30:00Z,Torino,AS Roma,betonlineag,h2h,Torino,,6.01,2026-09-13T10:53:29Z
2026-09-13T1054,17a081148b714450797ef8d6a29d16e6,2026-09-14T16:30:00Z,Torino,AS Roma,betonlineag,h2h,Draw,,4.32,2026-09-13T10:53:29Z
2026-09-13T1054,17a081148b714450797ef8d6a29d16e6,2026-09-14T16:30:00Z,Torino,AS Roma,betonlineag,totals,Over,2.5,1.77,2026-09-13T10:53:29Z
2026-09-13T1054,17a081148b714450797ef8d6a29d16e6,2026-09-14T16:30:00Z,Torino,AS Roma,betonlineag,totals,Under,2.5,2.06,2026-09-13T10:53:29Z
2026-09-13T1054,17a081148b714450797ef8d6a29d16e6,2026-09-14T16:30:00Z,Torino,AS Roma,everygame,h2h,AS Roma,,1.53,2026-09-13T10:53:03Z
2026-09-13T1054,17a081148b714450797ef8d6a29d16e6,2026-09-14T16:30:00Z,Torino,AS Roma,everygame,h2h,Torino,,5.5,2026-09-13T10:53:03Z
2026-09-13T1054,17a081148b714450797ef8d6a29d16e6,2026-09-14T16:30:00Z,Torino,AS Roma,everygame,h2h,Draw,,4.0,2026-09-13T10:53:03Z
2026-09-13T1054,17a081148b714450797ef8d6a29d16e6,2026-09-14T16:30:00Z,Torino,AS Roma,marathonbet,h2h,AS Roma,,1.58,2026-09-13T10:53:53Z
2026-09-13T1054,17a081148b714450797ef8d6a29d16e6,2026-09-14T16:30:00Z,Torino,AS Roma,marathonbet,h2h,Torino,,6.05,2026-09-13T10:53:53Z
2026-09-13T1054,17a081148b714450797ef8d6a29d16e6,2026-09-14T16:30:00Z,Torino,AS Roma,marathonbet,h2h,Draw,,4.15,2026-09-13T10:53:53Z
2026-09-13T1054,17a081148b714450797ef8d6a29d16e6,2026-09-14T16:30:00Z,Torino,AS Roma,betanysports,h2h,AS Roma,,1.36,2026-09-13T10:53:51Z
2026-09-13T1054,17a081148b714450797ef8d6a29d16e6,2026-09-14T16:30:00Z,Torino,AS Roma,betanysports,h2h,Torino,,2.95,2026-09-13T10:53:51Z
2026-09-13T1054,17a081148b714450797ef8d6a29d16e6,2026-09-14T16:30:00Z,Torino,AS Roma,betanysports,h2h,Draw,,4.1,2026-09-13T10:53:51Z
2026-09-13T1054,9da3aa4b46166eb4ccd1e600d67080a6,2026-09-14T16:30:00Z,Como,Parma,betway,h2h,Como,,1.2,2026-09-13T10:53:52Z
2026-09-13T1054,9da3aa4b46166eb4ccd1e600d67080a6,2026-09-14T16:30:00Z,Como,Parma,betway,h2h,Parma,,13.0,2026-09-13T10:53:52Z
2026-09-13T1054,9da3aa4b46166eb4ccd1e600d67080a6,2026-09-14T16:30:00Z,Como,Parma,betway,h2h,Draw,,6.5,2026-09-13T10:53:52Z
2026-09-13T1054,9da3aa4b46166eb4ccd1e600d67080a6,2026-09-14T16:30:00Z,Como,Parma,winamax_de,h2h,Como,,1.2,2026-09-13T10:52:28Z
2026-09-13T1054,9da3aa4b46166eb4ccd1e600d67080a6,2026-09-14T16:30:00Z,Como,Parma,winamax_de,h2h,Parma,,11.5,2026-09-13T10:52:28Z
2026-09-13T1054,9da3aa4b46166eb4ccd1e600d67080a6,2026-09-14T16:30:00Z,Como,Parma,winamax_de,h2h,Draw,,6.5,2026-09-13T10:52:28Z
2026-09-13T1054,9da3aa4b46166eb4ccd1e600d67080a6,2026-09-14T16:30:00Z,Como,Parma,virginbet,h2h,Como,,1.17,2026-09-13T10:54:13Z
2026-09-13T1054,9da3aa4b46166eb4ccd1e600d67080a6,2026-09-14T16:30:00Z,Como,Parma,virginbet,h2h,Parma,,12.0,2026-09-13T10:54:13Z
2026-09-13T1054,9da3aa4b46166eb4ccd1e600d67080a6,2026-09-14T16:30:00Z,Como,Parma,virginbet,h2h,Draw,,6.1,2026-09-13T10:54:13Z
2026-09-13T1054,9da3aa4b46166eb4ccd1e600d67080a6,2026-09-14T16:30:00Z,Como,Parma,leovegas_se,h2h,Como,,1.19,2026-09-13T10:54:12Z
2026-09-13T1054,9da3aa4b46166eb4ccd1e600d67080a6,2026-09-14T16:30:00Z,Como,Parma,leovegas_se,h2h,Parma,,12.5,2026-09-13T10:54:12Z
2026-09-13T1054,9da3aa4b46166eb4ccd1e600d67080a6,2026-09-14T16:30:00Z,Como,Parma,leovegas_se,h2h,Draw,,6.1,2026-09-13T10:54:12Z
2026-09-13T1054,9da3aa4b46166eb4ccd1e600d67080a6,2026-09-14T16:30:00Z,Como,Parma,leovegas_se,totals,Over,2.5,1.57,2026-09-13T10:54:12Z
2026-09-13T1054,9da3aa4b46166eb4ccd1e600d67080a6,2026-09-14T16:30:00Z,Como,Parma,leovegas_se,totals,Under,2.5,2.38,2026-09-13T10:54:12Z
2026-09-13T1054,9da3aa4b46166eb4ccd1e600d67080a6,2026-09-14T16:30:00Z,Como,Parma,casumo,h2h,Como,,1.2,2026-09-13T10:53:51Z
2026-09-13T1054,9da3aa4b46166eb4ccd1e600d67080a6,2026-09-14T16:30:00Z,Como,Parma,casumo,h2h,Parma,,13.0,2026-09-13T10:53:51Z
2026-09-13T1054,9da3aa4b46166eb4ccd1e600d67080a6,2026-09-14T16:30:00Z,Como,Parma,casumo,h2h,Draw,,6.4,2026-09-13T10:53:51Z
2026-09-13T1054,9da3aa4b46166eb4ccd1e600d67080a6,2026-09-14T16:30:00Z,Como,Parma,casumo,totals,Over,2.5,1.56,2026-09-13T10:53:51Z
2026-09-13T1054,9da3aa4b46166eb4ccd1e600d67080a6,2026-09-14T16:30:00Z,Como,Parma,casumo,totals,Under,2.5,2.35,2026-09-13T10:53:51Z
2026-09-13T1054,9da3aa4b46166eb4ccd1e600d67080a6,2026-09-14T16:30:00Z,Como,Parma,grosvenor,h2h,Como,,1.21,2026-09-13T10:53:51Z
2026-09-13T1054,9da3aa4b46166eb4ccd1e600d67080a6,2026-09-14T16:30:00Z,Como,Parma,grosvenor,h2h,Parma,,14.0,2026-09-13T10:53:51Z
2026-09-13T1054,9da3aa4b46166eb4ccd1e600d67080a6,2026-09-14T16:30:00Z,Como,Parma,grosvenor,h2h,Draw,,6.5,2026-09-13T10:53:51Z
2026-09-13T1054,9da3aa4b46166eb4ccd1e600d67080a6,2026-09-14T16:30:00Z,Como,Parma,grosvenor,totals,Over,2.5,1.56,2026-09-13T10:53:51Z
2026-09-13T1054,9da3aa4b46166eb4ccd1e600d67080a6,2026-09-14T16:30:00Z,Como,Parma,grosvenor,totals,Under,2.5,2.35,2026-09-13T10:53:51Z
2026-09-13T1054,9da3aa4b46166eb4ccd1e600d67080a6,2026-09-14T16:30:00Z,Como,Parma,unibet_fr,h2h,Como,,1.17,2026-09-13T10:54:13Z
2026-09-13T1054,9da3aa4b46166eb4ccd1e600d67080a6,2026-09-14T16:30:00Z,Como,Parma,unibet_fr,h2h,Parma,,13.0,2026-09-13T10:54:13Z
2026-09-13T1054,9da3aa4b46166eb4ccd1e600d67080a6,2026-09-14T16:30:00Z,Como,Parma,unibet_fr,h2h,Draw,,6.0,2026-09-13T10:54:13Z
2026-09-13T1054,9da3aa4b46166eb4ccd1e600d67080a6,2026-09-14T16:30:00Z,Como,Parma,livescorebet,h2h,Como,,1.17,2026-09-13T10:53:51Z
2026-09-13T1054,9da3aa4b46166eb4ccd1e600d67080a6,2026-09-14T16:30:00Z,Como,Parma,livescorebet,h2h,Parma,,12.0,2026-09-13T10:53:51Z
2026-09-13T1054,9da3aa4b46166eb4ccd1e600d67080a6,2026-09-14T16:30:00Z,Como,Parma,livescorebet,h2h,Draw,,6.1,2026-09-13T10:53:51Z
2026-09-13T1054,9da3aa4b46166eb4ccd1e600d67080a6,2026-09-14T16:30:00Z,Como,Parma,winamax_fr,h2h,Como,,1.19,2026-09-13T10:53:52Z
2026-09-13T1054,9da3aa4b46166eb4ccd1e600d67080a6,2026-09-14T16:30:00Z,Como,Parma,winamax_fr,h2h,Parma,,11.0,2026-09-13T10:53:52Z
2026-09-13T1054,9da3aa4b46166eb4ccd1e600d67080a6,2026-09-14T16:30:00Z,Como,Parma,winamax_fr,h2h,Draw,,6.25,2026-09-13T10:53:52Z
2026-09-13T1054,9da3aa4b46166eb4ccd1e600d67080a6,2026-09-14T16:30:00Z,Como,Parma,unibet_uk,h2h,Como,,1.22,2026-09-13T10:53:29Z
2026-09-13T1054,9da3aa4b46166eb4ccd1e600d67080a6,2026-09-14T16:30:00Z,Como,Parma,unibet_uk,h2h,Parma,,14.0,2026-09-13T10:53:29Z
2026-09-13T1054,9da3aa4b46166eb4ccd1e600d67080a6,2026-09-14T16:30:00Z,Como,Parma,unibet_uk,h2h,Draw,,6.0,2026-09-13T10:53:29Z
2026-09-13T1054,9da3aa4b46166eb4ccd1e600d67080a6,2026-09-14T16:30:00Z,Como,Parma,unibet_nl,h2h,Como,,1.23,2026-09-13T10:53:29Z
2026-09-13T1054,9da3aa4b46166eb4ccd1e600d67080a6,2026-09-14T16:30:00Z,Como,Parma,unibet_nl,h2h,Parma,,15.0,2026-09-13T10:53:29Z
2026-09-13T1054,9da3aa4b46166eb4ccd1e600d67080a6,2026-09-14T16:30:00Z,Como,Parma,unibet_nl,h2h,Draw,,7.0,2026-09-13T10:53:29Z
2026-09-13T1054,9da3aa4b46166eb4ccd1e600d67080a6,2026-09-14T16:30:00Z,Como,Parma,unibet_nl,totals,Over,2.5,1.56,2026-09-13T10:53:29Z
2026-09-13T1054,9da3aa4b46166eb4ccd1e600d67080a6,2026-09-14T16:30:00Z,Como,Parma,unibet_nl,totals,Under,2.5,2.35,2026-09-13T10:53:29Z
2026-09-13T1054,9da3aa4b46166eb4ccd1e600d67080a6,2026-09-14T16:30:00Z,Como,Parma,leovegas,h2h,Como,,1.21,2026-09-13T10:53:51Z
2026-09-13T1054,9da3aa4b46166eb4ccd1e600d67080a6,2026-09-14T16:30:00Z,Como,Parma,leovegas,h2h,Parma,,12.0,2026-09-13T10:53:51Z
2026-09-13T1054,9da3aa4b46166eb4ccd1e600d67080a6,2026-09-14T16:30:00Z,Como,Parma,leovegas,h2h,Draw,,6.0,2026-09-13T10:53:51Z
2026-09-13T1054,9da3aa4b46166eb4ccd1e600d67080a6,2026-09-14T16:30:00Z,Como,Parma,leovegas,totals,Over,2.5,1.62,2026-09-13T10:53:51Z
2026-09-13T1054,9da3aa4b46166eb4ccd1e600d67080a6,2026-09-14T16:30:00Z,Como,Parma,leovegas,totals,Under,2.5,2.2,2026-09-13T10:53:51Z
2026-09-13T1054,9da3aa4b46166eb4ccd1e600d67080a6,2026-09-14T16:30:00Z,Como,Parma,unibet_se,h2h,Como,,1.23,2026-09-13T10:53:29Z
2026-09-13T1054,9da3aa4b46166eb4ccd1e600d67080a6,2026-09-14T16:30:00Z,Como,Parma,unibet_se,h2h,Parma,,15.0,2026-09-13T10:53:29Z
2026-09-13T1054,9da3aa4b46166eb4ccd1e600d67080a6,2026-09-14T16:30:00Z,Como,Parma,unibet_se,h2h,Draw,,7.0,2026-09-13T10:53:29Z
2026-09-13T1054,9da3aa4b46166eb4ccd1e600d67080a6,2026-09-14T16:30:00Z,Como,Parma,unibet_se,totals,Over,2.5,1.57,2026-09-13T10:53:29Z
2026-09-13T1054,9da3aa4b46166eb4ccd1e600d67080a6,2026-09-14T16:30:00Z,Como,Parma,unibet_se,totals,Under,2.5,2.38,2026-09-13T10:53:29Z
2026-09-13T1054,9da3aa4b46166eb4ccd1e600d67080a6,2026-09-14T16:30:00Z,Como,Parma,pmu_fr,h2h,Como,,1.2,2026-09-13T10:53:29Z
2026-09-13T1054,9da3aa4b46166eb4ccd1e600d67080a6,2026-09-14T16:30:00Z,Como,Parma,pmu_fr,h2h,Parma,,12.5,2026-09-13T10:53:29Z
2026-09-13T1054,9da3aa4b46166eb4ccd1e600d67080a6,2026-09-14T16:30:00Z,Como,Parma,pmu_fr,h2h,Draw,,6.25,2026-09-13T10:53:29Z
2026-09-13T1054,9da3aa4b46166eb4ccd1e600d67080a6,2026-09-14T16:30:00Z,Como,Parma,pmu_fr,totals,Over,2.5,1.49,2026-09-13T10:53:29Z
2026-09-13T1054,9da3aa4b46166eb4ccd1e600d67080a6,2026-09-14T16:30:00Z,Como,Parma,pmu_fr,totals,Under,2.5,2.23,2026-09-13T10:53:29Z
2026-09-13T1054,9da3aa4b46166eb4ccd1e600d67080a6,2026-09-14T16:30:00Z,Como,Parma,betclic_fr,h2h,Como,,1.19,2026-09-13T10:52:40Z
2026-09-13T1054,9da3aa4b46166eb4ccd1e600d67080a6,2026-09-14T16:30:00Z,Como,Parma,betclic_fr,h2h,Parma,,12.75,2026-09-13T10:52:40Z
2026-09-13T1054,9da3aa4b46166eb4ccd1e600d67080a6,2026-09-14T16:30:00Z,Como,Parma,betclic_fr,h2h,Draw,,6.1,2026-09-13T10:52:40Z
2026-09-13T1054,9da3aa4b46166eb4ccd1e600d67080a6,2026-09-14T16:30:00Z,Como,Parma,onexbet,h2h,Como,,1.25,2026-09-13T10:54:12Z
2026-09-13T1054,9da3aa4b46166eb4ccd1e600d67080a6,2026-09-14T16:30:00Z,Como,Parma,onexbet,h2h,Parma,,15.5,2026-09-13T10:54:12Z
2026-09-13T1054,9da3aa4b46166eb4ccd1e600d67080a6,2026-09-14T16:30:00Z,Como,Parma,onexbet,h2h,Draw,,6.53,2026-09-13T10:54:12Z
2026-09-13T1054,9da3aa4b46166eb4ccd1e600d67080a6,2026-09-14T16:30:00Z,Como,Parma,onexbet,totals,Over,2.5,1.71,2026-09-13T10:54:12Z
2026-09-13T1054,9da3aa4b46166eb4ccd1e600d67080a6,2026-09-14T16:30:00Z,Como,Parma,onexbet,totals,Under,2.5,2.31,2026-09-13T10:54:12Z
2026-09-13T1054,9da3aa4b46166eb4ccd1e600d67080a6,2026-09-14T16:30:00Z,Como,Parma,tipico_de,h2h,Como,,1.2,2026-09-13T10:54:14Z
2026-09-13T1054,9da3aa4b46166eb4ccd1e600d67080a6,2026-09-14T16:30:00Z,Como,Parma,tipico_de,h2h,Parma,,13.0,2026-09-13T10:54:14Z
2026-09-13T1054,9da3aa4b46166eb4ccd1e600d67080a6,2026-09-14T16:30:00Z,Como,Parma,tipico_de,h2h,Draw,,6.7,2026-09-13T10:54:14Z
2026-09-13T1054,9da3aa4b46166eb4ccd1e600d67080a6,2026-09-14T16:30:00Z,Como,Parma,tipico_de,totals,Over,2.5,1.6,2026-09-13T10:54:14Z
2026-09-13T1054,9da3aa4b46166eb4ccd1e600d67080a6,2026-09-14T16:30:00Z,Como,Parma,tipico_de,totals,Under,2.5,2.25,2026-09-13T10:54:14Z
2026-09-13T1054,9da3aa4b46166eb4ccd1e600d67080a6,2026-09-14T16:30:00Z,Como,Parma,boylesports,h2h,Como,,1.2,2026-09-13T10:53:30Z
2026-09-13T1054,9da3aa4b46166eb4ccd1e600d67080a6,2026-09-14T16:30:00Z,Como,Parma,boylesports,h2h,Parma,,13.0,2026-09-13T10:53:30Z
2026-09-13T1054,9da3aa4b46166eb4ccd1e600d67080a6,2026-09-14T16:30:00Z,Como,Parma,boylesports,h2h,Draw,,6.0,2026-09-13T10:53:30Z
2026-09-13T1054,9da3aa4b46166eb4ccd1e600d67080a6,2026-09-14T16:30:00Z,Como,Parma,smarkets,h2h,Como,,1.24,2026-09-13T10:54:13Z
2026-09-13T1054,9da3aa4b46166eb4ccd1e600d67080a6,2026-09-14T16:30:00Z,Como,Parma,smarkets,h2h,Parma,,17.51,2026-09-13T10:54:13Z
2026-09-13T1054,9da3aa4b46166eb4ccd1e600d67080a6,2026-09-14T16:30:00Z,Como,Parma,smarkets,h2h,Draw,,7.0,2026-09-13T10:54:13Z
2026-09-13T1054,9da3aa4b46166eb4ccd1e600d67080a6,2026-09-14T16:30:00Z,Como,Parma,smarkets,h2h_lay,Como,,1.25,2026-09-13T10:54:13Z
2026-09-13T1054,9da3aa4b46166eb4ccd1e600d67080a6,2026-09-14T16:30:00Z,Como,Parma,smarkets,h2h_lay,Parma,,18.48,2026-09-13T10:54:13Z
2026-09-13T1054,9da3aa4b46166eb4ccd1e600d67080a6,2026-09-14T16:30:00Z,Como,Parma,smarkets,h2h_lay,Draw,,7.2,2026-09-13T10:54:13Z
2026-09-13T1054,9da3aa4b46166eb4ccd1e600d67080a6,2026-09-14T16:30:00Z,Como,Parma,betfred_uk,h2h,Como,,1.25,2026-09-13T10:54:13Z
2026-09-13T1054,9da3aa4b46166eb4ccd1e600d67080a6,2026-09-14T16:30:00Z,Como,Parma,betfred_uk,h2h,Parma,,13.0,2026-09-13T10:54:13Z
2026-09-13T1054,9da3aa4b46166eb4ccd1e600d67080a6,2026-09-14T16:30:00Z,Como,Parma,betfred_uk,h2h,Draw,,5.5,2026-09-13T10:54:13Z
2026-09-13T1054,9da3aa4b46166eb4ccd1e600d67080a6,2026-09-14T16:30:00Z,Como,Parma,sport888,h2h,Como,,1.22,2026-09-13T10:53:28Z
2026-09-13T1054,9da3aa4b46166eb4ccd1e600d67080a6,2026-09-14T16:30:00Z,Como,Parma,sport888,h2h,Parma,,12.0,2026-09-13T10:53:28Z
2026-09-13T1054,9da3aa4b46166eb4ccd1e600d67080a6,2026-09-14T16:30:00Z,Como,Parma,sport888,h2h,Draw,,5.5,2026-09-13T10:53:28Z
2026-09-13T1054,9da3aa4b46166eb4ccd1e600d67080a6,2026-09-14T16:30:00Z,Como,Parma,betfair_ex_eu,h2h,Como,,1.24,2026-09-13T10:53:51Z
2026-09-13T1054,9da3aa4b46166eb4ccd1e600d67080a6,2026-09-14T16:30:00Z,Como,Parma,betfair_ex_eu,h2h,Parma,,17.5,2026-09-13T10:53:51Z
2026-09-13T1054,9da3aa4b46166eb4ccd1e600d67080a6,2026-09-14T16:30:00Z,Como,Parma,betfair_ex_eu,h2h,Draw,,7.0,2026-09-13T10:53:51Z
2026-09-13T1054,9da3aa4b46166eb4ccd1e600d67080a6,2026-09-14T16:30:00Z,Como,Parma,betfair_ex_eu,h2h_lay,Como,,1.25,2026-09-13T10:53:51Z
2026-09-13T1054,9da3aa4b46166eb4ccd1e600d67080a6,2026-09-14T16:30:00Z,Como,Parma,betfair_ex_eu,h2h_lay,Parma,,18.5,2026-09-13T10:53:51Z
2026-09-13T1054,9da3aa4b46166eb4ccd1e600d67080a6,2026-09-14T16:30:00Z,Como,Parma,betfair_ex_eu,h2h_lay,Draw,,7.2,2026-09-13T10:53:51Z
2026-09-13T1054,9da3aa4b46166eb4ccd1e600d67080a6,2026-09-14T16:30:00Z,Como,Parma,williamhill,h2h,Como,,1.22,2026-09-13T10:53:51Z
2026-09-13T1054,9da3aa4b46166eb4ccd1e600d67080a6,2026-09-14T16:30:00Z,Como,Parma,williamhill,h2h,Parma,,12.0,2026-09-13T10:53:51Z
2026-09-13T1054,9da3aa4b46166eb4ccd1e600d67080a6,2026-09-14T16:30:00Z,Como,Parma,williamhill,h2h,Draw,,5.5,2026-09-13T10:53:51Z
2026-09-13T1054,9da3aa4b46166eb4ccd1e600d67080a6,2026-09-14T16:30:00Z,Como,Parma,williamhill,totals,Over,2.5,1.67,2026-09-13T10:53:51Z
2026-09-13T1054,9da3aa4b46166eb4ccd1e600d67080a6,2026-09-14T16:30:00Z,Como,Parma,williamhill,totals,Under,2.5,2.1,2026-09-13T10:53:51Z
2026-09-13T1054,9da3aa4b46166eb4ccd1e600d67080a6,2026-09-14T16:30:00Z,Como,Parma,betfair_ex_uk,h2h,Como,,1.24,2026-09-13T10:54:15Z
2026-09-13T1054,9da3aa4b46166eb4ccd1e600d67080a6,2026-09-14T16:30:00Z,Como,Parma,betfair_ex_uk,h2h,Parma,,17.5,2026-09-13T10:54:15Z
2026-09-13T1054,9da3aa4b46166eb4ccd1e600d67080a6,2026-09-14T16:30:00Z,Como,Parma,betfair_ex_uk,h2h,Draw,,7.0,2026-09-13T10:54:15Z
2026-09-13T1054,9da3aa4b46166eb4ccd1e600d67080a6,2026-09-14T16:30:00Z,Como,Parma,betfair_ex_uk,h2h_lay,Como,,1.25,2026-09-13T10:54:15Z
2026-09-13T1054,9da3aa4b46166eb4ccd1e600d67080a6,2026-09-14T16:30:00Z,Como,Parma,betfair_ex_uk,h2h_lay,Parma,,18.5,2026-09-13T10:54:15Z
2026-09-13T1054,9da3aa4b46166eb4ccd1e600d67080a6,2026-09-14T16:30:00Z,Como,Parma,betfair_ex_uk,h2h_lay,Draw,,7.2,2026-09-13T10:54:15Z
2026-09-13T1054,9da3aa4b46166eb4ccd1e600d67080a6,2026-09-14T16:30:00Z,Como,Parma,paddypower,h2h,Como,,1.2,2026-09-13T10:53:09Z
2026-09-13T1054,9da3aa4b46166eb4ccd1e600d67080a6,2026-09-14T16:30:00Z,Como,Parma,paddypower,h2h,Parma,,15.0,2026-09-13T10:53:09Z
2026-09-13T1054,9da3aa4b46166eb4ccd1e600d67080a6,2026-09-14T16:30:00Z,Como,Parma,paddypower,h2h,Draw,,6.0,2026-09-13T10:53:09Z
2026-09-13T1054,9da3aa4b46166eb4ccd1e600d67080a6,2026-09-14T16:30:00Z,Como,Parma,skybet,h2h,Como,,1.2,2026-09-13T10:53:51Z
2026-09-13T1054,9da3aa4b46166eb4ccd1e600d67080a6,2026-09-14T16:30:00Z,Como,Parma,skybet,h2h,Parma,,13.0,2026-09-13T10:53:51Z
2026-09-13T1054,9da3aa4b46166eb4ccd1e600d67080a6,2026-09-14T16:30:00Z,Como,Parma,skybet,h2h,Draw,,6.0,2026-09-13T10:53:51Z
2026-09-13T1054,9da3aa4b46166eb4ccd1e600d67080a6,2026-09-14T16:30:00Z,Como,Parma,nordicbet,h2h,Como,,1.23,2026-09-13T10:52:27Z
2026-09-13T1054,9da3aa4b46166eb4ccd1e600d67080a6,2026-09-14T16:30:00Z,Como,Parma,nordicbet,h2h,Parma,,14.5,2026-09-13T10:52:27Z
2026-09-13T1054,9da3aa4b46166eb4ccd1e600d67080a6,2026-09-14T16:30:00Z,Como,Parma,nordicbet,h2h,Draw,,5.7,2026-09-13T10:52:27Z
2026-09-13T1054,9da3aa4b46166eb4ccd1e600d67080a6,2026-09-14T16:30:00Z,Como,Parma,nordicbet,totals,Over,2.5,1.62,2026-09-13T10:52:27Z
2026-09-13T1054,9da3aa4b46166eb4ccd1e600d67080a6,2026-09-14T16:30:00Z,Como,Parma,nordicbet,totals,Under,2.5,2.22,2026-09-13T10:52:27Z
2026-09-13T1054,9da3aa4b46166eb4ccd1e600d67080a6,2026-09-14T16:30:00Z,Como,Parma,betsson,h2h,Como,,1.23,2026-09-13T10:53:30Z
2026-09-13T1054,9da3aa4b46166eb4ccd1e600d67080a6,2026-09-14T16:30:00Z,Como,Parma,betsson,h2h,Parma,,14.5,2026-09-13T10:53:30Z
2026-09-13T1054,9da3aa4b46166eb4ccd1e600d67080a6,2026-09-14T16:30:00Z,Como,Parma,betsson,h2h,Draw,,5.7,2026-09-13T10:53:30Z
2026-09-13T1054,9da3aa4b46166eb4ccd1e600d67080a6,2026-09-14T16:30:00Z,Como,Parma,betsson,totals,Over,2.5,1.62,2026-09-13T10:53:30Z
2026-09-13T1054,9da3aa4b46166eb4ccd1e600d67080a6,2026-09-14T16:30:00Z,Como,Parma,betsson,totals,Under,2.5,2.22,2026-09-13T10:53:30Z
2026-09-13T1054,9da3aa4b46166eb4ccd1e600d67080a6,2026-09-14T16:30:00Z,Como,Parma,coral,h2h,Como,,1.22,2026-09-13T10:53:29Z
2026-09-13T1054,9da3aa4b46166eb4ccd1e600d67080a6,2026-09-14T16:30:00Z,Como,Parma,coral,h2h,Parma,,12.0,2026-09-13T10:53:29Z
2026-09-13T1054,9da3aa4b46166eb4ccd1e600d67080a6,2026-09-14T16:30:00Z,Como,Parma,coral,h2h,Draw,,6.5,2026-09-13T10:53:29Z
2026-09-13T1054,9da3aa4b46166eb4ccd1e600d67080a6,2026-09-14T16:30:00Z,Como,Parma,ladbrokes_uk,h2h,Como,,1.22,2026-09-13T10:53:51Z
2026-09-13T1054,9da3aa4b46166eb4ccd1e600d67080a6,2026-09-14T16:30:00Z,Como,Parma,ladbrokes_uk,h2h,Parma,,12.0,2026-09-13T10:53:51Z
2026-09-13T1054,9da3aa4b46166eb4ccd1e600d67080a6,2026-09-14T16:30:00Z,Como,Parma,ladbrokes_uk,h2h,Draw,,6.5,2026-09-13T10:53:51Z
2026-09-13T1054,9da3aa4b46166eb4ccd1e600d67080a6,2026-09-14T16:30:00Z,Como,Parma,pinnacle,h2h,Como,,1.22,2026-09-13T10:54:12Z
2026-09-13T1054,9da3aa4b46166eb4ccd1e600d67080a6,2026-09-14T16:30:00Z,Como,Parma,pinnacle,h2h,Parma,,14.43,2026-09-13T10:54:12Z
2026-09-13T1054,9da3aa4b46166eb4ccd1e600d67080a6,2026-09-14T16:30:00Z,Como,Parma,pinnacle,h2h,Draw,,6.64,2026-09-13T10:54:12Z
2026-09-13T1054,9da3aa4b46166eb4ccd1e600d67080a6,2026-09-14T16:30:00Z,Como,Parma,codere_it,h2h,Como,,1.22,2026-09-13T10:53:51Z
2026-09-13T1054,9da3aa4b46166eb4ccd1e600d67080a6,2026-09-14T16:30:00Z,Como,Parma,codere_it,h2h,Parma,,14.0,2026-09-13T10:53:51Z
2026-09-13T1054,9da3aa4b46166eb4ccd1e600d67080a6,2026-09-14T16:30:00Z,Como,Parma,codere_it,h2h,Draw,,6.4,2026-09-13T10:53:51Z
2026-09-13T1054,9da3aa4b46166eb4ccd1e600d67080a6,2026-09-14T16:30:00Z,Como,Parma,codere_it,totals,Over,2.5,1.61,2026-09-13T10:53:51Z
2026-09-13T1054,9da3aa4b46166eb4ccd1e600d67080a6,2026-09-14T16:30:00Z,Como,Parma,codere_it,totals,Under,2.5,2.14,2026-09-13T10:53:51Z
2026-09-13T1054,9da3aa4b46166eb4ccd1e600d67080a6,2026-09-14T16:30:00Z,Como,Parma,betano_uk,h2h,Como,,1.2,2026-09-13T10:52:17Z
2026-09-13T1054,9da3aa4b46166eb4ccd1e600d67080a6,2026-09-14T16:30:00Z,Como,Parma,betano_uk,h2h,Parma,,15.0,2026-09-13T10:52:17Z
2026-09-13T1054,9da3aa4b46166eb4ccd1e600d67080a6,2026-09-14T16:30:00Z,Como,Parma,betano_uk,h2h,Draw,,6.5,2026-09-13T10:52:17Z
2026-09-13T1054,9da3aa4b46166eb4ccd1e600d67080a6,2026-09-14T16:30:00Z,Como,Parma,betvictor,h2h,Como,,1.2,2026-09-13T10:53:44Z
2026-09-13T1054,9da3aa4b46166eb4ccd1e600d67080a6,2026-09-14T16:30:00Z,Como,Parma,betvictor,h2h,Parma,,15.0,2026-09-13T10:53:44Z
2026-09-13T1054,9da3aa4b46166eb4ccd1e600d67080a6,2026-09-14T16:30:00Z,Como,Parma,betvictor,h2h,Draw,,6.5,2026-09-13T10:53:44Z
2026-09-13T1054,9da3aa4b46166eb4ccd1e600d67080a6,2026-09-14T16:30:00Z,Como,Parma,coolbet,h2h,Como,,1.23,2026-09-13T10:53:30Z
2026-09-13T1054,9da3aa4b46166eb4ccd1e600d67080a6,2026-09-14T16:30:00Z,Como,Parma,coolbet,h2h,Parma,,15.5,2026-09-13T10:53:30Z
2026-09-13T1054,9da3aa4b46166eb4ccd1e600d67080a6,2026-09-14T16:30:00Z,Como,Parma,coolbet,h2h,Draw,,6.55,2026-09-13T10:53:30Z
2026-09-13T1054,9da3aa4b46166eb4ccd1e600d67080a6,2026-09-14T16:30:00Z,Como,Parma,matchbook,h2h,Como,,1.24,2026-09-13T10:54:12Z
2026-09-13T1054,9da3aa4b46166eb4ccd1e600d67080a6,2026-09-14T16:30:00Z,Como,Parma,matchbook,h2h,Parma,,17.5,2026-09-13T10:54:12Z
2026-09-13T1054,9da3aa4b46166eb4ccd1e600d67080a6,2026-09-14T16:30:00Z,Como,Parma,matchbook,h2h,Draw,,7.0,2026-09-13T10:54:12Z
2026-09-13T1054,9da3aa4b46166eb4ccd1e600d67080a6,2026-09-14T16:30:00Z,Como,Parma,matchbook,h2h_lay,Como,,1.25,2026-09-13T10:54:12Z
2026-09-13T1054,9da3aa4b46166eb4ccd1e600d67080a6,2026-09-14T16:30:00Z,Como,Parma,matchbook,h2h_lay,Parma,,18.5,2026-09-13T10:54:12Z
2026-09-13T1054,9da3aa4b46166eb4ccd1e600d67080a6,2026-09-14T16:30:00Z,Como,Parma,matchbook,h2h_lay,Draw,,7.2,2026-09-13T10:54:12Z
2026-09-13T1054,9da3aa4b46166eb4ccd1e600d67080a6,2026-09-14T16:30:00Z,Como,Parma,betfair_sb_uk,h2h,Como,,1.22,2026-09-13T10:54:13Z
2026-09-13T1054,9da3aa4b46166eb4ccd1e600d67080a6,2026-09-14T16:30:00Z,Como,Parma,betfair_sb_uk,h2h,Parma,,16.0,2026-09-13T10:54:13Z
2026-09-13T1054,9da3aa4b46166eb4ccd1e600d67080a6,2026-09-14T16:30:00Z,Como,Parma,betfair_sb_uk,h2h,Draw,,6.5,2026-09-13T10:54:13Z
2026-09-13T1054,9da3aa4b46166eb4ccd1e600d67080a6,2026-09-14T16:30:00Z,Como,Parma,gtbets,h2h,Como,,1.26,2026-09-13T10:53:30Z
2026-09-13T1054,9da3aa4b46166eb4ccd1e600d67080a6,2026-09-14T16:30:00Z,Como,Parma,gtbets,h2h,Parma,,14.26,2026-09-13T10:53:30Z
2026-09-13T1054,9da3aa4b46166eb4ccd1e600d67080a6,2026-09-14T16:30:00Z,Como,Parma,gtbets,h2h,Draw,,6.07,2026-09-13T10:53:30Z
2026-09-13T1054,9da3aa4b46166eb4ccd1e600d67080a6,2026-09-14T16:30:00Z,Como,Parma,gtbets,totals,Over,2.5,1.67,2026-09-13T10:53:30Z
2026-09-13T1054,9da3aa4b46166eb4ccd1e600d67080a6,2026-09-14T16:30:00Z,Como,Parma,gtbets,totals,Under,2.5,2.15,2026-09-13T10:53:30Z
2026-09-13T1054,9da3aa4b46166eb4ccd1e600d67080a6,2026-09-14T16:30:00Z,Como,Parma,betonlineag,h2h,Como,,1.22,2026-09-13T10:53:29Z
2026-09-13T1054,9da3aa4b46166eb4ccd1e600d67080a6,2026-09-14T16:30:00Z,Como,Parma,betonlineag,h2h,Parma,,14.5,2026-09-13T10:53:29Z
2026-09-13T1054,9da3aa4b46166eb4ccd1e600d67080a6,2026-09-14T16:30:00Z,Como,Parma,betonlineag,h2h,Draw,,6.85,2026-09-13T10:53:29Z
2026-09-13T1054,9da3aa4b46166eb4ccd1e600d67080a6,2026-09-14T16:30:00Z,Como,Parma,betonlineag,totals,Over,2.5,1.65,2026-09-13T10:53:29Z
2026-09-13T1054,9da3aa4b46166eb4ccd1e600d67080a6,2026-09-14T16:30:00Z,Como,Parma,betonlineag,totals,Under,2.5,2.23,2026-09-13T10:53:29Z
2026-09-13T1054,9da3aa4b46166eb4ccd1e600d67080a6,2026-09-14T16:30:00Z,Como,Parma,marathonbet,h2h,Como,,1.23,2026-09-13T10:53:53Z
2026-09-13T1054,9da3aa4b46166eb4ccd1e600d67080a6,2026-09-14T16:30:00Z,Como,Parma,marathonbet,h2h,Parma,,15.0,2026-09-13T10:53:53Z
2026-09-13T1054,9da3aa4b46166eb4ccd1e600d67080a6,2026-09-14T16:30:00Z,Como,Parma,marathonbet,h2h,Draw,,6.3,2026-09-13T10:53:53Z
2026-09-13T1054,9da3aa4b46166eb4ccd1e600d67080a6,2026-09-14T16:30:00Z,Como,Parma,betanysports,h2h,Como,,1.13,2026-09-13T10:53:51Z
2026-09-13T1054,9da3aa4b46166eb4ccd1e600d67080a6,2026-09-14T16:30:00Z,Como,Parma,betanysports,h2h,Parma,,4.35,2026-09-13T10:53:51Z
2026-09-13T1054,9da3aa4b46166eb4ccd1e600d67080a6,2026-09-14T16:30:00Z,Como,Parma,betanysports,h2h,Draw,,6.0,2026-09-13T10:53:51Z
2026-09-13T1054,7ea3ea9925ae0f1d149965fb9769c7dc,2026-09-14T18:45:00Z,Inter Milan,Udinese,winamax_fr,h2h,Inter Milan,,1.22,2026-09-13T10:53:52Z
2026-09-13T1054,7ea3ea9925ae0f1d149965fb9769c7dc,2026-09-14T18:45:00Z,Inter Milan,Udinese,winamax_fr,h2h,Udinese,,9.0,2026-09-13T10:53:52Z
2026-09-13T1054,7ea3ea9925ae0f1d149965fb9769c7dc,2026-09-14T18:45:00Z,Inter Milan,Udinese,winamax_fr,h2h,Draw,,6.25,2026-09-13T10:53:52Z
2026-09-13T1054,7ea3ea9925ae0f1d149965fb9769c7dc,2026-09-14T18:45:00Z,Inter Milan,Udinese,onexbet,h2h,Inter Milan,,1.29,2026-09-13T10:54:12Z
2026-09-13T1054,7ea3ea9925ae0f1d149965fb9769c7dc,2026-09-14T18:45:00Z,Inter Milan,Udinese,onexbet,h2h,Udinese,,12.5,2026-09-13T10:54:12Z
2026-09-13T1054,7ea3ea9925ae0f1d149965fb9769c7dc,2026-09-14T18:45:00Z,Inter Milan,Udinese,onexbet,h2h,Draw,,6.32,2026-09-13T10:54:12Z
2026-09-13T1054,7ea3ea9925ae0f1d149965fb9769c7dc,2026-09-14T18:45:00Z,Inter Milan,Udinese,leovegas,h2h,Inter Milan,,1.24,2026-09-13T10:53:51Z
2026-09-13T1054,7ea3ea9925ae0f1d149965fb9769c7dc,2026-09-14T18:45:00Z,Inter Milan,Udinese,leovegas,h2h,Udinese,,10.0,2026-09-13T10:53:51Z
2026-09-13T1054,7ea3ea9925ae0f1d149965fb9769c7dc,2026-09-14T18:45:00Z,Inter Milan,Udinese,leovegas,h2h,Draw,,6.0,2026-09-13T10:53:51Z
2026-09-13T1054,7ea3ea9925ae0f1d149965fb9769c7dc,2026-09-14T18:45:00Z,Inter Milan,Udinese,winamax_de,h2h,Inter Milan,,1.24,2026-09-13T10:52:28Z
2026-09-13T1054,7ea3ea9925ae0f1d149965fb9769c7dc,2026-09-14T18:45:00Z,Inter Milan,Udinese,winamax_de,h2h,Udinese,,9.5,2026-09-13T10:52:28Z
2026-09-13T1054,7ea3ea9925ae0f1d149965fb9769c7dc,2026-09-14T18:45:00Z,Inter Milan,Udinese,winamax_de,h2h,Draw,,6.5,2026-09-13T10:52:28Z
2026-09-13T1054,7ea3ea9925ae0f1d149965fb9769c7dc,2026-09-14T18:45:00Z,Inter Milan,Udinese,codere_it,h2h,Inter Milan,,1.25,2026-09-13T10:53:51Z
2026-09-13T1054,7ea3ea9925ae0f1d149965fb9769c7dc,2026-09-14T18:45:00Z,Inter Milan,Udinese,codere_it,h2h,Udinese,,11.0,2026-09-13T10:53:51Z
2026-09-13T1054,7ea3ea9925ae0f1d149965fb9769c7dc,2026-09-14T18:45:00Z,Inter Milan,Udinese,codere_it,h2h,Draw,,6.2,2026-09-13T10:53:51Z
2026-09-13T1054,7ea3ea9925ae0f1d149965fb9769c7dc,2026-09-14T18:45:00Z,Inter Milan,Udinese,unibet_uk,h2h,Inter Milan,,1.25,2026-09-13T10:53:29Z
2026-09-13T1054,7ea3ea9925ae0f1d149965fb9769c7dc,2026-09-14T18:45:00Z,Inter Milan,Udinese,unibet_uk,h2h,Udinese,,11.0,2026-09-13T10:53:29Z
2026-09-13T1054,7ea3ea9925ae0f1d149965fb9769c7dc,2026-09-14T18:45:00Z,Inter Milan,Udinese,unibet_uk,h2h,Draw,,6.0,2026-09-13T10:53:29Z
2026-09-13T1054,7ea3ea9925ae0f1d149965fb9769c7dc,2026-09-14T18:45:00Z,Inter Milan,Udinese,unibet_fr,h2h,Inter Milan,,1.2,2026-09-13T10:54:13Z
2026-09-13T1054,7ea3ea9925ae0f1d149965fb9769c7dc,2026-09-14T18:45:00Z,Inter Milan,Udinese,unibet_fr,h2h,Udinese,,10.0,2026-09-13T10:54:13Z
2026-09-13T1054,7ea3ea9925ae0f1d149965fb9769c7dc,2026-09-14T18:45:00Z,Inter Milan,Udinese,unibet_fr,h2h,Draw,,6.0,2026-09-13T10:54:13Z
2026-09-13T1054,7ea3ea9925ae0f1d149965fb9769c7dc,2026-09-14T18:45:00Z,Inter Milan,Udinese,tipico_de,h2h,Inter Milan,,1.22,2026-09-13T10:54:14Z
2026-09-13T1054,7ea3ea9925ae0f1d149965fb9769c7dc,2026-09-14T18:45:00Z,Inter Milan,Udinese,tipico_de,h2h,Udinese,,13.0,2026-09-13T10:54:14Z
2026-09-13T1054,7ea3ea9925ae0f1d149965fb9769c7dc,2026-09-14T18:45:00Z,Inter Milan,Udinese,tipico_de,h2h,Draw,,6.2,2026-09-13T10:54:14Z
2026-09-13T1054,7ea3ea9925ae0f1d149965fb9769c7dc,2026-09-14T18:45:00Z,Inter Milan,Udinese,betclic_fr,h2h,Inter Milan,,1.23,2026-09-13T10:52:40Z
2026-09-13T1054,7ea3ea9925ae0f1d149965fb9769c7dc,2026-09-14T18:45:00Z,Inter Milan,Udinese,betclic_fr,h2h,Udinese,,10.25,2026-09-13T10:52:40Z
2026-09-13T1054,7ea3ea9925ae0f1d149965fb9769c7dc,2026-09-14T18:45:00Z,Inter Milan,Udinese,betclic_fr,h2h,Draw,,6.0,2026-09-13T10:52:40Z
2026-09-13T1054,7ea3ea9925ae0f1d149965fb9769c7dc,2026-09-14T18:45:00Z,Inter Milan,Udinese,paddypower,h2h,Inter Milan,,1.22,2026-09-13T10:53:09Z
2026-09-13T1054,7ea3ea9925ae0f1d149965fb9769c7dc,2026-09-14T18:45:00Z,Inter Milan,Udinese,paddypower,h2h,Udinese,,12.0,2026-09-13T10:53:09Z
2026-09-13T1054,7ea3ea9925ae0f1d149965fb9769c7dc,2026-09-14T18:45:00Z,Inter Milan,Udinese,paddypower,h2h,Draw,,6.0,2026-09-13T10:53:09Z
2026-09-13T1054,7ea3ea9925ae0f1d149965fb9769c7dc,2026-09-14T18:45:00Z,Inter Milan,Udinese,skybet,h2h,Inter Milan,,1.22,2026-09-13T10:53:51Z
2026-09-13T1054,7ea3ea9925ae0f1d149965fb9769c7dc,2026-09-14T18:45:00Z,Inter Milan,Udinese,skybet,h2h,Udinese,,11.0,2026-09-13T10:53:51Z
2026-09-13T1054,7ea3ea9925ae0f1d149965fb9769c7dc,2026-09-14T18:45:00Z,Inter Milan,Udinese,skybet,h2h,Draw,,6.0,2026-09-13T10:53:51Z
2026-09-13T1054,7ea3ea9925ae0f1d149965fb9769c7dc,2026-09-14T18:45:00Z,Inter Milan,Udinese,betfred_uk,h2h,Inter Milan,,1.25,2026-09-13T10:54:13Z
2026-09-13T1054,7ea3ea9925ae0f1d149965fb9769c7dc,2026-09-14T18:45:00Z,Inter Milan,Udinese,betfred_uk,h2h,Udinese,,11.0,2026-09-13T10:54:13Z
2026-09-13T1054,7ea3ea9925ae0f1d149965fb9769c7dc,2026-09-14T18:45:00Z,Inter Milan,Udinese,betfred_uk,h2h,Draw,,6.0,2026-09-13T10:54:13Z
2026-09-13T1054,7ea3ea9925ae0f1d149965fb9769c7dc,2026-09-14T18:45:00Z,Inter Milan,Udinese,marathonbet,h2h,Inter Milan,,1.26,2026-09-13T10:53:53Z
2026-09-13T1054,7ea3ea9925ae0f1d149965fb9769c7dc,2026-09-14T18:45:00Z,Inter Milan,Udinese,marathonbet,h2h,Udinese,,12.25,2026-09-13T10:53:53Z
2026-09-13T1054,7ea3ea9925ae0f1d149965fb9769c7dc,2026-09-14T18:45:00Z,Inter Milan,Udinese,marathonbet,h2h,Draw,,6.15,2026-09-13T10:53:53Z
2026-09-13T1054,7ea3ea9925ae0f1d149965fb9769c7dc,2026-09-14T18:45:00Z,Inter Milan,Udinese,sport888,h2h,Inter Milan,,1.25,2026-09-13T10:53:28Z
2026-09-13T1054,7ea3ea9925ae0f1d149965fb9769c7dc,2026-09-14T18:45:00Z,Inter Milan,Udinese,sport888,h2h,Udinese,,10.0,2026-09-13T10:53:28Z
2026-09-13T1054,7ea3ea9925ae0f1d149965fb9769c7dc,2026-09-14T18:45:00Z,Inter Milan,Udinese,sport888,h2h,Draw,,5.5,2026-09-13T10:53:28Z
2026-09-13T1054,7ea3ea9925ae0f1d149965fb9769c7dc,2026-09-14T18:45:00Z,Inter Milan,Udinese,williamhill,h2h,Inter Milan,,1.25,2026-09-13T10:53:51Z
2026-09-13T1054,7ea3ea9925ae0f1d149965fb9769c7dc,2026-09-14T18:45:00Z,Inter Milan,Udinese,williamhill,h2h,Udinese,,10.0,2026-09-13T10:53:51Z
2026-09-13T1054,7ea3ea9925ae0f1d149965fb9769c7dc,2026-09-14T18:45:00Z,Inter Milan,Udinese,williamhill,h2h,Draw,,5.5,2026-09-13T10:53:51Z
2026-09-13T1054,7ea3ea9925ae0f1d149965fb9769c7dc,2026-09-14T18:45:00Z,Inter Milan,Udinese,williamhill,totals,Over,2.5,1.44,2026-09-13T10:53:51Z
2026-09-13T1054,7ea3ea9925ae0f1d149965fb9769c7dc,2026-09-14T18:45:00Z,Inter Milan,Udinese,williamhill,totals,Under,2.5,2.5,2026-09-13T10:53:51Z
2026-09-13T1054,7ea3ea9925ae0f1d149965fb9769c7dc,2026-09-14T18:45:00Z,Inter Milan,Udinese,pinnacle,h2h,Inter Milan,,1.25,2026-09-13T10:54:12Z
2026-09-13T1054,7ea3ea9925ae0f1d149965fb9769c7dc,2026-09-14T18:45:00Z,Inter Milan,Udinese,pinnacle,h2h,Udinese,,11.22,2026-09-13T10:54:12Z
2026-09-13T1054,7ea3ea9925ae0f1d149965fb9769c7dc,2026-09-14T18:45:00Z,Inter Milan,Udinese,pinnacle,h2h,Draw,,6.41,2026-09-13T10:54:12Z
2026-09-13T1054,7ea3ea9925ae0f1d149965fb9769c7dc,2026-09-14T18:45:00Z,Inter Milan,Udinese,smarkets,h2h,Inter Milan,,1.28,2026-09-13T10:54:13Z
2026-09-13T1054,7ea3ea9925ae0f1d149965fb9769c7dc,2026-09-14T18:45:00Z,Inter Milan,Udinese,smarkets,h2h,Udinese,,13.0,2026-09-13T10:54:13Z
2026-09-13T1054,7ea3ea9925ae0f1d149965fb9769c7dc,2026-09-14T18:45:00Z,Inter Milan,Udinese,smarkets,h2h,Draw,,6.6,2026-09-13T10:54:13Z
2026-09-13T1054,7ea3ea9925ae0f1d149965fb9769c7dc,2026-09-14T18:45:00Z,Inter Milan,Udinese,smarkets,h2h_lay,Inter Milan,,1.29,2026-09-13T10:54:13Z
2026-09-13T1054,7ea3ea9925ae0f1d149965fb9769c7dc,2026-09-14T18:45:00Z,Inter Milan,Udinese,smarkets,h2h_lay,Udinese,,14.99,2026-09-13T10:54:13Z
2026-09-13T1054,7ea3ea9925ae0f1d149965fb9769c7dc,2026-09-14T18:45:00Z,Inter Milan,Udinese,smarkets,h2h_lay,Draw,,6.8,2026-09-13T10:54:13Z
2026-09-13T1054,7ea3ea9925ae0f1d149965fb9769c7dc,2026-09-14T18:45:00Z,Inter Milan,Udinese,betway,h2h,Inter Milan,,1.25,2026-09-13T10:53:52Z
2026-09-13T1054,7ea3ea9925ae0f1d149965fb9769c7dc,2026-09-14T18:45:00Z,Inter Milan,Udinese,betway,h2h,Udinese,,10.0,2026-09-13T10:53:52Z
2026-09-13T1054,7ea3ea9925ae0f1d149965fb9769c7dc,2026-09-14T18:45:00Z,Inter Milan,Udinese,betway,h2h,Draw,,6.0,2026-09-13T10:53:52Z
2026-09-13T1054,7ea3ea9925ae0f1d149965fb9769c7dc,2026-09-14T18:45:00Z,Inter Milan,Udinese,unibet_nl,h2h,Inter Milan,,1.24,2026-09-13T10:53:29Z
2026-09-13T1054,7ea3ea9925ae0f1d149965fb9769c7dc,2026-09-14T18:45:00Z,Inter Milan,Udinese,unibet_nl,h2h,Udinese,,11.5,2026-09-13T10:53:29Z
2026-09-13T1054,7ea3ea9925ae0f1d149965fb9769c7dc,2026-09-14T18:45:00Z,Inter Milan,Udinese,unibet_nl,h2h,Draw,,6.1,2026-09-13T10:53:29Z
2026-09-13T1054,7ea3ea9925ae0f1d149965fb9769c7dc,2026-09-14T18:45:00Z,Inter Milan,Udinese,casumo,h2h,Inter Milan,,1.24,2026-09-13T10:53:51Z
2026-09-13T1054,7ea3ea9925ae0f1d149965fb9769c7dc,2026-09-14T18:45:00Z,Inter Milan,Udinese,casumo,h2h,Udinese,,11.5,2026-09-13T10:53:51Z
2026-09-13T1054,7ea3ea9925ae0f1d149965fb9769c7dc,2026-09-14T18:45:00Z,Inter Milan,Udinese,casumo,h2h,Draw,,6.1,2026-09-13T10:53:51Z
2026-09-13T1054,7ea3ea9925ae0f1d149965fb9769c7dc,2026-09-14T18:45:00Z,Inter Milan,Udinese,grosvenor,h2h,Inter Milan,,1.24,2026-09-13T10:53:51Z
2026-09-13T1054,7ea3ea9925ae0f1d149965fb9769c7dc,2026-09-14T18:45:00Z,Inter Milan,Udinese,grosvenor,h2h,Udinese,,11.5,2026-09-13T10:53:51Z
2026-09-13T1054,7ea3ea9925ae0f1d149965fb9769c7dc,2026-09-14T18:45:00Z,Inter Milan,Udinese,grosvenor,h2h,Draw,,6.1,2026-09-13T10:53:51Z
2026-09-13T1054,7ea3ea9925ae0f1d149965fb9769c7dc,2026-09-14T18:45:00Z,Inter Milan,Udinese,leovegas_se,h2h,Inter Milan,,1.22,2026-09-13T10:54:12Z
2026-09-13T1054,7ea3ea9925ae0f1d149965fb9769c7dc,2026-09-14T18:45:00Z,Inter Milan,Udinese,leovegas_se,h2h,Udinese,,10.5,2026-09-13T10:54:12Z
2026-09-13T1054,7ea3ea9925ae0f1d149965fb9769c7dc,2026-09-14T18:45:00Z,Inter Milan,Udinese,leovegas_se,h2h,Draw,,5.8,2026-09-13T10:54:12Z
2026-09-13T1054,7ea3ea9925ae0f1d149965fb9769c7dc,2026-09-14T18:45:00Z,Inter Milan,Udinese,pmu_fr,h2h,Inter Milan,,1.24,2026-09-13T10:53:29Z
2026-09-13T1054,7ea3ea9925ae0f1d149965fb9769c7dc,2026-09-14T18:45:00Z,Inter Milan,Udinese,pmu_fr,h2h,Udinese,,11.5,2026-09-13T10:53:29Z
2026-09-13T1054,7ea3ea9925ae0f1d149965fb9769c7dc,2026-09-14T18:45:00Z,Inter Milan,Udinese,pmu_fr,h2h,Draw,,6.1,2026-09-13T10:53:29Z
2026-09-13T1054,7ea3ea9925ae0f1d149965fb9769c7dc,2026-09-14T18:45:00Z,Inter Milan,Udinese,livescorebet,h2h,Inter Milan,,1.2,2026-09-13T10:53:51Z
2026-09-13T1054,7ea3ea9925ae0f1d149965fb9769c7dc,2026-09-14T18:45:00Z,Inter Milan,Udinese,livescorebet,h2h,Udinese,,10.0,2026-09-13T10:53:51Z
2026-09-13T1054,7ea3ea9925ae0f1d149965fb9769c7dc,2026-09-14T18:45:00Z,Inter Milan,Udinese,livescorebet,h2h,Draw,,5.75,2026-09-13T10:53:51Z
2026-09-13T1054,7ea3ea9925ae0f1d149965fb9769c7dc,2026-09-14T18:45:00Z,Inter Milan,Udinese,unibet_se,h2h,Inter Milan,,1.24,2026-09-13T10:53:29Z
2026-09-13T1054,7ea3ea9925ae0f1d149965fb9769c7dc,2026-09-14T18:45:00Z,Inter Milan,Udinese,unibet_se,h2h,Udinese,,11.5,2026-09-13T10:53:29Z
2026-09-13T1054,7ea3ea9925ae0f1d149965fb9769c7dc,2026-09-14T18:45:00Z,Inter Milan,Udinese,unibet_se,h2h,Draw,,6.1,2026-09-13T10:53:29Z
2026-09-13T1054,7ea3ea9925ae0f1d149965fb9769c7dc,2026-09-14T18:45:00Z,Inter Milan,Udinese,virginbet,h2h,Inter Milan,,1.2,2026-09-13T10:54:13Z
2026-09-13T1054,7ea3ea9925ae0f1d149965fb9769c7dc,2026-09-14T18:45:00Z,Inter Milan,Udinese,virginbet,h2h,Udinese,,10.0,2026-09-13T10:54:13Z
2026-09-13T1054,7ea3ea9925ae0f1d149965fb9769c7dc,2026-09-14T18:45:00Z,Inter Milan,Udinese,virginbet,h2h,Draw,,5.75,2026-09-13T10:54:13Z
2026-09-13T1054,7ea3ea9925ae0f1d149965fb9769c7dc,2026-09-14T18:45:00Z,Inter Milan,Udinese,boylesports,h2h,Inter Milan,,1.22,2026-09-13T10:53:30Z
2026-09-13T1054,7ea3ea9925ae0f1d149965fb9769c7dc,2026-09-14T18:45:00Z,Inter Milan,Udinese,boylesports,h2h,Udinese,,10.0,2026-09-13T10:53:30Z
2026-09-13T1054,7ea3ea9925ae0f1d149965fb9769c7dc,2026-09-14T18:45:00Z,Inter Milan,Udinese,boylesports,h2h,Draw,,6.0,2026-09-13T10:53:30Z
2026-09-13T1054,7ea3ea9925ae0f1d149965fb9769c7dc,2026-09-14T18:45:00Z,Inter Milan,Udinese,betsson,h2h,Inter Milan,,1.25,2026-09-13T10:53:30Z
2026-09-13T1054,7ea3ea9925ae0f1d149965fb9769c7dc,2026-09-14T18:45:00Z,Inter Milan,Udinese,betsson,h2h,Udinese,,12.5,2026-09-13T10:53:30Z
2026-09-13T1054,7ea3ea9925ae0f1d149965fb9769c7dc,2026-09-14T18:45:00Z,Inter Milan,Udinese,betsson,h2h,Draw,,5.7,2026-09-13T10:53:30Z
2026-09-13T1054,7ea3ea9925ae0f1d149965fb9769c7dc,2026-09-14T18:45:00Z,Inter Milan,Udinese,betsson,totals,Over,2.5,1.52,2026-09-13T10:53:30Z
2026-09-13T1054,7ea3ea9925ae0f1d149965fb9769c7dc,2026-09-14T18:45:00Z,Inter Milan,Udinese,betsson,totals,Under,2.5,2.52,2026-09-13T10:53:30Z
2026-09-13T1054,7ea3ea9925ae0f1d149965fb9769c7dc,2026-09-14T18:45:00Z,Inter Milan,Udinese,nordicbet,h2h,Inter Milan,,1.25,2026-09-13T10:52:27Z
2026-09-13T1054,7ea3ea9925ae0f1d149965fb9769c7dc,2026-09-14T18:45:00Z,Inter Milan,Udinese,nordicbet,h2h,Udinese,,12.5,2026-09-13T10:52:27Z
2026-09-13T1054,7ea3ea9925ae0f1d149965fb9769c7dc,2026-09-14T18:45:00Z,Inter Milan,Udinese,nordicbet,h2h,Draw,,5.7,2026-09-13T10:52:27Z
2026-09-13T1054,7ea3ea9925ae0f1d149965fb9769c7dc,2026-09-14T18:45:00Z,Inter Milan,Udinese,nordicbet,totals,Over,2.5,1.52,2026-09-13T10:52:27Z
2026-09-13T1054,7ea3ea9925ae0f1d149965fb9769c7dc,2026-09-14T18:45:00Z,Inter Milan,Udinese,nordicbet,totals,Under,2.5,2.52,2026-09-13T10:52:27Z
2026-09-13T1054,7ea3ea9925ae0f1d149965fb9769c7dc,2026-09-14T18:45:00Z,Inter Milan,Udinese,betfair_ex_eu,h2h,Inter Milan,,1.28,2026-09-13T10:53:51Z
2026-09-13T1054,7ea3ea9925ae0f1d149965fb9769c7dc,2026-09-14T18:45:00Z,Inter Milan,Udinese,betfair_ex_eu,h2h,Udinese,,13.0,2026-09-13T10:53:51Z
2026-09-13T1054,7ea3ea9925ae0f1d149965fb9769c7dc,2026-09-14T18:45:00Z,Inter Milan,Udinese,betfair_ex_eu,h2h,Draw,,6.6,2026-09-13T10:53:51Z
2026-09-13T1054,7ea3ea9925ae0f1d149965fb9769c7dc,2026-09-14T18:45:00Z,Inter Milan,Udinese,betfair_ex_eu,h2h_lay,Inter Milan,,1.3,2026-09-13T10:53:51Z
2026-09-13T1054,7ea3ea9925ae0f1d149965fb9769c7dc,2026-09-14T18:45:00Z,Inter Milan,Udinese,betfair_ex_eu,h2h_lay,Udinese,,14.0,2026-09-13T10:53:51Z
2026-09-13T1054,7ea3ea9925ae0f1d149965fb9769c7dc,2026-09-14T18:45:00Z,Inter Milan,Udinese,betfair_ex_eu,h2h_lay,Draw,,7.0,2026-09-13T10:53:51Z
2026-09-13T1054,7ea3ea9925ae0f1d149965fb9769c7dc,2026-09-14T18:45:00Z,Inter Milan,Udinese,betfair_ex_uk,h2h,Inter Milan,,1.28,2026-09-13T10:54:15Z
2026-09-13T1054,7ea3ea9925ae0f1d149965fb9769c7dc,2026-09-14T18:45:00Z,Inter Milan,Udinese,betfair_ex_uk,h2h,Udinese,,13.0,2026-09-13T10:54:15Z
2026-09-13T1054,7ea3ea9925ae0f1d149965fb9769c7dc,2026-09-14T18:45:00Z,Inter Milan,Udinese,betfair_ex_uk,h2h,Draw,,6.6,2026-09-13T10:54:15Z
2026-09-13T1054,7ea3ea9925ae0f1d149965fb9769c7dc,2026-09-14T18:45:00Z,Inter Milan,Udinese,betfair_ex_uk,h2h_lay,Inter Milan,,1.3,2026-09-13T10:54:15Z
2026-09-13T1054,7ea3ea9925ae0f1d149965fb9769c7dc,2026-09-14T18:45:00Z,Inter Milan,Udinese,betfair_ex_uk,h2h_lay,Udinese,,14.0,2026-09-13T10:54:15Z
2026-09-13T1054,7ea3ea9925ae0f1d149965fb9769c7dc,2026-09-14T18:45:00Z,Inter Milan,Udinese,betfair_ex_uk,h2h_lay,Draw,,7.0,2026-09-13T10:54:15Z
2026-09-13T1054,7ea3ea9925ae0f1d149965fb9769c7dc,2026-09-14T18:45:00Z,Inter Milan,Udinese,coral,h2h,Inter Milan,,1.25,2026-09-13T10:53:29Z
2026-09-13T1054,7ea3ea9925ae0f1d149965fb9769c7dc,2026-09-14T18:45:00Z,Inter Milan,Udinese,coral,h2h,Udinese,,11.0,2026-09-13T10:53:29Z
2026-09-13T1054,7ea3ea9925ae0f1d149965fb9769c7dc,2026-09-14T18:45:00Z,Inter Milan,Udinese,coral,h2h,Draw,,6.0,2026-09-13T10:53:29Z
2026-09-13T1054,7ea3ea9925ae0f1d149965fb9769c7dc,2026-09-14T18:45:00Z,Inter Milan,Udinese,ladbrokes_uk,h2h,Inter Milan,,1.25,2026-09-13T10:53:51Z
2026-09-13T1054,7ea3ea9925ae0f1d149965fb9769c7dc,2026-09-14T18:45:00Z,Inter Milan,Udinese,ladbrokes_uk,h2h,Udinese,,10.0,2026-09-13T10:53:51Z
2026-09-13T1054,7ea3ea9925ae0f1d149965fb9769c7dc,2026-09-14T18:45:00Z,Inter Milan,Udinese,ladbrokes_uk,h2h,Draw,,6.0,2026-09-13T10:53:51Z
2026-09-13T1054,7ea3ea9925ae0f1d149965fb9769c7dc,2026-09-14T18:45:00Z,Inter Milan,Udinese,coolbet,h2h,Inter Milan,,1.26,2026-09-13T10:53:30Z
2026-09-13T1054,7ea3ea9925ae0f1d149965fb9769c7dc,2026-09-14T18:45:00Z,Inter Milan,Udinese,coolbet,h2h,Udinese,,11.0,2026-09-13T10:53:30Z
2026-09-13T1054,7ea3ea9925ae0f1d149965fb9769c7dc,2026-09-14T18:45:00Z,Inter Milan,Udinese,coolbet,h2h,Draw,,6.35,2026-09-13T10:53:30Z
2026-09-13T1054,7ea3ea9925ae0f1d149965fb9769c7dc,2026-09-14T18:45:00Z,Inter Milan,Udinese,betvictor,h2h,Inter Milan,,1.22,2026-09-13T10:53:44Z
2026-09-13T1054,7ea3ea9925ae0f1d149965fb9769c7dc,2026-09-14T18:45:00Z,Inter Milan,Udinese,betvictor,h2h,Udinese,,12.0,2026-09-13T10:53:44Z
2026-09-13T1054,7ea3ea9925ae0f1d149965fb9769c7dc,2026-09-14T18:45:00Z,Inter Milan,Udinese,betvictor,h2h,Draw,,6.5,2026-09-13T10:53:44Z
2026-09-13T1054,7ea3ea9925ae0f1d149965fb9769c7dc,2026-09-14T18:45:00Z,Inter Milan,Udinese,betano_uk,h2h,Inter Milan,,1.22,2026-09-13T10:52:17Z
2026-09-13T1054,7ea3ea9925ae0f1d149965fb9769c7dc,2026-09-14T18:45:00Z,Inter Milan,Udinese,betano_uk,h2h,Udinese,,12.0,2026-09-13T10:52:17Z
2026-09-13T1054,7ea3ea9925ae0f1d149965fb9769c7dc,2026-09-14T18:45:00Z,Inter Milan,Udinese,betano_uk,h2h,Draw,,6.5,2026-09-13T10:52:17Z
2026-09-13T1054,7ea3ea9925ae0f1d149965fb9769c7dc,2026-09-14T18:45:00Z,Inter Milan,Udinese,matchbook,h2h,Inter Milan,,1.28,2026-09-13T10:54:12Z
2026-09-13T1054,7ea3ea9925ae0f1d149965fb9769c7dc,2026-09-14T18:45:00Z,Inter Milan,Udinese,matchbook,h2h,Udinese,,13.0,2026-09-13T10:54:12Z
2026-09-13T1054,7ea3ea9925ae0f1d149965fb9769c7dc,2026-09-14T18:45:00Z,Inter Milan,Udinese,matchbook,h2h,Draw,,6.6,2026-09-13T10:54:12Z
2026-09-13T1054,7ea3ea9925ae0f1d149965fb9769c7dc,2026-09-14T18:45:00Z,Inter Milan,Udinese,matchbook,h2h_lay,Inter Milan,,1.29,2026-09-13T10:54:12Z
2026-09-13T1054,7ea3ea9925ae0f1d149965fb9769c7dc,2026-09-14T18:45:00Z,Inter Milan,Udinese,matchbook,h2h_lay,Udinese,,14.0,2026-09-13T10:54:12Z
2026-09-13T1054,7ea3ea9925ae0f1d149965fb9769c7dc,2026-09-14T18:45:00Z,Inter Milan,Udinese,matchbook,h2h_lay,Draw,,7.0,2026-09-13T10:54:12Z
2026-09-13T1054,7ea3ea9925ae0f1d149965fb9769c7dc,2026-09-14T18:45:00Z,Inter Milan,Udinese,gtbets,h2h,Inter Milan,,1.29,2026-09-13T10:53:30Z
2026-09-13T1054,7ea3ea9925ae0f1d149965fb9769c7dc,2026-09-14T18:45:00Z,Inter Milan,Udinese,gtbets,h2h,Udinese,,11.85,2026-09-13T10:53:30Z
2026-09-13T1054,7ea3ea9925ae0f1d149965fb9769c7dc,2026-09-14T18:45:00Z,Inter Milan,Udinese,gtbets,h2h,Draw,,6.14,2026-09-13T10:53:30Z
2026-09-13T1054,7ea3ea9925ae0f1d149965fb9769c7dc,2026-09-14T18:45:00Z,Inter Milan,Udinese,betonlineag,h2h,Inter Milan,,1.25,2026-09-13T10:53:29Z
2026-09-13T1054,7ea3ea9925ae0f1d149965fb9769c7dc,2026-09-14T18:45:00Z,Inter Milan,Udinese,betonlineag,h2h,Udinese,,12.85,2026-09-13T10:53:29Z
2026-09-13T1054,7ea3ea9925ae0f1d149965fb9769c7dc,2026-09-14T18:45:00Z,Inter Milan,Udinese,betonlineag,h2h,Draw,,6.35,2026-09-13T10:53:29Z
2026-09-13T1054,7ea3ea9925ae0f1d149965fb9769c7dc,2026-09-14T18:45:00Z,Inter Milan,Udinese,everygame,h2h,Inter Milan,,1.22,2026-09-13T10:53:03Z
2026-09-13T1054,7ea3ea9925ae0f1d149965fb9769c7dc,2026-09-14T18:45:00Z,Inter Milan,Udinese,everygame,h2h,Udinese,,10.0,2026-09-13T10:53:03Z
2026-09-13T1054,7ea3ea9925ae0f1d149965fb9769c7dc,2026-09-14T18:45:00Z,Inter Milan,Udinese,everygame,h2h,Draw,,5.75,2026-09-13T10:53:03Z
2026-09-13T1054,7ea3ea9925ae0f1d149965fb9769c7dc,2026-09-14T18:45:00Z,Inter Milan,Udinese,betanysports,h2h,Inter Milan,,1.16,2026-09-13T10:53:51Z
2026-09-13T1054,7ea3ea9925ae0f1d149965fb9769c7dc,2026-09-14T18:45:00Z,Inter Milan,Udinese,betanysports,h2h,Udinese,,3.95,2026-09-13T10:53:51Z
2026-09-13T1054,7ea3ea9925ae0f1d149965fb9769c7dc,2026-09-14T18:45:00Z,Inter Milan,Udinese,betanysports,h2h,Draw,,6.0,2026-09-13T10:53:51Z
2026-09-13T1054,7ea3ea9925ae0f1d149965fb9769c7dc,2026-09-14T18:45:00Z,Inter Milan,Udinese,betfair_sb_uk,h2h,Inter Milan,,1.22,2026-09-13T10:54:13Z
2026-09-13T1054,7ea3ea9925ae0f1d149965fb9769c7dc,2026-09-14T18:45:00Z,Inter Milan,Udinese,betfair_sb_uk,h2h,Udinese,,13.0,2026-09-13T10:54:13Z
2026-09-13T1054,7ea3ea9925ae0f1d149965fb9769c7dc,2026-09-14T18:45:00Z,Inter Milan,Udinese,betfair_sb_uk,h2h,Draw,,6.0,2026-09-13T10:54:13Z
2026-09-13T1054,8bc1f4d74cf888c97c0216fd26c4ece7,2026-09-18T18:45:00Z,Monza,Sassuolo,betway,h2h,Monza,,2.7,2026-09-13T10:53:52Z
2026-09-13T1054,8bc1f4d74cf888c97c0216fd26c4ece7,2026-09-18T18:45:00Z,Monza,Sassuolo,betway,h2h,Sassuolo,,2.4,2026-09-13T10:53:52Z
2026-09-13T1054,8bc1f4d74cf888c97c0216fd26c4ece7,2026-09-18T18:45:00Z,Monza,Sassuolo,betway,h2h,Draw,,3.3,2026-09-13T10:53:52Z
2026-09-13T1054,8bc1f4d74cf888c97c0216fd26c4ece7,2026-09-18T18:45:00Z,Monza,Sassuolo,winamax_fr,h2h,Monza,,2.5,2026-09-13T10:53:52Z
2026-09-13T1054,8bc1f4d74cf888c97c0216fd26c4ece7,2026-09-18T18:45:00Z,Monza,Sassuolo,winamax_fr,h2h,Sassuolo,,2.3,2026-09-13T10:53:52Z
2026-09-13T1054,8bc1f4d74cf888c97c0216fd26c4ece7,2026-09-18T18:45:00Z,Monza,Sassuolo,winamax_fr,h2h,Draw,,3.1,2026-09-13T10:53:52Z
2026-09-13T1054,8bc1f4d74cf888c97c0216fd26c4ece7,2026-09-18T18:45:00Z,Monza,Sassuolo,unibet_uk,h2h,Monza,,2.75,2026-09-13T10:53:29Z
2026-09-13T1054,8bc1f4d74cf888c97c0216fd26c4ece7,2026-09-18T18:45:00Z,Monza,Sassuolo,unibet_uk,h2h,Sassuolo,,2.5,2026-09-13T10:53:29Z
2026-09-13T1054,8bc1f4d74cf888c97c0216fd26c4ece7,2026-09-18T18:45:00Z,Monza,Sassuolo,unibet_uk,h2h,Draw,,3.25,2026-09-13T10:53:29Z
2026-09-13T1054,8bc1f4d74cf888c97c0216fd26c4ece7,2026-09-18T18:45:00Z,Monza,Sassuolo,betfred_uk,h2h,Monza,,2.75,2026-09-13T10:54:13Z
2026-09-13T1054,8bc1f4d74cf888c97c0216fd26c4ece7,2026-09-18T18:45:00Z,Monza,Sassuolo,betfred_uk,h2h,Sassuolo,,2.5,2026-09-13T10:54:13Z
2026-09-13T1054,8bc1f4d74cf888c97c0216fd26c4ece7,2026-09-18T18:45:00Z,Monza,Sassuolo,betfred_uk,h2h,Draw,,3.5,2026-09-13T10:54:13Z
2026-09-13T1054,8bc1f4d74cf888c97c0216fd26c4ece7,2026-09-18T18:45:00Z,Monza,Sassuolo,winamax_de,h2h,Monza,,2.7,2026-09-13T10:52:28Z
2026-09-13T1054,8bc1f4d74cf888c97c0216fd26c4ece7,2026-09-18T18:45:00Z,Monza,Sassuolo,winamax_de,h2h,Sassuolo,,2.4,2026-09-13T10:52:28Z
2026-09-13T1054,8bc1f4d74cf888c97c0216fd26c4ece7,2026-09-18T18:45:00Z,Monza,Sassuolo,winamax_de,h2h,Draw,,3.3,2026-09-13T10:52:28Z
2026-09-13T1054,8bc1f4d74cf888c97c0216fd26c4ece7,2026-09-18T18:45:00Z,Monza,Sassuolo,leovegas,h2h,Monza,,2.7,2026-09-13T10:53:51Z
2026-09-13T1054,8bc1f4d74cf888c97c0216fd26c4ece7,2026-09-18T18:45:00Z,Monza,Sassuolo,leovegas,h2h,Sassuolo,,2.45,2026-09-13T10:53:51Z
2026-09-13T1054,8bc1f4d74cf888c97c0216fd26c4ece7,2026-09-18T18:45:00Z,Monza,Sassuolo,leovegas,h2h,Draw,,3.25,2026-09-13T10:53:51Z
2026-09-13T1054,8bc1f4d74cf888c97c0216fd26c4ece7,2026-09-18T18:45:00Z,Monza,Sassuolo,leovegas,totals,Over,2.5,1.85,2026-09-13T10:53:51Z
2026-09-13T1054,8bc1f4d74cf888c97c0216fd26c4ece7,2026-09-18T18:45:00Z,Monza,Sassuolo,leovegas,totals,Under,2.5,1.85,2026-09-13T10:53:51Z
2026-09-13T1054,8bc1f4d74cf888c97c0216fd26c4ece7,2026-09-18T18:45:00Z,Monza,Sassuolo,paddypower,h2h,Monza,,2.75,2026-09-13T10:53:09Z
2026-09-13T1054,8bc1f4d74cf888c97c0216fd26c4ece7,2026-09-18T18:45:00Z,Monza,Sassuolo,paddypower,h2h,Sassuolo,,2.3,2026-09-13T10:53:09Z
2026-09-13T1054,8bc1f4d74cf888c97c0216fd26c4ece7,2026-09-18T18:45:00Z,Monza,Sassuolo,paddypower,h2h,Draw,,3.4,2026-09-13T10:53:09Z
2026-09-13T1054,8bc1f4d74cf888c97c0216fd26c4ece7,2026-09-18T18:45:00Z,Monza,Sassuolo,unibet_fr,h2h,Monza,,2.75,2026-09-13T10:54:13Z
2026-09-13T1054,8bc1f4d74cf888c97c0216fd26c4ece7,2026-09-18T18:45:00Z,Monza,Sassuolo,unibet_fr,h2h,Sassuolo,,2.35,2026-09-13T10:54:13Z
2026-09-13T1054,8bc1f4d74cf888c97c0216fd26c4ece7,2026-09-18T18:45:00Z,Monza,Sassuolo,unibet_fr,h2h,Draw,,3.2,2026-09-13T10:54:13Z
2026-09-13T1054,8bc1f4d74cf888c97c0216fd26c4ece7,2026-09-18T18:45:00Z,Monza,Sassuolo,betclic_fr,h2h,Monza,,2.75,2026-09-13T10:52:40Z
2026-09-13T1054,8bc1f4d74cf888c97c0216fd26c4ece7,2026-09-18T18:45:00Z,Monza,Sassuolo,betclic_fr,h2h,Sassuolo,,2.4,2026-09-13T10:52:40Z
2026-09-13T1054,8bc1f4d74cf888c97c0216fd26c4ece7,2026-09-18T18:45:00Z,Monza,Sassuolo,betclic_fr,h2h,Draw,,3.25,2026-09-13T10:52:40Z
2026-09-13T1054,8bc1f4d74cf888c97c0216fd26c4ece7,2026-09-18T18:45:00Z,Monza,Sassuolo,skybet,h2h,Monza,,2.8,2026-09-13T10:53:51Z
2026-09-13T1054,8bc1f4d74cf888c97c0216fd26c4ece7,2026-09-18T18:45:00Z,Monza,Sassuolo,skybet,h2h,Sassuolo,,2.38,2026-09-13T10:53:51Z
2026-09-13T1054,8bc1f4d74cf888c97c0216fd26c4ece7,2026-09-18T18:45:00Z,Monza,Sassuolo,skybet,h2h,Draw,,3.4,2026-09-13T10:53:51Z
2026-09-13T1054,8bc1f4d74cf888c97c0216fd26c4ece7,2026-09-18T18:45:00Z,Monza,Sassuolo,pinnacle,h2h,Monza,,2.78,2026-09-13T10:54:12Z
2026-09-13T1054,8bc1f4d74cf888c97c0216fd26c4ece7,2026-09-18T18:45:00Z,Monza,Sassuolo,pinnacle,h2h,Sassuolo,,2.55,2026-09-13T10:54:12Z
2026-09-13T1054,8bc1f4d74cf888c97c0216fd26c4ece7,2026-09-18T18:45:00Z,Monza,Sassuolo,pinnacle,h2h,Draw,,3.36,2026-09-13T10:54:12Z
2026-09-13T1054,8bc1f4d74cf888c97c0216fd26c4ece7,2026-09-18T18:45:00Z,Monza,Sassuolo,pinnacle,totals,Over,2.5,1.93,2026-09-13T10:54:12Z
2026-09-13T1054,8bc1f4d74cf888c97c0216fd26c4ece7,2026-09-18T18:45:00Z,Monza,Sassuolo,pinnacle,totals,Under,2.5,1.9,2026-09-13T10:54:12Z
2026-09-13T1054,8bc1f4d74cf888c97c0216fd26c4ece7,2026-09-18T18:45:00Z,Monza,Sassuolo,onexbet,h2h,Monza,,2.88,2026-09-13T10:54:12Z
2026-09-13T1054,8bc1f4d74cf888c97c0216fd26c4ece7,2026-09-18T18:45:00Z,Monza,Sassuolo,onexbet,h2h,Sassuolo,,2.63,2026-09-13T10:54:12Z
2026-09-13T1054,8bc1f4d74cf888c97c0216fd26c4ece7,2026-09-18T18:45:00Z,Monza,Sassuolo,onexbet,h2h,Draw,,3.48,2026-09-13T10:54:12Z
2026-09-13T1054,8bc1f4d74cf888c97c0216fd26c4ece7,2026-09-18T18:45:00Z,Monza,Sassuolo,onexbet,totals,Over,2.5,1.98,2026-09-13T10:54:12Z
2026-09-13T1054,8bc1f4d74cf888c97c0216fd26c4ece7,2026-09-18T18:45:00Z,Monza,Sassuolo,onexbet,totals,Under,2.5,1.96,2026-09-13T10:54:12Z
2026-09-13T1054,8bc1f4d74cf888c97c0216fd26c4ece7,2026-09-18T18:45:00Z,Monza,Sassuolo,nordicbet,h2h,Monza,,2.82,2026-09-13T10:52:27Z
2026-09-13T1054,8bc1f4d74cf888c97c0216fd26c4ece7,2026-09-18T18:45:00Z,Monza,Sassuolo,nordicbet,h2h,Sassuolo,,2.52,2026-09-13T10:52:27Z
2026-09-13T1054,8bc1f4d74cf888c97c0216fd26c4ece7,2026-09-18T18:45:00Z,Monza,Sassuolo,nordicbet,h2h,Draw,,3.3,2026-09-13T10:52:27Z
2026-09-13T1054,8bc1f4d74cf888c97c0216fd26c4ece7,2026-09-18T18:45:00Z,Monza,Sassuolo,nordicbet,totals,Over,2.5,1.88,2026-09-13T10:52:27Z
2026-09-13T1054,8bc1f4d74cf888c97c0216fd26c4ece7,2026-09-18T18:45:00Z,Monza,Sassuolo,nordicbet,totals,Under,2.5,1.88,2026-09-13T10:52:27Z
2026-09-13T1054,8bc1f4d74cf888c97c0216fd26c4ece7,2026-09-18T18:45:00Z,Monza,Sassuolo,betsson,h2h,Monza,,2.82,2026-09-13T10:53:30Z
2026-09-13T1054,8bc1f4d74cf888c97c0216fd26c4ece7,2026-09-18T18:45:00Z,Monza,Sassuolo,betsson,h2h,Sassuolo,,2.52,2026-09-13T10:53:30Z
2026-09-13T1054,8bc1f4d74cf888c97c0216fd26c4ece7,2026-09-18T18:45:00Z,Monza,Sassuolo,betsson,h2h,Draw,,3.3,2026-09-13T10:53:30Z
2026-09-13T1054,8bc1f4d74cf888c97c0216fd26c4ece7,2026-09-18T18:45:00Z,Monza,Sassuolo,betsson,totals,Over,2.5,1.88,2026-09-13T10:53:30Z
2026-09-13T1054,8bc1f4d74cf888c97c0216fd26c4ece7,2026-09-18T18:45:00Z,Monza,Sassuolo,betsson,totals,Under,2.5,1.88,2026-09-13T10:53:30Z
2026-09-13T1054,8bc1f4d74cf888c97c0216fd26c4ece7,2026-09-18T18:45:00Z,Monza,Sassuolo,marathonbet,h2h,Monza,,2.82,2026-09-13T10:53:53Z
2026-09-13T1054,8bc1f4d74cf888c97c0216fd26c4ece7,2026-09-18T18:45:00Z,Monza,Sassuolo,marathonbet,h2h,Sassuolo,,2.57,2026-09-13T10:53:53Z
2026-09-13T1054,8bc1f4d74cf888c97c0216fd26c4ece7,2026-09-18T18:45:00Z,Monza,Sassuolo,marathonbet,h2h,Draw,,3.4,2026-09-13T10:53:53Z
2026-09-13T1054,8bc1f4d74cf888c97c0216fd26c4ece7,2026-09-18T18:45:00Z,Monza,Sassuolo,smarkets,h2h,Monza,,2.8,2026-09-13T10:54:13Z
2026-09-13T1054,8bc1f4d74cf888c97c0216fd26c4ece7,2026-09-18T18:45:00Z,Monza,Sassuolo,smarkets,h2h,Sassuolo,,2.5,2026-09-13T10:54:13Z
2026-09-13T1054,8bc1f4d74cf888c97c0216fd26c4ece7,2026-09-18T18:45:00Z,Monza,Sassuolo,smarkets,h2h,Draw,,3.35,2026-09-13T10:54:13Z
2026-09-13T1054,8bc1f4d74cf888c97c0216fd26c4ece7,2026-09-18T18:45:00Z,Monza,Sassuolo,smarkets,h2h_lay,Monza,,3.05,2026-09-13T10:54:13Z
2026-09-13T1054,8bc1f4d74cf888c97c0216fd26c4ece7,2026-09-18T18:45:00Z,Monza,Sassuolo,smarkets,h2h_lay,Sassuolo,,2.74,2026-09-13T10:54:13Z
2026-09-13T1054,8bc1f4d74cf888c97c0216fd26c4ece7,2026-09-18T18:45:00Z,Monza,Sassuolo,smarkets,h2h_lay,Draw,,3.65,2026-09-13T10:54:13Z
2026-09-13T1054,8bc1f4d74cf888c97c0216fd26c4ece7,2026-09-18T18:45:00Z,Monza,Sassuolo,tipico_de,h2h,Monza,,2.85,2026-09-13T10:54:14Z
2026-09-13T1054,8bc1f4d74cf888c97c0216fd26c4ece7,2026-09-18T18:45:00Z,Monza,Sassuolo,tipico_de,h2h,Sassuolo,,2.45,2026-09-13T10:54:14Z
2026-09-13T1054,8bc1f4d74cf888c97c0216fd26c4ece7,2026-09-18T18:45:00Z,Monza,Sassuolo,tipico_de,h2h,Draw,,3.3,2026-09-13T10:54:14Z
2026-09-13T1054,8bc1f4d74cf888c97c0216fd26c4ece7,2026-09-18T18:45:00Z,Monza,Sassuolo,tipico_de,totals,Over,2.5,1.85,2026-09-13T10:54:14Z
2026-09-13T1054,8bc1f4d74cf888c97c0216fd26c4ece7,2026-09-18T18:45:00Z,Monza,Sassuolo,tipico_de,totals,Under,2.5,1.9,2026-09-13T10:54:14Z
2026-09-13T1054,8bc1f4d74cf888c97c0216fd26c4ece7,2026-09-18T18:45:00Z,Monza,Sassuolo,sport888,h2h,Monza,,2.75,2026-09-13T10:53:28Z
2026-09-13T1054,8bc1f4d74cf888c97c0216fd26c4ece7,2026-09-18T18:45:00Z,Monza,Sassuolo,sport888,h2h,Sassuolo,,2.45,2026-09-13T10:53:28Z
2026-09-13T1054,8bc1f4d74cf888c97c0216fd26c4ece7,2026-09-18T18:45:00Z,Monza,Sassuolo,sport888,h2h,Draw,,3.2,2026-09-13T10:53:28Z
2026-09-13T1054,8bc1f4d74cf888c97c0216fd26c4ece7,2026-09-18T18:45:00Z,Monza,Sassuolo,williamhill,h2h,Monza,,2.75,2026-09-13T10:53:51Z
2026-09-13T1054,8bc1f4d74cf888c97c0216fd26c4ece7,2026-09-18T18:45:00Z,Monza,Sassuolo,williamhill,h2h,Sassuolo,,2.45,2026-09-13T10:53:51Z
2026-09-13T1054,8bc1f4d74cf888c97c0216fd26c4ece7,2026-09-18T18:45:00Z,Monza,Sassuolo,williamhill,h2h,Draw,,3.2,2026-09-13T10:53:51Z
2026-09-13T1054,8bc1f4d74cf888c97c0216fd26c4ece7,2026-09-18T18:45:00Z,Monza,Sassuolo,williamhill,totals,Over,2.5,1.95,2026-09-13T10:53:51Z
2026-09-13T1054,8bc1f4d74cf888c97c0216fd26c4ece7,2026-09-18T18:45:00Z,Monza,Sassuolo,williamhill,totals,Under,2.5,1.83,2026-09-13T10:53:51Z
2026-09-13T1054,8bc1f4d74cf888c97c0216fd26c4ece7,2026-09-18T18:45:00Z,Monza,Sassuolo,betfair_ex_eu,h2h,Monza,,2.82,2026-09-13T10:53:51Z
2026-09-13T1054,8bc1f4d74cf888c97c0216fd26c4ece7,2026-09-18T18:45:00Z,Monza,Sassuolo,betfair_ex_eu,h2h,Sassuolo,,2.52,2026-09-13T10:53:51Z
2026-09-13T1054,8bc1f4d74cf888c97c0216fd26c4ece7,2026-09-18T18:45:00Z,Monza,Sassuolo,betfair_ex_eu,h2h,Draw,,3.4,2026-09-13T10:53:51Z
2026-09-13T1054,8bc1f4d74cf888c97c0216fd26c4ece7,2026-09-18T18:45:00Z,Monza,Sassuolo,betfair_ex_eu,h2h_lay,Monza,,3.05,2026-09-13T10:53:51Z
2026-09-13T1054,8bc1f4d74cf888c97c0216fd26c4ece7,2026-09-18T18:45:00Z,Monza,Sassuolo,betfair_ex_eu,h2h_lay,Sassuolo,,2.74,2026-09-13T10:53:51Z
2026-09-13T1054,8bc1f4d74cf888c97c0216fd26c4ece7,2026-09-18T18:45:00Z,Monza,Sassuolo,betfair_ex_eu,h2h_lay,Draw,,3.65,2026-09-13T10:53:51Z
2026-09-13T1054,8bc1f4d74cf888c97c0216fd26c4ece7,2026-09-18T18:45:00Z,Monza,Sassuolo,betfair_ex_uk,h2h,Monza,,2.82,2026-09-13T10:54:15Z
2026-09-13T1054,8bc1f4d74cf888c97c0216fd26c4ece7,2026-09-18T18:45:00Z,Monza,Sassuolo,betfair_ex_uk,h2h,Sassuolo,,2.52,2026-09-13T10:54:15Z
2026-09-13T1054,8bc1f4d74cf888c97c0216fd26c4ece7,2026-09-18T18:45:00Z,Monza,Sassuolo,betfair_ex_uk,h2h,Draw,,3.4,2026-09-13T10:54:15Z
2026-09-13T1054,8bc1f4d74cf888c97c0216fd26c4ece7,2026-09-18T18:45:00Z,Monza,Sassuolo,betfair_ex_uk,h2h_lay,Monza,,3.05,2026-09-13T10:54:15Z
2026-09-13T1054,8bc1f4d74cf888c97c0216fd26c4ece7,2026-09-18T18:45:00Z,Monza,Sassuolo,betfair_ex_uk,h2h_lay,Sassuolo,,2.74,2026-09-13T10:54:15Z
2026-09-13T1054,8bc1f4d74cf888c97c0216fd26c4ece7,2026-09-18T18:45:00Z,Monza,Sassuolo,betfair_ex_uk,h2h_lay,Draw,,3.65,2026-09-13T10:54:15Z
2026-09-13T1054,8bc1f4d74cf888c97c0216fd26c4ece7,2026-09-18T18:45:00Z,Monza,Sassuolo,boylesports,h2h,Monza,,2.6,2026-09-13T10:53:30Z
2026-09-13T1054,8bc1f4d74cf888c97c0216fd26c4ece7,2026-09-18T18:45:00Z,Monza,Sassuolo,boylesports,h2h,Sassuolo,,2.4,2026-09-13T10:53:30Z
2026-09-13T1054,8bc1f4d74cf888c97c0216fd26c4ece7,2026-09-18T18:45:00Z,Monza,Sassuolo,boylesports,h2h,Draw,,3.25,2026-09-13T10:53:30Z
2026-09-13T1054,8bc1f4d74cf888c97c0216fd26c4ece7,2026-09-18T18:45:00Z,Monza,Sassuolo,virginbet,h2h,Monza,,2.8,2026-09-13T10:54:13Z
2026-09-13T1054,8bc1f4d74cf888c97c0216fd26c4ece7,2026-09-18T18:45:00Z,Monza,Sassuolo,virginbet,h2h,Sassuolo,,2.23,2026-09-13T10:54:13Z
2026-09-13T1054,8bc1f4d74cf888c97c0216fd26c4ece7,2026-09-18T18:45:00Z,Monza,Sassuolo,virginbet,h2h,Draw,,3.3,2026-09-13T10:54:13Z
2026-09-13T1054,8bc1f4d74cf888c97c0216fd26c4ece7,2026-09-18T18:45:00Z,Monza,Sassuolo,unibet_nl,h2h,Monza,,3.0,2026-09-13T10:53:29Z
2026-09-13T1054,8bc1f4d74cf888c97c0216fd26c4ece7,2026-09-18T18:45:00Z,Monza,Sassuolo,unibet_nl,h2h,Sassuolo,,2.38,2026-09-13T10:53:29Z
2026-09-13T1054,8bc1f4d74cf888c97c0216fd26c4ece7,2026-09-18T18:45:00Z,Monza,Sassuolo,unibet_nl,h2h,Draw,,3.55,2026-09-13T10:53:29Z
2026-09-13T1054,8bc1f4d74cf888c97c0216fd26c4ece7,2026-09-18T18:45:00Z,Monza,Sassuolo,unibet_nl,totals,Over,2.5,1.78,2026-09-13T10:53:29Z
2026-09-13T1054,8bc1f4d74cf888c97c0216fd26c4ece7,2026-09-18T18:45:00Z,Monza,Sassuolo,unibet_nl,totals,Under,2.5,2.0,2026-09-13T10:53:29Z
2026-09-13T1054,8bc1f4d74cf888c97c0216fd26c4ece7,2026-09-18T18:45:00Z,Monza,Sassuolo,livescorebet,h2h,Monza,,2.8,2026-09-13T10:53:51Z
2026-09-13T1054,8bc1f4d74cf888c97c0216fd26c4ece7,2026-09-18T18:45:00Z,Monza,Sassuolo,livescorebet,h2h,Sassuolo,,2.23,2026-09-13T10:53:51Z
2026-09-13T1054,8bc1f4d74cf888c97c0216fd26c4ece7,2026-09-18T18:45:00Z,Monza,Sassuolo,livescorebet,h2h,Draw,,3.3,2026-09-13T10:53:51Z
2026-09-13T1054,8bc1f4d74cf888c97c0216fd26c4ece7,2026-09-18T18:45:00Z,Monza,Sassuolo,leovegas_se,h2h,Monza,,2.85,2026-09-13T10:54:12Z
2026-09-13T1054,8bc1f4d74cf888c97c0216fd26c4ece7,2026-09-18T18:45:00Z,Monza,Sassuolo,leovegas_se,h2h,Sassuolo,,2.28,2026-09-13T10:54:12Z
2026-09-13T1054,8bc1f4d74cf888c97c0216fd26c4ece7,2026-09-18T18:45:00Z,Monza,Sassuolo,leovegas_se,h2h,Draw,,3.35,2026-09-13T10:54:12Z
2026-09-13T1054,8bc1f4d74cf888c97c0216fd26c4ece7,2026-09-18T18:45:00Z,Monza,Sassuolo,leovegas_se,totals,Over,2.5,1.79,2026-09-13T10:54:12Z
2026-09-13T1054,8bc1f4d74cf888c97c0216fd26c4ece7,2026-09-18T18:45:00Z,Monza,Sassuolo,leovegas_se,totals,Under,2.5,2.0,2026-09-13T10:54:12Z
2026-09-13T1054,8bc1f4d74cf888c97c0216fd26c4ece7,2026-09-18T18:45:00Z,Monza,Sassuolo,casumo,h2h,Monza,,2.88,2026-09-13T10:53:51Z
2026-09-13T1054,8bc1f4d74cf888c97c0216fd26c4ece7,2026-09-18T18:45:00Z,Monza,Sassuolo,casumo,h2h,Sassuolo,,2.32,2026-09-13T10:53:51Z
2026-09-13T1054,8bc1f4d74cf888c97c0216fd26c4ece7,2026-09-18T18:45:00Z,Monza,Sassuolo,casumo,h2h,Draw,,3.4,2026-09-13T10:53:51Z
2026-09-13T1054,8bc1f4d74cf888c97c0216fd26c4ece7,2026-09-18T18:45:00Z,Monza,Sassuolo,casumo,totals,Over,2.5,1.78,2026-09-13T10:53:51Z
2026-09-13T1054,8bc1f4d74cf888c97c0216fd26c4ece7,2026-09-18T18:45:00Z,Monza,Sassuolo,casumo,totals,Under,2.5,2.0,2026-09-13T10:53:51Z
2026-09-13T1054,8bc1f4d74cf888c97c0216fd26c4ece7,2026-09-18T18:45:00Z,Monza,Sassuolo,grosvenor,h2h,Monza,,2.95,2026-09-13T10:53:51Z
2026-09-13T1054,8bc1f4d74cf888c97c0216fd26c4ece7,2026-09-18T18:45:00Z,Monza,Sassuolo,grosvenor,h2h,Sassuolo,,2.35,2026-09-13T10:53:51Z
2026-09-13T1054,8bc1f4d74cf888c97c0216fd26c4ece7,2026-09-18T18:45:00Z,Monza,Sassuolo,grosvenor,h2h,Draw,,3.45,2026-09-13T10:53:51Z
2026-09-13T1054,8bc1f4d74cf888c97c0216fd26c4ece7,2026-09-18T18:45:00Z,Monza,Sassuolo,grosvenor,totals,Over,2.5,1.78,2026-09-13T10:53:51Z
2026-09-13T1054,8bc1f4d74cf888c97c0216fd26c4ece7,2026-09-18T18:45:00Z,Monza,Sassuolo,grosvenor,totals,Under,2.5,2.0,2026-09-13T10:53:51Z
2026-09-13T1054,8bc1f4d74cf888c97c0216fd26c4ece7,2026-09-18T18:45:00Z,Monza,Sassuolo,unibet_se,h2h,Monza,,3.0,2026-09-13T10:53:29Z
2026-09-13T1054,8bc1f4d74cf888c97c0216fd26c4ece7,2026-09-18T18:45:00Z,Monza,Sassuolo,unibet_se,h2h,Sassuolo,,2.38,2026-09-13T10:53:29Z
2026-09-13T1054,8bc1f4d74cf888c97c0216fd26c4ece7,2026-09-18T18:45:00Z,Monza,Sassuolo,unibet_se,h2h,Draw,,3.55,2026-09-13T10:53:29Z
2026-09-13T1054,8bc1f4d74cf888c97c0216fd26c4ece7,2026-09-18T18:45:00Z,Monza,Sassuolo,unibet_se,totals,Over,2.5,1.79,2026-09-13T10:53:29Z
2026-09-13T1054,8bc1f4d74cf888c97c0216fd26c4ece7,2026-09-18T18:45:00Z,Monza,Sassuolo,unibet_se,totals,Under,2.5,2.0,2026-09-13T10:53:29Z
2026-09-13T1054,8bc1f4d74cf888c97c0216fd26c4ece7,2026-09-18T18:45:00Z,Monza,Sassuolo,pmu_fr,h2h,Monza,,2.85,2026-09-13T10:53:29Z
2026-09-13T1054,8bc1f4d74cf888c97c0216fd26c4ece7,2026-09-18T18:45:00Z,Monza,Sassuolo,pmu_fr,h2h,Sassuolo,,2.3,2026-09-13T10:53:29Z
2026-09-13T1054,8bc1f4d74cf888c97c0216fd26c4ece7,2026-09-18T18:45:00Z,Monza,Sassuolo,pmu_fr,h2h,Draw,,3.35,2026-09-13T10:53:29Z
2026-09-13T1054,8bc1f4d74cf888c97c0216fd26c4ece7,2026-09-18T18:45:00Z,Monza,Sassuolo,pmu_fr,totals,Over,2.5,1.68,2026-09-13T10:53:29Z
2026-09-13T1054,8bc1f4d74cf888c97c0216fd26c4ece7,2026-09-18T18:45:00Z,Monza,Sassuolo,pmu_fr,totals,Under,2.5,1.88,2026-09-13T10:53:29Z
2026-09-13T1054,8bc1f4d74cf888c97c0216fd26c4ece7,2026-09-18T18:45:00Z,Monza,Sassuolo,matchbook,h2h,Monza,,2.84,2026-09-13T10:54:12Z
2026-09-13T1054,8bc1f4d74cf888c97c0216fd26c4ece7,2026-09-18T18:45:00Z,Monza,Sassuolo,matchbook,h2h,Sassuolo,,2.52,2026-09-13T10:54:12Z
2026-09-13T1054,8bc1f4d74cf888c97c0216fd26c4ece7,2026-09-18T18:45:00Z,Monza,Sassuolo,matchbook,h2h,Draw,,3.45,2026-09-13T10:54:12Z
2026-09-13T1054,8bc1f4d74cf888c97c0216fd26c4ece7,2026-09-18T18:45:00Z,Monza,Sassuolo,matchbook,h2h_lay,Monza,,3.05,2026-09-13T10:54:12Z
2026-09-13T1054,8bc1f4d74cf888c97c0216fd26c4ece7,2026-09-18T18:45:00Z,Monza,Sassuolo,matchbook,h2h_lay,Sassuolo,,2.72,2026-09-13T10:54:12Z
2026-09-13T1054,8bc1f4d74cf888c97c0216fd26c4ece7,2026-09-18T18:45:00Z,Monza,Sassuolo,matchbook,h2h_lay,Draw,,3.7,2026-09-13T10:54:12Z
2026-09-13T1054,8bc1f4d74cf888c97c0216fd26c4ece7,2026-09-18T18:45:00Z,Monza,Sassuolo,matchbook,totals,Over,2.5,1.87,2026-09-13T10:54:12Z
2026-09-13T1054,8bc1f4d74cf888c97c0216fd26c4ece7,2026-09-18T18:45:00Z,Monza,Sassuolo,matchbook,totals,Under,2.5,1.92,2026-09-13T10:54:12Z
2026-09-13T1054,8bc1f4d74cf888c97c0216fd26c4ece7,2026-09-18T18:45:00Z,Monza,Sassuolo,gtbets,h2h,Monza,,2.78,2026-09-13T10:53:30Z
2026-09-13T1054,8bc1f4d74cf888c97c0216fd26c4ece7,2026-09-18T18:45:00Z,Monza,Sassuolo,gtbets,h2h,Sassuolo,,2.56,2026-09-13T10:53:30Z
2026-09-13T1054,8bc1f4d74cf888c97c0216fd26c4ece7,2026-09-18T18:45:00Z,Monza,Sassuolo,gtbets,h2h,Draw,,3.34,2026-09-13T10:53:30Z
2026-09-13T1054,8bc1f4d74cf888c97c0216fd26c4ece7,2026-09-18T18:45:00Z,Monza,Sassuolo,gtbets,totals,Over,2.5,1.89,2026-09-13T10:53:30Z
2026-09-13T1054,8bc1f4d74cf888c97c0216fd26c4ece7,2026-09-18T18:45:00Z,Monza,Sassuolo,gtbets,totals,Under,2.5,1.88,2026-09-13T10:53:30Z
2026-09-13T1054,8bc1f4d74cf888c97c0216fd26c4ece7,2026-09-18T18:45:00Z,Monza,Sassuolo,betvictor,h2h,Monza,,2.7,2026-09-13T10:53:44Z
2026-09-13T1054,8bc1f4d74cf888c97c0216fd26c4ece7,2026-09-18T18:45:00Z,Monza,Sassuolo,betvictor,h2h,Sassuolo,,2.5,2026-09-13T10:53:44Z
2026-09-13T1054,8bc1f4d74cf888c97c0216fd26c4ece7,2026-09-18T18:45:00Z,Monza,Sassuolo,betvictor,h2h,Draw,,3.3,2026-09-13T10:53:44Z
2026-09-13T1054,8bc1f4d74cf888c97c0216fd26c4ece7,2026-09-18T18:45:00Z,Monza,Sassuolo,betano_uk,h2h,Monza,,2.7,2026-09-13T10:52:17Z
2026-09-13T1054,8bc1f4d74cf888c97c0216fd26c4ece7,2026-09-18T18:45:00Z,Monza,Sassuolo,betano_uk,h2h,Sassuolo,,2.5,2026-09-13T10:52:17Z
2026-09-13T1054,8bc1f4d74cf888c97c0216fd26c4ece7,2026-09-18T18:45:00Z,Monza,Sassuolo,betano_uk,h2h,Draw,,3.3,2026-09-13T10:52:17Z
2026-09-13T1054,8bc1f4d74cf888c97c0216fd26c4ece7,2026-09-18T18:45:00Z,Monza,Sassuolo,betfair_sb_uk,h2h,Monza,,2.8,2026-09-13T10:54:13Z
2026-09-13T1054,8bc1f4d74cf888c97c0216fd26c4ece7,2026-09-18T18:45:00Z,Monza,Sassuolo,betfair_sb_uk,h2h,Sassuolo,,2.3,2026-09-13T10:54:13Z
2026-09-13T1054,8bc1f4d74cf888c97c0216fd26c4ece7,2026-09-18T18:45:00Z,Monza,Sassuolo,betfair_sb_uk,h2h,Draw,,3.5,2026-09-13T10:54:13Z
2026-09-13T1054,8bc1f4d74cf888c97c0216fd26c4ece7,2026-09-18T18:45:00Z,Monza,Sassuolo,betonlineag,h2h,Monza,,2.78,2026-09-13T10:53:29Z
2026-09-13T1054,8bc1f4d74cf888c97c0216fd26c4ece7,2026-09-18T18:45:00Z,Monza,Sassuolo,betonlineag,h2h,Sassuolo,,2.55,2026-09-13T10:53:29Z
2026-09-13T1054,8bc1f4d74cf888c97c0216fd26c4ece7,2026-09-18T18:45:00Z,Monza,Sassuolo,betonlineag,h2h,Draw,,3.36,2026-09-13T10:53:29Z
2026-09-13T1054,8bc1f4d74cf888c97c0216fd26c4ece7,2026-09-18T18:45:00Z,Monza,Sassuolo,betonlineag,totals,Over,2.5,1.91,2026-09-13T10:53:29Z
2026-09-13T1054,8bc1f4d74cf888c97c0216fd26c4ece7,2026-09-18T18:45:00Z,Monza,Sassuolo,betonlineag,totals,Under,2.5,1.88,2026-09-13T10:53:29Z
2026-09-13T1054,8bc1f4d74cf888c97c0216fd26c4ece7,2026-09-18T18:45:00Z,Monza,Sassuolo,everygame,h2h,Monza,,2.7,2026-09-13T10:53:03Z
2026-09-13T1054,8bc1f4d74cf888c97c0216fd26c4ece7,2026-09-18T18:45:00Z,Monza,Sassuolo,everygame,h2h,Sassuolo,,2.45,2026-09-13T10:53:03Z
2026-09-13T1054,8bc1f4d74cf888c97c0216fd26c4ece7,2026-09-18T18:45:00Z,Monza,Sassuolo,everygame,h2h,Draw,,3.25,2026-09-13T10:53:03Z
2026-09-13T1054,c7b8233ea02650f1055ae086b169b7a1,2026-09-19T13:00:00Z,Bologna,Torino,leovegas,h2h,Bologna,,1.88,2026-09-13T10:53:51Z
2026-09-13T1054,c7b8233ea02650f1055ae086b169b7a1,2026-09-19T13:00:00Z,Bologna,Torino,leovegas,h2h,Torino,,3.8,2026-09-13T10:53:51Z
2026-09-13T1054,c7b8233ea02650f1055ae086b169b7a1,2026-09-19T13:00:00Z,Bologna,Torino,leovegas,h2h,Draw,,3.4,2026-09-13T10:53:51Z
2026-09-13T1054,c7b8233ea02650f1055ae086b169b7a1,2026-09-19T13:00:00Z,Bologna,Torino,leovegas,totals,Over,2.5,1.92,2026-09-13T10:53:51Z
2026-09-13T1054,c7b8233ea02650f1055ae086b169b7a1,2026-09-19T13:00:00Z,Bologna,Torino,leovegas,totals,Under,2.5,1.8,2026-09-13T10:53:51Z
2026-09-13T1054,c7b8233ea02650f1055ae086b169b7a1,2026-09-19T13:00:00Z,Bologna,Torino,unibet_uk,h2h,Bologna,,1.9,2026-09-13T10:53:30Z
2026-09-13T1054,c7b8233ea02650f1055ae086b169b7a1,2026-09-19T13:00:00Z,Bologna,Torino,unibet_uk,h2h,Torino,,3.9,2026-09-13T10:53:30Z
2026-09-13T1054,c7b8233ea02650f1055ae086b169b7a1,2026-09-19T13:00:00Z,Bologna,Torino,unibet_uk,h2h,Draw,,3.5,2026-09-13T10:53:30Z
2026-09-13T1054,c7b8233ea02650f1055ae086b169b7a1,2026-09-19T13:00:00Z,Bologna,Torino,winamax_de,h2h,Bologna,,1.86,2026-09-13T10:52:28Z
2026-09-13T1054,c7b8233ea02650f1055ae086b169b7a1,2026-09-19T13:00:00Z,Bologna,Torino,winamax_de,h2h,Torino,,3.75,2026-09-13T10:52:28Z
2026-09-13T1054,c7b8233ea02650f1055ae086b169b7a1,2026-09-19T13:00:00Z,Bologna,Torino,winamax_de,h2h,Draw,,3.5,2026-09-13T10:52:28Z
2026-09-13T1054,c7b8233ea02650f1055ae086b169b7a1,2026-09-19T13:00:00Z,Bologna,Torino,onexbet,h2h,Bologna,,1.97,2026-09-13T10:54:12Z
2026-09-13T1054,c7b8233ea02650f1055ae086b169b7a1,2026-09-19T13:00:00Z,Bologna,Torino,onexbet,h2h,Torino,,4.25,2026-09-13T10:54:12Z
2026-09-13T1054,c7b8233ea02650f1055ae086b169b7a1,2026-09-19T13:00:00Z,Bologna,Torino,onexbet,h2h,Draw,,3.66,2026-09-13T10:54:12Z
2026-09-13T1054,c7b8233ea02650f1055ae086b169b7a1,2026-09-19T13:00:00Z,Bologna,Torino,onexbet,totals,Over,2.5,2.07,2026-09-13T10:54:12Z
2026-09-13T1054,c7b8233ea02650f1055ae086b169b7a1,2026-09-19T13:00:00Z,Bologna,Torino,onexbet,totals,Under,2.5,1.88,2026-09-13T10:54:12Z
2026-09-13T1054,c7b8233ea02650f1055ae086b169b7a1,2026-09-19T13:00:00Z,Bologna,Torino,unibet_fr,h2h,Bologna,,1.76,2026-09-13T10:54:13Z
2026-09-13T1054,c7b8233ea02650f1055ae086b169b7a1,2026-09-19T13:00:00Z,Bologna,Torino,unibet_fr,h2h,Torino,,3.9,2026-09-13T10:54:13Z
2026-09-13T1054,c7b8233ea02650f1055ae086b169b7a1,2026-09-19T13:00:00Z,Bologna,Torino,unibet_fr,h2h,Draw,,3.4,2026-09-13T10:54:13Z
2026-09-13T1054,c7b8233ea02650f1055ae086b169b7a1,2026-09-19T13:00:00Z,Bologna,Torino,winamax_fr,h2h,Bologna,,1.78,2026-09-13T10:53:52Z
2026-09-13T1054,c7b8233ea02650f1055ae086b169b7a1,2026-09-19T13:00:00Z,Bologna,Torino,winamax_fr,h2h,Torino,,3.5,2026-09-13T10:53:52Z
2026-09-13T1054,c7b8233ea02650f1055ae086b169b7a1,2026-09-19T13:00:00Z,Bologna,Torino,winamax_fr,h2h,Draw,,3.25,2026-09-13T10:53:52Z
2026-09-13T1054,c7b8233ea02650f1055ae086b169b7a1,2026-09-19T13:00:00Z,Bologna,Torino,betclic_fr,h2h,Bologna,,1.85,2026-09-13T10:52:40Z
2026-09-13T1054,c7b8233ea02650f1055ae086b169b7a1,2026-09-19T13:00:00Z,Bologna,Torino,betclic_fr,h2h,Torino,,3.9,2026-09-13T10:52:40Z
2026-09-13T1054,c7b8233ea02650f1055ae086b169b7a1,2026-09-19T13:00:00Z,Bologna,Torino,betclic_fr,h2h,Draw,,3.43,2026-09-13T10:52:40Z
2026-09-13T1054,c7b8233ea02650f1055ae086b169b7a1,2026-09-19T13:00:00Z,Bologna,Torino,paddypower,h2h,Bologna,,1.83,2026-09-13T10:53:09Z
2026-09-13T1054,c7b8233ea02650f1055ae086b169b7a1,2026-09-19T13:00:00Z,Bologna,Torino,paddypower,h2h,Torino,,4.0,2026-09-13T10:53:09Z
2026-09-13T1054,c7b8233ea02650f1055ae086b169b7a1,2026-09-19T13:00:00Z,Bologna,Torino,paddypower,h2h,Draw,,3.5,2026-09-13T10:53:09Z
2026-09-13T1054,c7b8233ea02650f1055ae086b169b7a1,2026-09-19T13:00:00Z,Bologna,Torino,betfred_uk,h2h,Bologna,,1.9,2026-09-13T10:54:13Z
2026-09-13T1054,c7b8233ea02650f1055ae086b169b7a1,2026-09-19T13:00:00Z,Bologna,Torino,betfred_uk,h2h,Torino,,4.0,2026-09-13T10:54:13Z
2026-09-13T1054,c7b8233ea02650f1055ae086b169b7a1,2026-09-19T13:00:00Z,Bologna,Torino,betfred_uk,h2h,Draw,,3.6,2026-09-13T10:54:13Z
2026-09-13T1054,c7b8233ea02650f1055ae086b169b7a1,2026-09-19T13:00:00Z,Bologna,Torino,skybet,h2h,Bologna,,1.85,2026-09-13T10:53:51Z
2026-09-13T1054,c7b8233ea02650f1055ae086b169b7a1,2026-09-19T13:00:00Z,Bologna,Torino,skybet,h2h,Torino,,4.0,2026-09-13T10:53:51Z
2026-09-13T1054,c7b8233ea02650f1055ae086b169b7a1,2026-09-19T13:00:00Z,Bologna,Torino,skybet,h2h,Draw,,3.5,2026-09-13T10:53:51Z
2026-09-13T1054,c7b8233ea02650f1055ae086b169b7a1,2026-09-19T13:00:00Z,Bologna,Torino,tipico_de,h2h,Bologna,,1.87,2026-09-13T10:54:14Z
2026-09-13T1054,c7b8233ea02650f1055ae086b169b7a1,2026-09-19T13:00:00Z,Bologna,Torino,tipico_de,h2h,Torino,,4.2,2026-09-13T10:54:14Z
2026-09-13T1054,c7b8233ea02650f1055ae086b169b7a1,2026-09-19T13:00:00Z,Bologna,Torino,tipico_de,h2h,Draw,,3.5,2026-09-13T10:54:14Z
2026-09-13T1054,c7b8233ea02650f1055ae086b169b7a1,2026-09-19T13:00:00Z,Bologna,Torino,tipico_de,totals,Over,2.5,1.93,2026-09-13T10:54:14Z
2026-09-13T1054,c7b8233ea02650f1055ae086b169b7a1,2026-09-19T13:00:00Z,Bologna,Torino,tipico_de,totals,Under,2.5,1.83,2026-09-13T10:54:14Z
2026-09-13T1054,c7b8233ea02650f1055ae086b169b7a1,2026-09-19T13:00:00Z,Bologna,Torino,sport888,h2h,Bologna,,1.91,2026-09-13T10:53:28Z
2026-09-13T1054,c7b8233ea02650f1055ae086b169b7a1,2026-09-19T13:00:00Z,Bologna,Torino,sport888,h2h,Torino,,3.8,2026-09-13T10:53:28Z
2026-09-13T1054,c7b8233ea02650f1055ae086b169b7a1,2026-09-19T13:00:00Z,Bologna,Torino,sport888,h2h,Draw,,3.3,2026-09-13T10:53:28Z
2026-09-13T1054,c7b8233ea02650f1055ae086b169b7a1,2026-09-19T13:00:00Z,Bologna,Torino,nordicbet,h2h,Bologna,,1.9,2026-09-13T10:52:27Z
2026-09-13T1054,c7b8233ea02650f1055ae086b169b7a1,2026-09-19T13:00:00Z,Bologna,Torino,nordicbet,h2h,Torino,,4.1,2026-09-13T10:52:27Z
2026-09-13T1054,c7b8233ea02650f1055ae086b169b7a1,2026-09-19T13:00:00Z,Bologna,Torino,nordicbet,h2h,Draw,,3.45,2026-09-13T10:52:27Z
2026-09-13T1054,c7b8233ea02650f1055ae086b169b7a1,2026-09-19T13:00:00Z,Bologna,Torino,nordicbet,totals,Over,2.5,1.98,2026-09-13T10:52:27Z
2026-09-13T1054,c7b8233ea02650f1055ae086b169b7a1,2026-09-19T13:00:00Z,Bologna,Torino,nordicbet,totals,Under,2.5,1.82,2026-09-13T10:52:27Z
2026-09-13T1054,c7b8233ea02650f1055ae086b169b7a1,2026-09-19T13:00:00Z,Bologna,Torino,betsson,h2h,Bologna,,1.9,2026-09-13T10:53:31Z
2026-09-13T1054,c7b8233ea02650f1055ae086b169b7a1,2026-09-19T13:00:00Z,Bologna,Torino,betsson,h2h,Torino,,4.1,2026-09-13T10:53:31Z
2026-09-13T1054,c7b8233ea02650f1055ae086b169b7a1,2026-09-19T13:00:00Z,Bologna,Torino,betsson,h2h,Draw,,3.45,2026-09-13T10:53:31Z
2026-09-13T1054,c7b8233ea02650f1055ae086b169b7a1,2026-09-19T13:00:00Z,Bologna,Torino,betsson,totals,Over,2.5,1.98,2026-09-13T10:53:31Z
2026-09-13T1054,c7b8233ea02650f1055ae086b169b7a1,2026-09-19T13:00:00Z,Bologna,Torino,betsson,totals,Under,2.5,1.82,2026-09-13T10:53:31Z
2026-09-13T1054,c7b8233ea02650f1055ae086b169b7a1,2026-09-19T13:00:00Z,Bologna,Torino,williamhill,h2h,Bologna,,1.91,2026-09-13T10:53:51Z
2026-09-13T1054,c7b8233ea02650f1055ae086b169b7a1,2026-09-19T13:00:00Z,Bologna,Torino,williamhill,h2h,Torino,,3.8,2026-09-13T10:53:51Z
2026-09-13T1054,c7b8233ea02650f1055ae086b169b7a1,2026-09-19T13:00:00Z,Bologna,Torino,williamhill,h2h,Draw,,3.3,2026-09-13T10:53:51Z
2026-09-13T1054,c7b8233ea02650f1055ae086b169b7a1,2026-09-19T13:00:00Z,Bologna,Torino,williamhill,totals,Over,2.5,1.95,2026-09-13T10:53:51Z
2026-09-13T1054,c7b8233ea02650f1055ae086b169b7a1,2026-09-19T13:00:00Z,Bologna,Torino,williamhill,totals,Under,2.5,1.8,2026-09-13T10:53:51Z
2026-09-13T1054,c7b8233ea02650f1055ae086b169b7a1,2026-09-19T13:00:00Z,Bologna,Torino,marathonbet,h2h,Bologna,,1.93,2026-09-13T10:53:53Z
2026-09-13T1054,c7b8233ea02650f1055ae086b169b7a1,2026-09-19T13:00:00Z,Bologna,Torino,marathonbet,h2h,Torino,,4.15,2026-09-13T10:53:53Z
2026-09-13T1054,c7b8233ea02650f1055ae086b169b7a1,2026-09-19T13:00:00Z,Bologna,Torino,marathonbet,h2h,Draw,,3.58,2026-09-13T10:53:53Z
2026-09-13T1054,c7b8233ea02650f1055ae086b169b7a1,2026-09-19T13:00:00Z,Bologna,Torino,betway,h2h,Bologna,,1.85,2026-09-13T10:53:52Z
2026-09-13T1054,c7b8233ea02650f1055ae086b169b7a1,2026-09-19T13:00:00Z,Bologna,Torino,betway,h2h,Torino,,3.8,2026-09-13T10:53:52Z
2026-09-13T1054,c7b8233ea02650f1055ae086b169b7a1,2026-09-19T13:00:00Z,Bologna,Torino,betway,h2h,Draw,,3.5,2026-09-13T10:53:52Z
2026-09-13T1054,c7b8233ea02650f1055ae086b169b7a1,2026-09-19T13:00:00Z,Bologna,Torino,smarkets,h2h,Bologna,,1.82,2026-09-13T10:54:13Z
2026-09-13T1054,c7b8233ea02650f1055ae086b169b7a1,2026-09-19T13:00:00Z,Bologna,Torino,smarkets,h2h,Torino,,3.75,2026-09-13T10:54:13Z
2026-09-13T1054,c7b8233ea02650f1055ae086b169b7a1,2026-09-19T13:00:00Z,Bologna,Torino,smarkets,h2h,Draw,,3.25,2026-09-13T10:54:13Z
2026-09-13T1054,c7b8233ea02650f1055ae086b169b7a1,2026-09-19T13:00:00Z,Bologna,Torino,smarkets,h2h_lay,Bologna,,2.14,2026-09-13T10:54:13Z
2026-09-13T1054,c7b8233ea02650f1055ae086b169b7a1,2026-09-19T13:00:00Z,Bologna,Torino,smarkets,h2h_lay,Torino,,5.4,2026-09-13T10:54:13Z
2026-09-13T1054,c7b8233ea02650f1055ae086b169b7a1,2026-09-19T13:00:00Z,Bologna,Torino,smarkets,h2h_lay,Draw,,4.5,2026-09-13T10:54:13Z
2026-09-13T1054,c7b8233ea02650f1055ae086b169b7a1,2026-09-19T13:00:00Z,Bologna,Torino,pinnacle,h2h,Bologna,,1.88,2026-09-13T10:54:12Z
2026-09-13T1054,c7b8233ea02650f1055ae086b169b7a1,2026-09-19T13:00:00Z,Bologna,Torino,pinnacle,h2h,Torino,,4.16,2026-09-13T10:54:12Z
2026-09-13T1054,c7b8233ea02650f1055ae086b169b7a1,2026-09-19T13:00:00Z,Bologna,Torino,pinnacle,h2h,Draw,,3.57,2026-09-13T10:54:12Z
2026-09-13T1054,c7b8233ea02650f1055ae086b169b7a1,2026-09-19T13:00:00Z,Bologna,Torino,pinnacle,totals,Over,2.5,2.02,2026-09-13T10:54:12Z
2026-09-13T1054,c7b8233ea02650f1055ae086b169b7a1,2026-09-19T13:00:00Z,Bologna,Torino,pinnacle,totals,Under,2.5,1.83,2026-09-13T10:54:12Z
2026-09-13T1054,c7b8233ea02650f1055ae086b169b7a1,2026-09-19T13:00:00Z,Bologna,Torino,betfair_ex_uk,h2h,Bologna,,1.83,2026-09-13T10:54:15Z
2026-09-13T1054,c7b8233ea02650f1055ae086b169b7a1,2026-09-19T13:00:00Z,Bologna,Torino,betfair_ex_uk,h2h,Torino,,3.8,2026-09-13T10:54:15Z
2026-09-13T1054,c7b8233ea02650f1055ae086b169b7a1,2026-09-19T13:00:00Z,Bologna,Torino,betfair_ex_uk,h2h,Draw,,3.3,2026-09-13T10:54:15Z
2026-09-13T1054,c7b8233ea02650f1055ae086b169b7a1,2026-09-19T13:00:00Z,Bologna,Torino,betfair_ex_uk,h2h_lay,Bologna,,2.14,2026-09-13T10:54:15Z
2026-09-13T1054,c7b8233ea02650f1055ae086b169b7a1,2026-09-19T13:00:00Z,Bologna,Torino,betfair_ex_uk,h2h_lay,Torino,,5.4,2026-09-13T10:54:15Z
2026-09-13T1054,c7b8233ea02650f1055ae086b169b7a1,2026-09-19T13:00:00Z,Bologna,Torino,betfair_ex_uk,h2h_lay,Draw,,4.5,2026-09-13T10:54:15Z
2026-09-13T1054,c7b8233ea02650f1055ae086b169b7a1,2026-09-19T13:00:00Z,Bologna,Torino,betfair_ex_eu,h2h,Bologna,,1.83,2026-09-13T10:53:51Z
2026-09-13T1054,c7b8233ea02650f1055ae086b169b7a1,2026-09-19T13:00:00Z,Bologna,Torino,betfair_ex_eu,h2h,Torino,,3.8,2026-09-13T10:53:51Z
2026-09-13T1054,c7b8233ea02650f1055ae086b169b7a1,2026-09-19T13:00:00Z,Bologna,Torino,betfair_ex_eu,h2h,Draw,,3.3,2026-09-13T10:53:51Z
2026-09-13T1054,c7b8233ea02650f1055ae086b169b7a1,2026-09-19T13:00:00Z,Bologna,Torino,betfair_ex_eu,h2h_lay,Bologna,,2.14,2026-09-13T10:53:51Z
2026-09-13T1054,c7b8233ea02650f1055ae086b169b7a1,2026-09-19T13:00:00Z,Bologna,Torino,betfair_ex_eu,h2h_lay,Torino,,5.4,2026-09-13T10:53:51Z
2026-09-13T1054,c7b8233ea02650f1055ae086b169b7a1,2026-09-19T13:00:00Z,Bologna,Torino,betfair_ex_eu,h2h_lay,Draw,,4.5,2026-09-13T10:53:51Z
2026-09-13T1054,c7b8233ea02650f1055ae086b169b7a1,2026-09-19T13:00:00Z,Bologna,Torino,boylesports,h2h,Bologna,,1.83,2026-09-13T10:53:30Z
2026-09-13T1054,c7b8233ea02650f1055ae086b169b7a1,2026-09-19T13:00:00Z,Bologna,Torino,boylesports,h2h,Torino,,3.8,2026-09-13T10:53:30Z
2026-09-13T1054,c7b8233ea02650f1055ae086b169b7a1,2026-09-19T13:00:00Z,Bologna,Torino,boylesports,h2h,Draw,,3.4,2026-09-13T10:53:30Z
2026-09-13T1054,c7b8233ea02650f1055ae086b169b7a1,2026-09-19T13:00:00Z,Bologna,Torino,leovegas_se,h2h,Bologna,,1.85,2026-09-13T10:54:12Z
2026-09-13T1054,c7b8233ea02650f1055ae086b169b7a1,2026-09-19T13:00:00Z,Bologna,Torino,leovegas_se,h2h,Torino,,3.95,2026-09-13T10:54:12Z
2026-09-13T1054,c7b8233ea02650f1055ae086b169b7a1,2026-09-19T13:00:00Z,Bologna,Torino,leovegas_se,h2h,Draw,,3.4,2026-09-13T10:54:12Z
2026-09-13T1054,c7b8233ea02650f1055ae086b169b7a1,2026-09-19T13:00:00Z,Bologna,Torino,leovegas_se,totals,Over,2.5,1.91,2026-09-13T10:54:12Z
2026-09-13T1054,c7b8233ea02650f1055ae086b169b7a1,2026-09-19T13:00:00Z,Bologna,Torino,leovegas_se,totals,Under,2.5,1.88,2026-09-13T10:54:12Z
2026-09-13T1054,c7b8233ea02650f1055ae086b169b7a1,2026-09-19T13:00:00Z,Bologna,Torino,livescorebet,h2h,Bologna,,1.83,2026-09-13T10:53:51Z
2026-09-13T1054,c7b8233ea02650f1055ae086b169b7a1,2026-09-19T13:00:00Z,Bologna,Torino,livescorebet,h2h,Torino,,3.85,2026-09-13T10:53:51Z
2026-09-13T1054,c7b8233ea02650f1055ae086b169b7a1,2026-09-19T13:00:00Z,Bologna,Torino,livescorebet,h2h,Draw,,3.35,2026-09-13T10:53:51Z
2026-09-13T1054,c7b8233ea02650f1055ae086b169b7a1,2026-09-19T13:00:00Z,Bologna,Torino,casumo,h2h,Bologna,,1.87,2026-09-13T10:53:51Z
2026-09-13T1054,c7b8233ea02650f1055ae086b169b7a1,2026-09-19T13:00:00Z,Bologna,Torino,casumo,h2h,Torino,,4.0,2026-09-13T10:53:51Z
2026-09-13T1054,c7b8233ea02650f1055ae086b169b7a1,2026-09-19T13:00:00Z,Bologna,Torino,casumo,h2h,Draw,,3.5,2026-09-13T10:53:51Z
2026-09-13T1054,c7b8233ea02650f1055ae086b169b7a1,2026-09-19T13:00:00Z,Bologna,Torino,casumo,totals,Over,2.5,1.89,2026-09-13T10:53:51Z
2026-09-13T1054,c7b8233ea02650f1055ae086b169b7a1,2026-09-19T13:00:00Z,Bologna,Torino,casumo,totals,Under,2.5,1.87,2026-09-13T10:53:51Z
2026-09-13T1054,c7b8233ea02650f1055ae086b169b7a1,2026-09-19T13:00:00Z,Bologna,Torino,pmu_fr,h2h,Bologna,,1.85,2026-09-13T10:53:29Z
2026-09-13T1054,c7b8233ea02650f1055ae086b169b7a1,2026-09-19T13:00:00Z,Bologna,Torino,pmu_fr,h2h,Torino,,3.95,2026-09-13T10:53:29Z
2026-09-13T1054,c7b8233ea02650f1055ae086b169b7a1,2026-09-19T13:00:00Z,Bologna,Torino,pmu_fr,h2h,Draw,,3.45,2026-09-13T10:53:29Z
2026-09-13T1054,c7b8233ea02650f1055ae086b169b7a1,2026-09-19T13:00:00Z,Bologna,Torino,pmu_fr,totals,Over,2.5,1.79,2026-09-13T10:53:29Z
2026-09-13T1054,c7b8233ea02650f1055ae086b169b7a1,2026-09-19T13:00:00Z,Bologna,Torino,pmu_fr,totals,Under,2.5,1.77,2026-09-13T10:53:29Z
2026-09-13T1054,c7b8233ea02650f1055ae086b169b7a1,2026-09-19T13:00:00Z,Bologna,Torino,unibet_se,h2h,Bologna,,1.92,2026-09-13T10:53:29Z
2026-09-13T1054,c7b8233ea02650f1055ae086b169b7a1,2026-09-19T13:00:00Z,Bologna,Torino,unibet_se,h2h,Torino,,4.2,2026-09-13T10:53:29Z
2026-09-13T1054,c7b8233ea02650f1055ae086b169b7a1,2026-09-19T13:00:00Z,Bologna,Torino,unibet_se,h2h,Draw,,3.6,2026-09-13T10:53:29Z
2026-09-13T1054,c7b8233ea02650f1055ae086b169b7a1,2026-09-19T13:00:00Z,Bologna,Torino,unibet_se,totals,Over,2.5,1.91,2026-09-13T10:53:29Z
2026-09-13T1054,c7b8233ea02650f1055ae086b169b7a1,2026-09-19T13:00:00Z,Bologna,Torino,unibet_se,totals,Under,2.5,1.88,2026-09-13T10:53:29Z
2026-09-13T1054,c7b8233ea02650f1055ae086b169b7a1,2026-09-19T13:00:00Z,Bologna,Torino,virginbet,h2h,Bologna,,1.83,2026-09-13T10:54:13Z
2026-09-13T1054,c7b8233ea02650f1055ae086b169b7a1,2026-09-19T13:00:00Z,Bologna,Torino,virginbet,h2h,Torino,,3.85,2026-09-13T10:54:13Z
2026-09-13T1054,c7b8233ea02650f1055ae086b169b7a1,2026-09-19T13:00:00Z,Bologna,Torino,virginbet,h2h,Draw,,3.35,2026-09-13T10:54:13Z
2026-09-13T1054,c7b8233ea02650f1055ae086b169b7a1,2026-09-19T13:00:00Z,Bologna,Torino,grosvenor,h2h,Bologna,,1.88,2026-09-13T10:53:51Z
2026-09-13T1054,c7b8233ea02650f1055ae086b169b7a1,2026-09-19T13:00:00Z,Bologna,Torino,grosvenor,h2h,Torino,,4.1,2026-09-13T10:53:51Z
2026-09-13T1054,c7b8233ea02650f1055ae086b169b7a1,2026-09-19T13:00:00Z,Bologna,Torino,grosvenor,h2h,Draw,,3.55,2026-09-13T10:53:51Z
2026-09-13T1054,c7b8233ea02650f1055ae086b169b7a1,2026-09-19T13:00:00Z,Bologna,Torino,grosvenor,totals,Over,2.5,1.89,2026-09-13T10:53:51Z
2026-09-13T1054,c7b8233ea02650f1055ae086b169b7a1,2026-09-19T13:00:00Z,Bologna,Torino,grosvenor,totals,Under,2.5,1.87,2026-09-13T10:53:51Z
2026-09-13T1054,c7b8233ea02650f1055ae086b169b7a1,2026-09-19T13:00:00Z,Bologna,Torino,unibet_nl,h2h,Bologna,,1.92,2026-09-13T10:53:29Z
2026-09-13T1054,c7b8233ea02650f1055ae086b169b7a1,2026-09-19T13:00:00Z,Bologna,Torino,unibet_nl,h2h,Torino,,4.2,2026-09-13T10:53:29Z
2026-09-13T1054,c7b8233ea02650f1055ae086b169b7a1,2026-09-19T13:00:00Z,Bologna,Torino,unibet_nl,h2h,Draw,,3.6,2026-09-13T10:53:29Z
2026-09-13T1054,c7b8233ea02650f1055ae086b169b7a1,2026-09-19T13:00:00Z,Bologna,Torino,unibet_nl,totals,Over,2.5,1.89,2026-09-13T10:53:29Z
2026-09-13T1054,c7b8233ea02650f1055ae086b169b7a1,2026-09-19T13:00:00Z,Bologna,Torino,unibet_nl,totals,Under,2.5,1.87,2026-09-13T10:53:29Z
2026-09-13T1054,c7b8233ea02650f1055ae086b169b7a1,2026-09-19T13:00:00Z,Bologna,Torino,matchbook,h2h,Bologna,,1.8,2026-09-13T10:54:12Z
2026-09-13T1054,c7b8233ea02650f1055ae086b169b7a1,2026-09-19T13:00:00Z,Bologna,Torino,matchbook,h2h,Torino,,3.75,2026-09-13T10:54:12Z
2026-09-13T1054,c7b8233ea02650f1055ae086b169b7a1,2026-09-19T13:00:00Z,Bologna,Torino,matchbook,h2h,Draw,,3.25,2026-09-13T10:54:12Z
2026-09-13T1054,c7b8233ea02650f1055ae086b169b7a1,2026-09-19T13:00:00Z,Bologna,Torino,matchbook,h2h_lay,Bologna,,2.18,2026-09-13T10:54:12Z
2026-09-13T1054,c7b8233ea02650f1055ae086b169b7a1,2026-09-19T13:00:00Z,Bologna,Torino,matchbook,h2h_lay,Torino,,5.6,2026-09-13T10:54:12Z
2026-09-13T1054,c7b8233ea02650f1055ae086b169b7a1,2026-09-19T13:00:00Z,Bologna,Torino,matchbook,h2h_lay,Draw,,4.6,2026-09-13T10:54:12Z
2026-09-13T1054,c7b8233ea02650f1055ae086b169b7a1,2026-09-19T13:00:00Z,Bologna,Torino,matchbook,totals,Over,2.5,1.94,2026-09-13T10:54:12Z
2026-09-13T1054,c7b8233ea02650f1055ae086b169b7a1,2026-09-19T13:00:00Z,Bologna,Torino,matchbook,totals,Under,2.5,1.77,2026-09-13T10:54:12Z
2026-09-13T1054,c7b8233ea02650f1055ae086b169b7a1,2026-09-19T13:00:00Z,Bologna,Torino,betonlineag,h2h,Bologna,,1.88,2026-09-13T10:53:29Z
2026-09-13T1054,c7b8233ea02650f1055ae086b169b7a1,2026-09-19T13:00:00Z,Bologna,Torino,betonlineag,h2h,Torino,,4.18,2026-09-13T10:53:29Z
2026-09-13T1054,c7b8233ea02650f1055ae086b169b7a1,2026-09-19T13:00:00Z,Bologna,Torino,betonlineag,h2h,Draw,,3.57,2026-09-13T10:53:29Z
2026-09-13T1054,c7b8233ea02650f1055ae086b169b7a1,2026-09-19T13:00:00Z,Bologna,Torino,betonlineag,totals,Over,2.5,1.96,2026-09-13T10:53:29Z
2026-09-13T1054,c7b8233ea02650f1055ae086b169b7a1,2026-09-19T13:00:00Z,Bologna,Torino,betonlineag,totals,Under,2.5,1.82,2026-09-13T10:53:29Z
2026-09-13T1054,c7b8233ea02650f1055ae086b169b7a1,2026-09-19T13:00:00Z,Bologna,Torino,betfair_sb_uk,h2h,Bologna,,1.85,2026-09-13T10:54:13Z
2026-09-13T1054,c7b8233ea02650f1055ae086b169b7a1,2026-09-19T13:00:00Z,Bologna,Torino,betfair_sb_uk,h2h,Torino,,4.0,2026-09-13T10:54:13Z
2026-09-13T1054,c7b8233ea02650f1055ae086b169b7a1,2026-09-19T13:00:00Z,Bologna,Torino,betfair_sb_uk,h2h,Draw,,3.5,2026-09-13T10:54:13Z
2026-09-13T1054,c7b8233ea02650f1055ae086b169b7a1,2026-09-19T13:00:00Z,Bologna,Torino,gtbets,h2h,Bologna,,1.91,2026-09-13T10:53:30Z
2026-09-13T1054,c7b8233ea02650f1055ae086b169b7a1,2026-09-19T13:00:00Z,Bologna,Torino,gtbets,h2h,Torino,,4.08,2026-09-13T10:53:30Z
2026-09-13T1054,c7b8233ea02650f1055ae086b169b7a1,2026-09-19T13:00:00Z,Bologna,Torino,gtbets,h2h,Draw,,3.54,2026-09-13T10:53:30Z
2026-09-13T1054,c7b8233ea02650f1055ae086b169b7a1,2026-09-19T13:00:00Z,Bologna,Torino,gtbets,totals,Over,2.5,1.98,2026-09-13T10:53:30Z
2026-09-13T1054,c7b8233ea02650f1055ae086b169b7a1,2026-09-19T13:00:00Z,Bologna,Torino,gtbets,totals,Under,2.5,1.81,2026-09-13T10:53:30Z
2026-09-13T1054,c7b8233ea02650f1055ae086b169b7a1,2026-09-19T13:00:00Z,Bologna,Torino,betano_uk,h2h,Bologna,,1.87,2026-09-13T10:52:17Z
2026-09-13T1054,c7b8233ea02650f1055ae086b169b7a1,2026-09-19T13:00:00Z,Bologna,Torino,betano_uk,h2h,Torino,,4.0,2026-09-13T10:52:17Z
2026-09-13T1054,c7b8233ea02650f1055ae086b169b7a1,2026-09-19T13:00:00Z,Bologna,Torino,betano_uk,h2h,Draw,,3.4,2026-09-13T10:52:17Z
2026-09-13T1054,c7b8233ea02650f1055ae086b169b7a1,2026-09-19T13:00:00Z,Bologna,Torino,betvictor,h2h,Bologna,,1.87,2026-09-13T10:53:44Z
2026-09-13T1054,c7b8233ea02650f1055ae086b169b7a1,2026-09-19T13:00:00Z,Bologna,Torino,betvictor,h2h,Torino,,4.0,2026-09-13T10:53:44Z
2026-09-13T1054,c7b8233ea02650f1055ae086b169b7a1,2026-09-19T13:00:00Z,Bologna,Torino,betvictor,h2h,Draw,,3.4,2026-09-13T10:53:44Z
2026-09-13T1054,c7b8233ea02650f1055ae086b169b7a1,2026-09-19T13:00:00Z,Bologna,Torino,everygame,h2h,Bologna,,1.83,2026-09-13T10:53:03Z
2026-09-13T1054,c7b8233ea02650f1055ae086b169b7a1,2026-09-19T13:00:00Z,Bologna,Torino,everygame,h2h,Torino,,4.0,2026-09-13T10:53:03Z
2026-09-13T1054,c7b8233ea02650f1055ae086b169b7a1,2026-09-19T13:00:00Z,Bologna,Torino,everygame,h2h,Draw,,3.4,2026-09-13T10:53:03Z
2026-09-13T1054,c11148f7ed032d5e99313ee1942fd4c2,2026-09-19T13:00:00Z,Udinese,Cagliari,leovegas,h2h,Cagliari,,3.55,2026-09-13T10:53:51Z
2026-09-13T1054,c11148f7ed032d5e99313ee1942fd4c2,2026-09-19T13:00:00Z,Udinese,Cagliari,leovegas,h2h,Udinese,,2.05,2026-09-13T10:53:51Z
2026-09-13T1054,c11148f7ed032d5e99313ee1942fd4c2,2026-09-19T13:00:00Z,Udinese,Cagliari,leovegas,h2h,Draw,,3.15,2026-09-13T10:53:51Z
2026-09-13T1054,c11148f7ed032d5e99313ee1942fd4c2,2026-09-19T13:00:00Z,Udinese,Cagliari,leovegas,totals,Over,2.5,2.2,2026-09-13T10:53:51Z
2026-09-13T1054,c11148f7ed032d5e99313ee1942fd4c2,2026-09-19T13:00:00Z,Udinese,Cagliari,leovegas,totals,Under,2.5,1.58,2026-09-13T10:53:51Z
2026-09-13T1054,c11148f7ed032d5e99313ee1942fd4c2,2026-09-19T13:00:00Z,Udinese,Cagliari,unibet_uk,h2h,Cagliari,,3.7,2026-09-13T10:53:30Z
2026-09-13T1054,c11148f7ed032d5e99313ee1942fd4c2,2026-09-19T13:00:00Z,Udinese,Cagliari,unibet_uk,h2h,Udinese,,2.05,2026-09-13T10:53:30Z
2026-09-13T1054,c11148f7ed032d5e99313ee1942fd4c2,2026-09-19T13:00:00Z,Udinese,Cagliari,unibet_uk,h2h,Draw,,3.2,2026-09-13T10:53:30Z
2026-09-13T1054,c11148f7ed032d5e99313ee1942fd4c2,2026-09-19T13:00:00Z,Udinese,Cagliari,winamax_de,h2h,Cagliari,,3.6,2026-09-13T10:52:28Z
2026-09-13T1054,c11148f7ed032d5e99313ee1942fd4c2,2026-09-19T13:00:00Z,Udinese,Cagliari,winamax_de,h2h,Udinese,,2.0,2026-09-13T10:52:28Z
2026-09-13T1054,c11148f7ed032d5e99313ee1942fd4c2,2026-09-19T13:00:00Z,Udinese,Cagliari,winamax_de,h2h,Draw,,3.2,2026-09-13T10:52:28Z
2026-09-13T1054,c11148f7ed032d5e99313ee1942fd4c2,2026-09-19T13:00:00Z,Udinese,Cagliari,onexbet,h2h,Cagliari,,3.9,2026-09-13T10:54:12Z
2026-09-13T1054,c11148f7ed032d5e99313ee1942fd4c2,2026-09-19T13:00:00Z,Udinese,Cagliari,onexbet,h2h,Udinese,,2.17,2026-09-13T10:54:12Z
2026-09-13T1054,c11148f7ed032d5e99313ee1942fd4c2,2026-09-19T13:00:00Z,Udinese,Cagliari,onexbet,h2h,Draw,,3.35,2026-09-13T10:54:12Z
2026-09-13T1054,c11148f7ed032d5e99313ee1942fd4c2,2026-09-19T13:00:00Z,Udinese,Cagliari,onexbet,totals,Over,2.5,2.43,2026-09-13T10:54:12Z
2026-09-13T1054,c11148f7ed032d5e99313ee1942fd4c2,2026-09-19T13:00:00Z,Udinese,Cagliari,onexbet,totals,Under,2.5,1.66,2026-09-13T10:54:12Z
2026-09-13T1054,c11148f7ed032d5e99313ee1942fd4c2,2026-09-19T13:00:00Z,Udinese,Cagliari,unibet_fr,h2h,Cagliari,,3.7,2026-09-13T10:54:13Z
2026-09-13T1054,c11148f7ed032d5e99313ee1942fd4c2,2026-09-19T13:00:00Z,Udinese,Cagliari,unibet_fr,h2h,Udinese,,1.9,2026-09-13T10:54:13Z
2026-09-13T1054,c11148f7ed032d5e99313ee1942fd4c2,2026-09-19T13:00:00Z,Udinese,Cagliari,unibet_fr,h2h,Draw,,3.1,2026-09-13T10:54:13Z
2026-09-13T1054,c11148f7ed032d5e99313ee1942fd4c2,2026-09-19T13:00:00Z,Udinese,Cagliari,winamax_fr,h2h,Cagliari,,3.35,2026-09-13T10:53:52Z
2026-09-13T1054,c11148f7ed032d5e99313ee1942fd4c2,2026-09-19T13:00:00Z,Udinese,Cagliari,winamax_fr,h2h,Udinese,,1.92,2026-09-13T10:53:52Z
2026-09-13T1054,c11148f7ed032d5e99313ee1942fd4c2,2026-09-19T13:00:00Z,Udinese,Cagliari,winamax_fr,h2h,Draw,,3.0,2026-09-13T10:53:52Z
2026-09-13T1054,c11148f7ed032d5e99313ee1942fd4c2,2026-09-19T13:00:00Z,Udinese,Cagliari,betclic_fr,h2h,Cagliari,,3.7,2026-09-13T10:52:40Z
2026-09-13T1054,c11148f7ed032d5e99313ee1942fd4c2,2026-09-19T13:00:00Z,Udinese,Cagliari,betclic_fr,h2h,Udinese,,2.0,2026-09-13T10:52:40Z
2026-09-13T1054,c11148f7ed032d5e99313ee1942fd4c2,2026-09-19T13:00:00Z,Udinese,Cagliari,betclic_fr,h2h,Draw,,3.15,2026-09-13T10:52:40Z
2026-09-13T1054,c11148f7ed032d5e99313ee1942fd4c2,2026-09-19T13:00:00Z,Udinese,Cagliari,paddypower,h2h,Cagliari,,3.8,2026-09-13T10:53:09Z
2026-09-13T1054,c11148f7ed032d5e99313ee1942fd4c2,2026-09-19T13:00:00Z,Udinese,Cagliari,paddypower,h2h,Udinese,,1.95,2026-09-13T10:53:09Z
2026-09-13T1054,c11148f7ed032d5e99313ee1942fd4c2,2026-09-19T13:00:00Z,Udinese,Cagliari,paddypower,h2h,Draw,,3.2,2026-09-13T10:53:09Z
2026-09-13T1054,c11148f7ed032d5e99313ee1942fd4c2,2026-09-19T13:00:00Z,Udinese,Cagliari,betfred_uk,h2h,Cagliari,,3.75,2026-09-13T10:54:13Z
2026-09-13T1054,c11148f7ed032d5e99313ee1942fd4c2,2026-09-19T13:00:00Z,Udinese,Cagliari,betfred_uk,h2h,Udinese,,2.05,2026-09-13T10:54:13Z
2026-09-13T1054,c11148f7ed032d5e99313ee1942fd4c2,2026-09-19T13:00:00Z,Udinese,Cagliari,betfred_uk,h2h,Draw,,3.3,2026-09-13T10:54:13Z
2026-09-13T1054,c11148f7ed032d5e99313ee1942fd4c2,2026-09-19T13:00:00Z,Udinese,Cagliari,skybet,h2h,Cagliari,,3.8,2026-09-13T10:53:51Z
2026-09-13T1054,c11148f7ed032d5e99313ee1942fd4c2,2026-09-19T13:00:00Z,Udinese,Cagliari,skybet,h2h,Udinese,,2.0,2026-09-13T10:53:51Z
2026-09-13T1054,c11148f7ed032d5e99313ee1942fd4c2,2026-09-19T13:00:00Z,Udinese,Cagliari,skybet,h2h,Draw,,3.25,2026-09-13T10:53:51Z
2026-09-13T1054,c11148f7ed032d5e99313ee1942fd4c2,2026-09-19T13:00:00Z,Udinese,Cagliari,tipico_de,h2h,Cagliari,,3.8,2026-09-13T10:54:14Z
2026-09-13T1054,c11148f7ed032d5e99313ee1942fd4c2,2026-09-19T13:00:00Z,Udinese,Cagliari,tipico_de,h2h,Udinese,,2.1,2026-09-13T10:54:14Z
2026-09-13T1054,c11148f7ed032d5e99313ee1942fd4c2,2026-09-19T13:00:00Z,Udinese,Cagliari,tipico_de,h2h,Draw,,3.1,2026-09-13T10:54:14Z
2026-09-13T1054,c11148f7ed032d5e99313ee1942fd4c2,2026-09-19T13:00:00Z,Udinese,Cagliari,tipico_de,totals,Over,2.5,2.25,2026-09-13T10:54:14Z
2026-09-13T1054,c11148f7ed032d5e99313ee1942fd4c2,2026-09-19T13:00:00Z,Udinese,Cagliari,tipico_de,totals,Under,2.5,1.6,2026-09-13T10:54:14Z
2026-09-13T1054,c11148f7ed032d5e99313ee1942fd4c2,2026-09-19T13:00:00Z,Udinese,Cagliari,sport888,h2h,Cagliari,,3.6,2026-09-13T10:53:28Z
2026-09-13T1054,c11148f7ed032d5e99313ee1942fd4c2,2026-09-19T13:00:00Z,Udinese,Cagliari,sport888,h2h,Udinese,,2.05,2026-09-13T10:53:28Z
2026-09-13T1054,c11148f7ed032d5e99313ee1942fd4c2,2026-09-19T13:00:00Z,Udinese,Cagliari,sport888,h2h,Draw,,3.1,2026-09-13T10:53:28Z
2026-09-13T1054,c11148f7ed032d5e99313ee1942fd4c2,2026-09-19T13:00:00Z,Udinese,Cagliari,nordicbet,h2h,Cagliari,,3.7,2026-09-13T10:52:27Z
2026-09-13T1054,c11148f7ed032d5e99313ee1942fd4c2,2026-09-19T13:00:00Z,Udinese,Cagliari,nordicbet,h2h,Udinese,,2.12,2026-09-13T10:52:27Z
2026-09-13T1054,c11148f7ed032d5e99313ee1942fd4c2,2026-09-19T13:00:00Z,Udinese,Cagliari,nordicbet,h2h,Draw,,3.2,2026-09-13T10:52:27Z
2026-09-13T1054,c11148f7ed032d5e99313ee1942fd4c2,2026-09-19T13:00:00Z,Udinese,Cagliari,nordicbet,totals,Over,2.5,2.28,2026-09-13T10:52:27Z
2026-09-13T1054,c11148f7ed032d5e99313ee1942fd4c2,2026-09-19T13:00:00Z,Udinese,Cagliari,nordicbet,totals,Under,2.5,1.6,2026-09-13T10:52:27Z
2026-09-13T1054,c11148f7ed032d5e99313ee1942fd4c2,2026-09-19T13:00:00Z,Udinese,Cagliari,betsson,h2h,Cagliari,,3.7,2026-09-13T10:53:31Z
2026-09-13T1054,c11148f7ed032d5e99313ee1942fd4c2,2026-09-19T13:00:00Z,Udinese,Cagliari,betsson,h2h,Udinese,,2.12,2026-09-13T10:53:31Z
2026-09-13T1054,c11148f7ed032d5e99313ee1942fd4c2,2026-09-19T13:00:00Z,Udinese,Cagliari,betsson,h2h,Draw,,3.2,2026-09-13T10:53:31Z
2026-09-13T1054,c11148f7ed032d5e99313ee1942fd4c2,2026-09-19T13:00:00Z,Udinese,Cagliari,betsson,totals,Over,2.5,2.28,2026-09-13T10:53:31Z
2026-09-13T1054,c11148f7ed032d5e99313ee1942fd4c2,2026-09-19T13:00:00Z,Udinese,Cagliari,betsson,totals,Under,2.5,1.6,2026-09-13T10:53:31Z
2026-09-13T1054,c11148f7ed032d5e99313ee1942fd4c2,2026-09-19T13:00:00Z,Udinese,Cagliari,williamhill,h2h,Cagliari,,3.6,2026-09-13T10:53:51Z
2026-09-13T1054,c11148f7ed032d5e99313ee1942fd4c2,2026-09-19T13:00:00Z,Udinese,Cagliari,williamhill,h2h,Udinese,,2.05,2026-09-13T10:53:51Z
2026-09-13T1054,c11148f7ed032d5e99313ee1942fd4c2,2026-09-19T13:00:00Z,Udinese,Cagliari,williamhill,h2h,Draw,,3.1,2026-09-13T10:53:51Z
2026-09-13T1054,c11148f7ed032d5e99313ee1942fd4c2,2026-09-19T13:00:00Z,Udinese,Cagliari,williamhill,totals,Over,2.5,2.2,2026-09-13T10:53:51Z
2026-09-13T1054,c11148f7ed032d5e99313ee1942fd4c2,2026-09-19T13:00:00Z,Udinese,Cagliari,williamhill,totals,Under,2.5,1.65,2026-09-13T10:53:51Z
2026-09-13T1054,c11148f7ed032d5e99313ee1942fd4c2,2026-09-19T13:00:00Z,Udinese,Cagliari,marathonbet,h2h,Cagliari,,3.82,2026-09-13T10:53:53Z
2026-09-13T1054,c11148f7ed032d5e99313ee1942fd4c2,2026-09-19T13:00:00Z,Udinese,Cagliari,marathonbet,h2h,Udinese,,2.12,2026-09-13T10:53:53Z
2026-09-13T1054,c11148f7ed032d5e99313ee1942fd4c2,2026-09-19T13:00:00Z,Udinese,Cagliari,marathonbet,h2h,Draw,,3.28,2026-09-13T10:53:53Z
2026-09-13T1054,c11148f7ed032d5e99313ee1942fd4c2,2026-09-19T13:00:00Z,Udinese,Cagliari,betway,h2h,Cagliari,,3.5,2026-09-13T10:53:52Z
2026-09-13T1054,c11148f7ed032d5e99313ee1942fd4c2,2026-09-19T13:00:00Z,Udinese,Cagliari,betway,h2h,Udinese,,2.05,2026-09-13T10:53:52Z
2026-09-13T1054,c11148f7ed032d5e99313ee1942fd4c2,2026-09-19T13:00:00Z,Udinese,Cagliari,betway,h2h,Draw,,3.2,2026-09-13T10:53:52Z
2026-09-13T1054,c11148f7ed032d5e99313ee1942fd4c2,2026-09-19T13:00:00Z,Udinese,Cagliari,smarkets,h2h,Cagliari,,3.45,2026-09-13T10:54:13Z
2026-09-13T1054,c11148f7ed032d5e99313ee1942fd4c2,2026-09-19T13:00:00Z,Udinese,Cagliari,smarkets,h2h,Udinese,,2.02,2026-09-13T10:54:13Z
2026-09-13T1054,c11148f7ed032d5e99313ee1942fd4c2,2026-09-19T13:00:00Z,Udinese,Cagliari,smarkets,h2h,Draw,,2.92,2026-09-13T10:54:13Z
2026-09-13T1054,c11148f7ed032d5e99313ee1942fd4c2,2026-09-19T13:00:00Z,Udinese,Cagliari,smarkets,h2h_lay,Cagliari,,4.9,2026-09-13T10:54:13Z
2026-09-13T1054,c11148f7ed032d5e99313ee1942fd4c2,2026-09-19T13:00:00Z,Udinese,Cagliari,smarkets,h2h_lay,Udinese,,2.22,2026-09-13T10:54:13Z
2026-09-13T1054,c11148f7ed032d5e99313ee1942fd4c2,2026-09-19T13:00:00Z,Udinese,Cagliari,smarkets,h2h_lay,Draw,,3.85,2026-09-13T10:54:13Z
2026-09-13T1054,c11148f7ed032d5e99313ee1942fd4c2,2026-09-19T13:00:00Z,Udinese,Cagliari,pinnacle,h2h,Cagliari,,3.75,2026-09-13T10:54:12Z
2026-09-13T1054,c11148f7ed032d5e99313ee1942fd4c2,2026-09-19T13:00:00Z,Udinese,Cagliari,pinnacle,h2h,Udinese,,2.11,2026-09-13T10:54:12Z
2026-09-13T1054,c11148f7ed032d5e99313ee1942fd4c2,2026-09-19T13:00:00Z,Udinese,Cagliari,pinnacle,h2h,Draw,,3.23,2026-09-13T10:54:12Z
2026-09-13T1054,c11148f7ed032d5e99313ee1942fd4c2,2026-09-19T13:00:00Z,Udinese,Cagliari,betfair_ex_eu,h2h,Cagliari,,3.5,2026-09-13T10:53:51Z
2026-09-13T1054,c11148f7ed032d5e99313ee1942fd4c2,2026-09-19T13:00:00Z,Udinese,Cagliari,betfair_ex_eu,h2h,Udinese,,2.04,2026-09-13T10:53:51Z
2026-09-13T1054,c11148f7ed032d5e99313ee1942fd4c2,2026-09-19T13:00:00Z,Udinese,Cagliari,betfair_ex_eu,h2h,Draw,,2.94,2026-09-13T10:53:51Z
2026-09-13T1054,c11148f7ed032d5e99313ee1942fd4c2,2026-09-19T13:00:00Z,Udinese,Cagliari,betfair_ex_eu,h2h_lay,Cagliari,,4.9,2026-09-13T10:53:51Z
2026-09-13T1054,c11148f7ed032d5e99313ee1942fd4c2,2026-09-19T13:00:00Z,Udinese,Cagliari,betfair_ex_eu,h2h_lay,Udinese,,2.22,2026-09-13T10:53:51Z
2026-09-13T1054,c11148f7ed032d5e99313ee1942fd4c2,2026-09-19T13:00:00Z,Udinese,Cagliari,betfair_ex_eu,h2h_lay,Draw,,3.85,2026-09-13T10:53:51Z
2026-09-13T1054,c11148f7ed032d5e99313ee1942fd4c2,2026-09-19T13:00:00Z,Udinese,Cagliari,betfair_ex_uk,h2h,Cagliari,,3.5,2026-09-13T10:54:15Z
2026-09-13T1054,c11148f7ed032d5e99313ee1942fd4c2,2026-09-19T13:00:00Z,Udinese,Cagliari,betfair_ex_uk,h2h,Udinese,,2.04,2026-09-13T10:54:15Z
2026-09-13T1054,c11148f7ed032d5e99313ee1942fd4c2,2026-09-19T13:00:00Z,Udinese,Cagliari,betfair_ex_uk,h2h,Draw,,2.94,2026-09-13T10:54:15Z
2026-09-13T1054,c11148f7ed032d5e99313ee1942fd4c2,2026-09-19T13:00:00Z,Udinese,Cagliari,betfair_ex_uk,h2h_lay,Cagliari,,4.9,2026-09-13T10:54:15Z
2026-09-13T1054,c11148f7ed032d5e99313ee1942fd4c2,2026-09-19T13:00:00Z,Udinese,Cagliari,betfair_ex_uk,h2h_lay,Udinese,,2.22,2026-09-13T10:54:15Z
2026-09-13T1054,c11148f7ed032d5e99313ee1942fd4c2,2026-09-19T13:00:00Z,Udinese,Cagliari,betfair_ex_uk,h2h_lay,Draw,,3.85,2026-09-13T10:54:15Z
2026-09-13T1054,c11148f7ed032d5e99313ee1942fd4c2,2026-09-19T13:00:00Z,Udinese,Cagliari,boylesports,h2h,Cagliari,,3.6,2026-09-13T10:53:30Z
2026-09-13T1054,c11148f7ed032d5e99313ee1942fd4c2,2026-09-19T13:00:00Z,Udinese,Cagliari,boylesports,h2h,Udinese,,2.05,2026-09-13T10:53:30Z
2026-09-13T1054,c11148f7ed032d5e99313ee1942fd4c2,2026-09-19T13:00:00Z,Udinese,Cagliari,boylesports,h2h,Draw,,3.0,2026-09-13T10:53:30Z
2026-09-13T1054,c11148f7ed032d5e99313ee1942fd4c2,2026-09-19T13:00:00Z,Udinese,Cagliari,leovegas_se,h2h,Cagliari,,3.7,2026-09-13T10:54:12Z
2026-09-13T1054,c11148f7ed032d5e99313ee1942fd4c2,2026-09-19T13:00:00Z,Udinese,Cagliari,leovegas_se,h2h,Udinese,,1.97,2026-09-13T10:54:12Z
2026-09-13T1054,c11148f7ed032d5e99313ee1942fd4c2,2026-09-19T13:00:00Z,Udinese,Cagliari,leovegas_se,h2h,Draw,,3.2,2026-09-13T10:54:12Z
2026-09-13T1054,c11148f7ed032d5e99313ee1942fd4c2,2026-09-19T13:00:00Z,Udinese,Cagliari,leovegas_se,totals,Over,2.5,2.23,2026-09-13T10:54:12Z
2026-09-13T1054,c11148f7ed032d5e99313ee1942fd4c2,2026-09-19T13:00:00Z,Udinese,Cagliari,leovegas_se,totals,Under,2.5,1.65,2026-09-13T10:54:12Z
2026-09-13T1054,c11148f7ed032d5e99313ee1942fd4c2,2026-09-19T13:00:00Z,Udinese,Cagliari,grosvenor,h2h,Cagliari,,3.9,2026-09-13T10:53:51Z
2026-09-13T1054,c11148f7ed032d5e99313ee1942fd4c2,2026-09-19T13:00:00Z,Udinese,Cagliari,grosvenor,h2h,Udinese,,2.06,2026-09-13T10:53:51Z
2026-09-13T1054,c11148f7ed032d5e99313ee1942fd4c2,2026-09-19T13:00:00Z,Udinese,Cagliari,grosvenor,h2h,Draw,,3.35,2026-09-13T10:53:51Z
2026-09-13T1054,c11148f7ed032d5e99313ee1942fd4c2,2026-09-19T13:00:00Z,Udinese,Cagliari,grosvenor,totals,Over,2.5,2.2,2026-09-13T10:53:51Z
2026-09-13T1054,c11148f7ed032d5e99313ee1942fd4c2,2026-09-19T13:00:00Z,Udinese,Cagliari,grosvenor,totals,Under,2.5,1.64,2026-09-13T10:53:51Z
2026-09-13T1054,c11148f7ed032d5e99313ee1942fd4c2,2026-09-19T13:00:00Z,Udinese,Cagliari,livescorebet,h2h,Cagliari,,3.6,2026-09-13T10:53:51Z
2026-09-13T1054,c11148f7ed032d5e99313ee1942fd4c2,2026-09-19T13:00:00Z,Udinese,Cagliari,livescorebet,h2h,Udinese,,1.96,2026-09-13T10:53:51Z
2026-09-13T1054,c11148f7ed032d5e99313ee1942fd4c2,2026-09-19T13:00:00Z,Udinese,Cagliari,livescorebet,h2h,Draw,,3.15,2026-09-13T10:53:51Z
2026-09-13T1054,c11148f7ed032d5e99313ee1942fd4c2,2026-09-19T13:00:00Z,Udinese,Cagliari,unibet_nl,h2h,Cagliari,,3.9,2026-09-13T10:53:29Z
2026-09-13T1054,c11148f7ed032d5e99313ee1942fd4c2,2026-09-19T13:00:00Z,Udinese,Cagliari,unibet_nl,h2h,Udinese,,2.06,2026-09-13T10:53:29Z
2026-09-13T1054,c11148f7ed032d5e99313ee1942fd4c2,2026-09-19T13:00:00Z,Udinese,Cagliari,unibet_nl,h2h,Draw,,3.35,2026-09-13T10:53:29Z
2026-09-13T1054,c11148f7ed032d5e99313ee1942fd4c2,2026-09-19T13:00:00Z,Udinese,Cagliari,unibet_nl,totals,Over,2.5,2.2,2026-09-13T10:53:29Z
2026-09-13T1054,c11148f7ed032d5e99313ee1942fd4c2,2026-09-19T13:00:00Z,Udinese,Cagliari,unibet_nl,totals,Under,2.5,1.64,2026-09-13T10:53:29Z
2026-09-13T1054,c11148f7ed032d5e99313ee1942fd4c2,2026-09-19T13:00:00Z,Udinese,Cagliari,casumo,h2h,Cagliari,,3.75,2026-09-13T10:53:51Z
2026-09-13T1054,c11148f7ed032d5e99313ee1942fd4c2,2026-09-19T13:00:00Z,Udinese,Cagliari,casumo,h2h,Udinese,,2.0,2026-09-13T10:53:51Z
2026-09-13T1054,c11148f7ed032d5e99313ee1942fd4c2,2026-09-19T13:00:00Z,Udinese,Cagliari,casumo,h2h,Draw,,3.25,2026-09-13T10:53:51Z
2026-09-13T1054,c11148f7ed032d5e99313ee1942fd4c2,2026-09-19T13:00:00Z,Udinese,Cagliari,casumo,totals,Over,2.5,2.2,2026-09-13T10:53:51Z
2026-09-13T1054,c11148f7ed032d5e99313ee1942fd4c2,2026-09-19T13:00:00Z,Udinese,Cagliari,casumo,totals,Under,2.5,1.64,2026-09-13T10:53:51Z
2026-09-13T1054,c11148f7ed032d5e99313ee1942fd4c2,2026-09-19T13:00:00Z,Udinese,Cagliari,virginbet,h2h,Cagliari,,3.6,2026-09-13T10:54:13Z
2026-09-13T1054,c11148f7ed032d5e99313ee1942fd4c2,2026-09-19T13:00:00Z,Udinese,Cagliari,virginbet,h2h,Udinese,,1.96,2026-09-13T10:54:13Z
2026-09-13T1054,c11148f7ed032d5e99313ee1942fd4c2,2026-09-19T13:00:00Z,Udinese,Cagliari,virginbet,h2h,Draw,,3.15,2026-09-13T10:54:13Z
2026-09-13T1054,c11148f7ed032d5e99313ee1942fd4c2,2026-09-19T13:00:00Z,Udinese,Cagliari,pmu_fr,h2h,Cagliari,,3.7,2026-09-13T10:53:29Z
2026-09-13T1054,c11148f7ed032d5e99313ee1942fd4c2,2026-09-19T13:00:00Z,Udinese,Cagliari,pmu_fr,h2h,Udinese,,2.0,2026-09-13T10:53:29Z
2026-09-13T1054,c11148f7ed032d5e99313ee1942fd4c2,2026-09-19T13:00:00Z,Udinese,Cagliari,pmu_fr,h2h,Draw,,3.2,2026-09-13T10:53:29Z
2026-09-13T1054,c11148f7ed032d5e99313ee1942fd4c2,2026-09-19T13:00:00Z,Udinese,Cagliari,pmu_fr,totals,Over,2.5,2.08,2026-09-13T10:53:29Z
2026-09-13T1054,c11148f7ed032d5e99313ee1942fd4c2,2026-09-19T13:00:00Z,Udinese,Cagliari,pmu_fr,totals,Under,2.5,1.55,2026-09-13T10:53:29Z
2026-09-13T1054,c11148f7ed032d5e99313ee1942fd4c2,2026-09-19T13:00:00Z,Udinese,Cagliari,unibet_se,h2h,Cagliari,,3.9,2026-09-13T10:53:29Z
2026-09-13T1054,c11148f7ed032d5e99313ee1942fd4c2,2026-09-19T13:00:00Z,Udinese,Cagliari,unibet_se,h2h,Udinese,,2.06,2026-09-13T10:53:29Z
2026-09-13T1054,c11148f7ed032d5e99313ee1942fd4c2,2026-09-19T13:00:00Z,Udinese,Cagliari,unibet_se,h2h,Draw,,3.35,2026-09-13T10:53:29Z
2026-09-13T1054,c11148f7ed032d5e99313ee1942fd4c2,2026-09-19T13:00:00Z,Udinese,Cagliari,unibet_se,totals,Over,2.5,2.23,2026-09-13T10:53:29Z
2026-09-13T1054,c11148f7ed032d5e99313ee1942fd4c2,2026-09-19T13:00:00Z,Udinese,Cagliari,unibet_se,totals,Under,2.5,1.65,2026-09-13T10:53:29Z
2026-09-13T1054,c11148f7ed032d5e99313ee1942fd4c2,2026-09-19T13:00:00Z,Udinese,Cagliari,matchbook,h2h,Cagliari,,3.45,2026-09-13T10:54:12Z
2026-09-13T1054,c11148f7ed032d5e99313ee1942fd4c2,2026-09-19T13:00:00Z,Udinese,Cagliari,matchbook,h2h,Udinese,,2.0,2026-09-13T10:54:12Z
2026-09-13T1054,c11148f7ed032d5e99313ee1942fd4c2,2026-09-19T13:00:00Z,Udinese,Cagliari,matchbook,h2h,Draw,,2.92,2026-09-13T10:54:12Z
2026-09-13T1054,c11148f7ed032d5e99313ee1942fd4c2,2026-09-19T13:00:00Z,Udinese,Cagliari,matchbook,h2h_lay,Cagliari,,5.0,2026-09-13T10:54:12Z
2026-09-13T1054,c11148f7ed032d5e99313ee1942fd4c2,2026-09-19T13:00:00Z,Udinese,Cagliari,matchbook,h2h_lay,Udinese,,2.48,2026-09-13T10:54:12Z
2026-09-13T1054,c11148f7ed032d5e99313ee1942fd4c2,2026-09-19T13:00:00Z,Udinese,Cagliari,matchbook,h2h_lay,Draw,,3.95,2026-09-13T10:54:12Z
2026-09-13T1054,c11148f7ed032d5e99313ee1942fd4c2,2026-09-19T13:00:00Z,Udinese,Cagliari,matchbook,totals,Over,2.5,2.28,2026-09-13T10:54:12Z
2026-09-13T1054,c11148f7ed032d5e99313ee1942fd4c2,2026-09-19T13:00:00Z,Udinese,Cagliari,matchbook,totals,Under,2.5,1.6,2026-09-13T10:54:12Z
2026-09-13T1054,c11148f7ed032d5e99313ee1942fd4c2,2026-09-19T13:00:00Z,Udinese,Cagliari,betonlineag,h2h,Cagliari,,3.75,2026-09-13T10:53:29Z
2026-09-13T1054,c11148f7ed032d5e99313ee1942fd4c2,2026-09-19T13:00:00Z,Udinese,Cagliari,betonlineag,h2h,Udinese,,2.12,2026-09-13T10:53:29Z
2026-09-13T1054,c11148f7ed032d5e99313ee1942fd4c2,2026-09-19T13:00:00Z,Udinese,Cagliari,betonlineag,h2h,Draw,,3.22,2026-09-13T10:53:29Z
2026-09-13T1054,c11148f7ed032d5e99313ee1942fd4c2,2026-09-19T13:00:00Z,Udinese,Cagliari,betfair_sb_uk,h2h,Cagliari,,3.9,2026-09-13T10:54:13Z
2026-09-13T1054,c11148f7ed032d5e99313ee1942fd4c2,2026-09-19T13:00:00Z,Udinese,Cagliari,betfair_sb_uk,h2h,Udinese,,1.95,2026-09-13T10:54:13Z
2026-09-13T1054,c11148f7ed032d5e99313ee1942fd4c2,2026-09-19T13:00:00Z,Udinese,Cagliari,betfair_sb_uk,h2h,Draw,,3.25,2026-09-13T10:54:13Z
2026-09-13T1054,c11148f7ed032d5e99313ee1942fd4c2,2026-09-19T13:00:00Z,Udinese,Cagliari,gtbets,h2h,Cagliari,,3.88,2026-09-13T10:53:30Z
2026-09-13T1054,c11148f7ed032d5e99313ee1942fd4c2,2026-09-19T13:00:00Z,Udinese,Cagliari,gtbets,h2h,Udinese,,2.07,2026-09-13T10:53:30Z
2026-09-13T1054,c11148f7ed032d5e99313ee1942fd4c2,2026-09-19T13:00:00Z,Udinese,Cagliari,gtbets,h2h,Draw,,3.23,2026-09-13T10:53:30Z
2026-09-13T1054,c11148f7ed032d5e99313ee1942fd4c2,2026-09-19T13:00:00Z,Udinese,Cagliari,gtbets,totals,Over,2.5,2.3,2026-09-13T10:53:30Z
2026-09-13T1054,c11148f7ed032d5e99313ee1942fd4c2,2026-09-19T13:00:00Z,Udinese,Cagliari,gtbets,totals,Under,2.5,1.6,2026-09-13T10:53:30Z
2026-09-13T1054,c11148f7ed032d5e99313ee1942fd4c2,2026-09-19T13:00:00Z,Udinese,Cagliari,betano_uk,h2h,Cagliari,,3.6,2026-09-13T10:52:17Z
2026-09-13T1054,c11148f7ed032d5e99313ee1942fd4c2,2026-09-19T13:00:00Z,Udinese,Cagliari,betano_uk,h2h,Udinese,,2.05,2026-09-13T10:52:17Z
2026-09-13T1054,c11148f7ed032d5e99313ee1942fd4c2,2026-09-19T13:00:00Z,Udinese,Cagliari,betano_uk,h2h,Draw,,3.2,2026-09-13T10:52:17Z
2026-09-13T1054,c11148f7ed032d5e99313ee1942fd4c2,2026-09-19T13:00:00Z,Udinese,Cagliari,betvictor,h2h,Cagliari,,3.6,2026-09-13T10:53:44Z
2026-09-13T1054,c11148f7ed032d5e99313ee1942fd4c2,2026-09-19T13:00:00Z,Udinese,Cagliari,betvictor,h2h,Udinese,,2.05,2026-09-13T10:53:44Z
2026-09-13T1054,c11148f7ed032d5e99313ee1942fd4c2,2026-09-19T13:00:00Z,Udinese,Cagliari,betvictor,h2h,Draw,,3.2,2026-09-13T10:53:44Z
2026-09-13T1054,c11148f7ed032d5e99313ee1942fd4c2,2026-09-19T13:00:00Z,Udinese,Cagliari,everygame,h2h,Cagliari,,3.6,2026-09-13T10:53:03Z
2026-09-13T1054,c11148f7ed032d5e99313ee1942fd4c2,2026-09-19T13:00:00Z,Udinese,Cagliari,everygame,h2h,Udinese,,2.05,2026-09-13T10:53:03Z
2026-09-13T1054,c11148f7ed032d5e99313ee1942fd4c2,2026-09-19T13:00:00Z,Udinese,Cagliari,everygame,h2h,Draw,,3.1,2026-09-13T10:53:03Z
2026-09-13T1054,b455cbf28072fc1f1a46796b1b652f69,2026-09-19T16:00:00Z,AS Roma,Inter Milan,winamax_fr,h2h,AS Roma,,2.35,2026-09-13T10:53:52Z
2026-09-13T1054,b455cbf28072fc1f1a46796b1b652f69,2026-09-19T16:00:00Z,AS Roma,Inter Milan,winamax_fr,h2h,Inter Milan,,2.4,2026-09-13T10:53:52Z
2026-09-13T1054,b455cbf28072fc1f1a46796b1b652f69,2026-09-19T16:00:00Z,AS Roma,Inter Milan,winamax_fr,h2h,Draw,,3.2,2026-09-13T10:53:52Z
2026-09-13T1054,b455cbf28072fc1f1a46796b1b652f69,2026-09-19T16:00:00Z,AS Roma,Inter Milan,winamax_de,h2h,AS Roma,,2.45,2026-09-13T10:52:28Z
2026-09-13T1054,b455cbf28072fc1f1a46796b1b652f69,2026-09-19T16:00:00Z,AS Roma,Inter Milan,winamax_de,h2h,Inter Milan,,2.5,2026-09-13T10:52:28Z
2026-09-13T1054,b455cbf28072fc1f1a46796b1b652f69,2026-09-19T16:00:00Z,AS Roma,Inter Milan,winamax_de,h2h,Draw,,3.45,2026-09-13T10:52:28Z
2026-09-13T1054,b455cbf28072fc1f1a46796b1b652f69,2026-09-19T16:00:00Z,AS Roma,Inter Milan,onexbet,h2h,AS Roma,,2.73,2026-09-13T10:54:12Z
2026-09-13T1054,b455cbf28072fc1f1a46796b1b652f69,2026-09-19T16:00:00Z,AS Roma,Inter Milan,onexbet,h2h,Inter Milan,,2.78,2026-09-13T10:54:12Z
2026-09-13T1054,b455cbf28072fc1f1a46796b1b652f69,2026-09-19T16:00:00Z,AS Roma,Inter Milan,onexbet,h2h,Draw,,3.46,2026-09-13T10:54:12Z
2026-09-13T1054,b455cbf28072fc1f1a46796b1b652f69,2026-09-19T16:00:00Z,AS Roma,Inter Milan,onexbet,totals,Over,2.5,1.78,2026-09-13T10:54:12Z
2026-09-13T1054,b455cbf28072fc1f1a46796b1b652f69,2026-09-19T16:00:00Z,AS Roma,Inter Milan,onexbet,totals,Under,2.5,2.21,2026-09-13T10:54:12Z
2026-09-13T1054,b455cbf28072fc1f1a46796b1b652f69,2026-09-19T16:00:00Z,AS Roma,Inter Milan,betclic_fr,h2h,AS Roma,,2.45,2026-09-13T10:52:40Z
2026-09-13T1054,b455cbf28072fc1f1a46796b1b652f69,2026-09-19T16:00:00Z,AS Roma,Inter Milan,betclic_fr,h2h,Inter Milan,,2.58,2026-09-13T10:52:40Z
2026-09-13T1054,b455cbf28072fc1f1a46796b1b652f69,2026-09-19T16:00:00Z,AS Roma,Inter Milan,betclic_fr,h2h,Draw,,3.38,2026-09-13T10:52:40Z
2026-09-13T1054,b455cbf28072fc1f1a46796b1b652f69,2026-09-19T16:00:00Z,AS Roma,Inter Milan,leovegas,h2h,AS Roma,,2.5,2026-09-13T10:53:51Z
2026-09-13T1054,b455cbf28072fc1f1a46796b1b652f69,2026-09-19T16:00:00Z,AS Roma,Inter Milan,leovegas,h2h,Inter Milan,,2.55,2026-09-13T10:53:51Z
2026-09-13T1054,b455cbf28072fc1f1a46796b1b652f69,2026-09-19T16:00:00Z,AS Roma,Inter Milan,leovegas,h2h,Draw,,3.35,2026-09-13T10:53:51Z
2026-09-13T1054,b455cbf28072fc1f1a46796b1b652f69,2026-09-19T16:00:00Z,AS Roma,Inter Milan,leovegas,totals,Over,2.5,1.68,2026-09-13T10:53:51Z
2026-09-13T1054,b455cbf28072fc1f1a46796b1b652f69,2026-09-19T16:00:00Z,AS Roma,Inter Milan,leovegas,totals,Under,2.5,2.05,2026-09-13T10:53:51Z
2026-09-13T1054,b455cbf28072fc1f1a46796b1b652f69,2026-09-19T16:00:00Z,AS Roma,Inter Milan,unibet_uk,h2h,AS Roma,,2.55,2026-09-13T10:53:30Z
2026-09-13T1054,b455cbf28072fc1f1a46796b1b652f69,2026-09-19T16:00:00Z,AS Roma,Inter Milan,unibet_uk,h2h,Inter Milan,,2.6,2026-09-13T10:53:30Z
2026-09-13T1054,b455cbf28072fc1f1a46796b1b652f69,2026-09-19T16:00:00Z,AS Roma,Inter Milan,unibet_uk,h2h,Draw,,3.4,2026-09-13T10:53:30Z
2026-09-13T1054,b455cbf28072fc1f1a46796b1b652f69,2026-09-19T16:00:00Z,AS Roma,Inter Milan,unibet_fr,h2h,AS Roma,,2.45,2026-09-13T10:54:13Z
2026-09-13T1054,b455cbf28072fc1f1a46796b1b652f69,2026-09-19T16:00:00Z,AS Roma,Inter Milan,unibet_fr,h2h,Inter Milan,,2.5,2026-09-13T10:54:13Z
2026-09-13T1054,b455cbf28072fc1f1a46796b1b652f69,2026-09-19T16:00:00Z,AS Roma,Inter Milan,unibet_fr,h2h,Draw,,3.2,2026-09-13T10:54:13Z
2026-09-13T1054,b455cbf28072fc1f1a46796b1b652f69,2026-09-19T16:00:00Z,AS Roma,Inter Milan,paddypower,h2h,AS Roma,,2.4,2026-09-13T10:53:09Z
2026-09-13T1054,b455cbf28072fc1f1a46796b1b652f69,2026-09-19T16:00:00Z,AS Roma,Inter Milan,paddypower,h2h,Inter Milan,,2.62,2026-09-13T10:53:09Z
2026-09-13T1054,b455cbf28072fc1f1a46796b1b652f69,2026-09-19T16:00:00Z,AS Roma,Inter Milan,paddypower,h2h,Draw,,3.4,2026-09-13T10:53:09Z
2026-09-13T1054,b455cbf28072fc1f1a46796b1b652f69,2026-09-19T16:00:00Z,AS Roma,Inter Milan,skybet,h2h,AS Roma,,2.45,2026-09-13T10:53:51Z
2026-09-13T1054,b455cbf28072fc1f1a46796b1b652f69,2026-09-19T16:00:00Z,AS Roma,Inter Milan,skybet,h2h,Inter Milan,,2.63,2026-09-13T10:53:51Z
2026-09-13T1054,b455cbf28072fc1f1a46796b1b652f69,2026-09-19T16:00:00Z,AS Roma,Inter Milan,skybet,h2h,Draw,,3.4,2026-09-13T10:53:51Z
2026-09-13T1054,b455cbf28072fc1f1a46796b1b652f69,2026-09-19T16:00:00Z,AS Roma,Inter Milan,betfred_uk,h2h,AS Roma,,2.5,2026-09-13T10:54:13Z
2026-09-13T1054,b455cbf28072fc1f1a46796b1b652f69,2026-09-19T16:00:00Z,AS Roma,Inter Milan,betfred_uk,h2h,Inter Milan,,2.62,2026-09-13T10:54:13Z
2026-09-13T1054,b455cbf28072fc1f1a46796b1b652f69,2026-09-19T16:00:00Z,AS Roma,Inter Milan,betfred_uk,h2h,Draw,,3.6,2026-09-13T10:54:13Z
2026-09-13T1054,b455cbf28072fc1f1a46796b1b652f69,2026-09-19T16:00:00Z,AS Roma,Inter Milan,tipico_de,h2h,AS Roma,,2.5,2026-09-13T10:54:14Z
2026-09-13T1054,b455cbf28072fc1f1a46796b1b652f69,2026-09-19T16:00:00Z,AS Roma,Inter Milan,tipico_de,h2h,Inter Milan,,2.65,2026-09-13T10:54:14Z
2026-09-13T1054,b455cbf28072fc1f1a46796b1b652f69,2026-09-19T16:00:00Z,AS Roma,Inter Milan,tipico_de,h2h,Draw,,3.5,2026-09-13T10:54:14Z
2026-09-13T1054,b455cbf28072fc1f1a46796b1b652f69,2026-09-19T16:00:00Z,AS Roma,Inter Milan,tipico_de,totals,Over,2.5,1.67,2026-09-13T10:54:14Z
2026-09-13T1054,b455cbf28072fc1f1a46796b1b652f69,2026-09-19T16:00:00Z,AS Roma,Inter Milan,tipico_de,totals,Under,2.5,2.15,2026-09-13T10:54:14Z
2026-09-13T1054,b455cbf28072fc1f1a46796b1b652f69,2026-09-19T16:00:00Z,AS Roma,Inter Milan,sport888,h2h,AS Roma,,2.5,2026-09-13T10:53:28Z
2026-09-13T1054,b455cbf28072fc1f1a46796b1b652f69,2026-09-19T16:00:00Z,AS Roma,Inter Milan,sport888,h2h,Inter Milan,,2.62,2026-09-13T10:53:28Z
2026-09-13T1054,b455cbf28072fc1f1a46796b1b652f69,2026-09-19T16:00:00Z,AS Roma,Inter Milan,sport888,h2h,Draw,,3.2,2026-09-13T10:53:28Z
2026-09-13T1054,b455cbf28072fc1f1a46796b1b652f69,2026-09-19T16:00:00Z,AS Roma,Inter Milan,williamhill,h2h,AS Roma,,2.5,2026-09-13T10:53:51Z
2026-09-13T1054,b455cbf28072fc1f1a46796b1b652f69,2026-09-19T16:00:00Z,AS Roma,Inter Milan,williamhill,h2h,Inter Milan,,2.62,2026-09-13T10:53:51Z
2026-09-13T1054,b455cbf28072fc1f1a46796b1b652f69,2026-09-19T16:00:00Z,AS Roma,Inter Milan,williamhill,h2h,Draw,,3.2,2026-09-13T10:53:51Z
2026-09-13T1054,b455cbf28072fc1f1a46796b1b652f69,2026-09-19T16:00:00Z,AS Roma,Inter Milan,williamhill,totals,Over,2.5,1.73,2026-09-13T10:53:51Z
2026-09-13T1054,b455cbf28072fc1f1a46796b1b652f69,2026-09-19T16:00:00Z,AS Roma,Inter Milan,williamhill,totals,Under,2.5,2.05,2026-09-13T10:53:51Z
2026-09-13T1054,b455cbf28072fc1f1a46796b1b652f69,2026-09-19T16:00:00Z,AS Roma,Inter Milan,betsson,h2h,AS Roma,,2.65,2026-09-13T10:53:31Z
2026-09-13T1054,b455cbf28072fc1f1a46796b1b652f69,2026-09-19T16:00:00Z,AS Roma,Inter Milan,betsson,h2h,Inter Milan,,2.55,2026-09-13T10:53:31Z
2026-09-13T1054,b455cbf28072fc1f1a46796b1b652f69,2026-09-19T16:00:00Z,AS Roma,Inter Milan,betsson,h2h,Draw,,3.4,2026-09-13T10:53:31Z
2026-09-13T1054,b455cbf28072fc1f1a46796b1b652f69,2026-09-19T16:00:00Z,AS Roma,Inter Milan,betsson,totals,Over,2.5,1.7,2026-09-13T10:53:31Z
2026-09-13T1054,b455cbf28072fc1f1a46796b1b652f69,2026-09-19T16:00:00Z,AS Roma,Inter Milan,betsson,totals,Under,2.5,2.12,2026-09-13T10:53:31Z
2026-09-13T1054,b455cbf28072fc1f1a46796b1b652f69,2026-09-19T16:00:00Z,AS Roma,Inter Milan,nordicbet,h2h,AS Roma,,2.65,2026-09-13T10:52:27Z
2026-09-13T1054,b455cbf28072fc1f1a46796b1b652f69,2026-09-19T16:00:00Z,AS Roma,Inter Milan,nordicbet,h2h,Inter Milan,,2.55,2026-09-13T10:52:27Z
2026-09-13T1054,b455cbf28072fc1f1a46796b1b652f69,2026-09-19T16:00:00Z,AS Roma,Inter Milan,nordicbet,h2h,Draw,,3.4,2026-09-13T10:52:27Z
2026-09-13T1054,b455cbf28072fc1f1a46796b1b652f69,2026-09-19T16:00:00Z,AS Roma,Inter Milan,nordicbet,totals,Over,2.5,1.7,2026-09-13T10:52:27Z
2026-09-13T1054,b455cbf28072fc1f1a46796b1b652f69,2026-09-19T16:00:00Z,AS Roma,Inter Milan,nordicbet,totals,Under,2.5,2.12,2026-09-13T10:52:27Z
2026-09-13T1054,b455cbf28072fc1f1a46796b1b652f69,2026-09-19T16:00:00Z,AS Roma,Inter Milan,marathonbet,h2h,AS Roma,,2.67,2026-09-13T10:53:53Z
2026-09-13T1054,b455cbf28072fc1f1a46796b1b652f69,2026-09-19T16:00:00Z,AS Roma,Inter Milan,marathonbet,h2h,Inter Milan,,2.72,2026-09-13T10:53:53Z
2026-09-13T1054,b455cbf28072fc1f1a46796b1b652f69,2026-09-19T16:00:00Z,AS Roma,Inter Milan,marathonbet,h2h,Draw,,3.38,2026-09-13T10:53:53Z
2026-09-13T1054,b455cbf28072fc1f1a46796b1b652f69,2026-09-19T16:00:00Z,AS Roma,Inter Milan,betway,h2h,AS Roma,,2.5,2026-09-13T10:53:52Z
2026-09-13T1054,b455cbf28072fc1f1a46796b1b652f69,2026-09-19T16:00:00Z,AS Roma,Inter Milan,betway,h2h,Inter Milan,,2.6,2026-09-13T10:53:52Z
2026-09-13T1054,b455cbf28072fc1f1a46796b1b652f69,2026-09-19T16:00:00Z,AS Roma,Inter Milan,betway,h2h,Draw,,3.25,2026-09-13T10:53:52Z
2026-09-13T1054,b455cbf28072fc1f1a46796b1b652f69,2026-09-19T16:00:00Z,AS Roma,Inter Milan,smarkets,h2h,AS Roma,,2.54,2026-09-13T10:54:13Z
2026-09-13T1054,b455cbf28072fc1f1a46796b1b652f69,2026-09-19T16:00:00Z,AS Roma,Inter Milan,smarkets,h2h,Inter Milan,,2.56,2026-09-13T10:54:13Z
2026-09-13T1054,b455cbf28072fc1f1a46796b1b652f69,2026-09-19T16:00:00Z,AS Roma,Inter Milan,smarkets,h2h,Draw,,3.35,2026-09-13T10:54:13Z
2026-09-13T1054,b455cbf28072fc1f1a46796b1b652f69,2026-09-19T16:00:00Z,AS Roma,Inter Milan,smarkets,h2h_lay,AS Roma,,3.05,2026-09-13T10:54:13Z
2026-09-13T1054,b455cbf28072fc1f1a46796b1b652f69,2026-09-19T16:00:00Z,AS Roma,Inter Milan,smarkets,h2h_lay,Inter Milan,,3.2,2026-09-13T10:54:13Z
2026-09-13T1054,b455cbf28072fc1f1a46796b1b652f69,2026-09-19T16:00:00Z,AS Roma,Inter Milan,smarkets,h2h_lay,Draw,,3.6,2026-09-13T10:54:13Z
2026-09-13T1054,b455cbf28072fc1f1a46796b1b652f69,2026-09-19T16:00:00Z,AS Roma,Inter Milan,pinnacle,h2h,AS Roma,,2.65,2026-09-13T10:54:12Z
2026-09-13T1054,b455cbf28072fc1f1a46796b1b652f69,2026-09-19T16:00:00Z,AS Roma,Inter Milan,pinnacle,h2h,Inter Milan,,2.74,2026-09-13T10:54:12Z
2026-09-13T1054,b455cbf28072fc1f1a46796b1b652f69,2026-09-19T16:00:00Z,AS Roma,Inter Milan,pinnacle,h2h,Draw,,3.26,2026-09-13T10:54:12Z
2026-09-13T1054,b455cbf28072fc1f1a46796b1b652f69,2026-09-19T16:00:00Z,AS Roma,Inter Milan,betfair_ex_uk,h2h,AS Roma,,2.56,2026-09-13T10:54:15Z
2026-09-13T1054,b455cbf28072fc1f1a46796b1b652f69,2026-09-19T16:00:00Z,AS Roma,Inter Milan,betfair_ex_uk,h2h,Inter Milan,,2.58,2026-09-13T10:54:15Z
2026-09-13T1054,b455cbf28072fc1f1a46796b1b652f69,2026-09-19T16:00:00Z,AS Roma,Inter Milan,betfair_ex_uk,h2h,Draw,,3.4,2026-09-13T10:54:15Z
2026-09-13T1054,b455cbf28072fc1f1a46796b1b652f69,2026-09-19T16:00:00Z,AS Roma,Inter Milan,betfair_ex_uk,h2h_lay,AS Roma,,3.05,2026-09-13T10:54:15Z
2026-09-13T1054,b455cbf28072fc1f1a46796b1b652f69,2026-09-19T16:00:00Z,AS Roma,Inter Milan,betfair_ex_uk,h2h_lay,Inter Milan,,3.2,2026-09-13T10:54:15Z
2026-09-13T1054,b455cbf28072fc1f1a46796b1b652f69,2026-09-19T16:00:00Z,AS Roma,Inter Milan,betfair_ex_uk,h2h_lay,Draw,,3.6,2026-09-13T10:54:15Z
2026-09-13T1054,b455cbf28072fc1f1a46796b1b652f69,2026-09-19T16:00:00Z,AS Roma,Inter Milan,betfair_ex_eu,h2h,AS Roma,,2.56,2026-09-13T10:53:51Z
2026-09-13T1054,b455cbf28072fc1f1a46796b1b652f69,2026-09-19T16:00:00Z,AS Roma,Inter Milan,betfair_ex_eu,h2h,Inter Milan,,2.58,2026-09-13T10:53:51Z
2026-09-13T1054,b455cbf28072fc1f1a46796b1b652f69,2026-09-19T16:00:00Z,AS Roma,Inter Milan,betfair_ex_eu,h2h,Draw,,3.4,2026-09-13T10:53:51Z
2026-09-13T1054,b455cbf28072fc1f1a46796b1b652f69,2026-09-19T16:00:00Z,AS Roma,Inter Milan,betfair_ex_eu,h2h_lay,AS Roma,,3.05,2026-09-13T10:53:51Z
2026-09-13T1054,b455cbf28072fc1f1a46796b1b652f69,2026-09-19T16:00:00Z,AS Roma,Inter Milan,betfair_ex_eu,h2h_lay,Inter Milan,,3.2,2026-09-13T10:53:51Z
2026-09-13T1054,b455cbf28072fc1f1a46796b1b652f69,2026-09-19T16:00:00Z,AS Roma,Inter Milan,betfair_ex_eu,h2h_lay,Draw,,3.6,2026-09-13T10:53:51Z
2026-09-13T1054,b455cbf28072fc1f1a46796b1b652f69,2026-09-19T16:00:00Z,AS Roma,Inter Milan,boylesports,h2h,AS Roma,,2.4,2026-09-13T10:53:30Z
2026-09-13T1054,b455cbf28072fc1f1a46796b1b652f69,2026-09-19T16:00:00Z,AS Roma,Inter Milan,boylesports,h2h,Inter Milan,,2.6,2026-09-13T10:53:30Z
2026-09-13T1054,b455cbf28072fc1f1a46796b1b652f69,2026-09-19T16:00:00Z,AS Roma,Inter Milan,boylesports,h2h,Draw,,3.25,2026-09-13T10:53:30Z
2026-09-13T1054,b455cbf28072fc1f1a46796b1b652f69,2026-09-19T16:00:00Z,AS Roma,Inter Milan,leovegas_se,h2h,AS Roma,,2.48,2026-09-13T10:54:12Z
2026-09-13T1054,b455cbf28072fc1f1a46796b1b652f69,2026-09-19T16:00:00Z,AS Roma,Inter Milan,leovegas_se,h2h,Inter Milan,,2.55,2026-09-13T10:54:12Z
2026-09-13T1054,b455cbf28072fc1f1a46796b1b652f69,2026-09-19T16:00:00Z,AS Roma,Inter Milan,leovegas_se,h2h,Draw,,3.45,2026-09-13T10:54:12Z
2026-09-13T1054,b455cbf28072fc1f1a46796b1b652f69,2026-09-19T16:00:00Z,AS Roma,Inter Milan,leovegas_se,totals,Over,2.5,1.68,2026-09-13T10:54:12Z
2026-09-13T1054,b455cbf28072fc1f1a46796b1b652f69,2026-09-19T16:00:00Z,AS Roma,Inter Milan,leovegas_se,totals,Under,2.5,2.17,2026-09-13T10:54:12Z
2026-09-13T1054,b455cbf28072fc1f1a46796b1b652f69,2026-09-19T16:00:00Z,AS Roma,Inter Milan,casumo,h2h,AS Roma,,2.5,2026-09-13T10:53:51Z
2026-09-13T1054,b455cbf28072fc1f1a46796b1b652f69,2026-09-19T16:00:00Z,AS Roma,Inter Milan,casumo,h2h,Inter Milan,,2.55,2026-09-13T10:53:51Z
2026-09-13T1054,b455cbf28072fc1f1a46796b1b652f69,2026-09-19T16:00:00Z,AS Roma,Inter Milan,casumo,h2h,Draw,,3.5,2026-09-13T10:53:51Z
2026-09-13T1054,b455cbf28072fc1f1a46796b1b652f69,2026-09-19T16:00:00Z,AS Roma,Inter Milan,casumo,totals,Over,2.5,1.67,2026-09-13T10:53:51Z
2026-09-13T1054,b455cbf28072fc1f1a46796b1b652f69,2026-09-19T16:00:00Z,AS Roma,Inter Milan,casumo,totals,Under,2.5,2.16,2026-09-13T10:53:51Z
2026-09-13T1054,b455cbf28072fc1f1a46796b1b652f69,2026-09-19T16:00:00Z,AS Roma,Inter Milan,virginbet,h2h,AS Roma,,2.43,2026-09-13T10:54:13Z
2026-09-13T1054,b455cbf28072fc1f1a46796b1b652f69,2026-09-19T16:00:00Z,AS Roma,Inter Milan,virginbet,h2h,Inter Milan,,2.5,2026-09-13T10:54:13Z
2026-09-13T1054,b455cbf28072fc1f1a46796b1b652f69,2026-09-19T16:00:00Z,AS Roma,Inter Milan,virginbet,h2h,Draw,,3.4,2026-09-13T10:54:13Z
2026-09-13T1054,b455cbf28072fc1f1a46796b1b652f69,2026-09-19T16:00:00Z,AS Roma,Inter Milan,grosvenor,h2h,AS Roma,,2.55,2026-09-13T10:53:51Z
2026-09-13T1054,b455cbf28072fc1f1a46796b1b652f69,2026-09-19T16:00:00Z,AS Roma,Inter Milan,grosvenor,h2h,Inter Milan,,2.6,2026-09-13T10:53:51Z
2026-09-13T1054,b455cbf28072fc1f1a46796b1b652f69,2026-09-19T16:00:00Z,AS Roma,Inter Milan,grosvenor,h2h,Draw,,3.6,2026-09-13T10:53:51Z
2026-09-13T1054,b455cbf28072fc1f1a46796b1b652f69,2026-09-19T16:00:00Z,AS Roma,Inter Milan,grosvenor,totals,Over,2.5,1.67,2026-09-13T10:53:51Z
2026-09-13T1054,b455cbf28072fc1f1a46796b1b652f69,2026-09-19T16:00:00Z,AS Roma,Inter Milan,grosvenor,totals,Under,2.5,2.16,2026-09-13T10:53:51Z
2026-09-13T1054,b455cbf28072fc1f1a46796b1b652f69,2026-09-19T16:00:00Z,AS Roma,Inter Milan,unibet_nl,h2h,AS Roma,,2.6,2026-09-13T10:53:29Z
2026-09-13T1054,b455cbf28072fc1f1a46796b1b652f69,2026-09-19T16:00:00Z,AS Roma,Inter Milan,unibet_nl,h2h,Inter Milan,,2.65,2026-09-13T10:53:29Z
2026-09-13T1054,b455cbf28072fc1f1a46796b1b652f69,2026-09-19T16:00:00Z,AS Roma,Inter Milan,unibet_nl,h2h,Draw,,3.65,2026-09-13T10:53:29Z
2026-09-13T1054,b455cbf28072fc1f1a46796b1b652f69,2026-09-19T16:00:00Z,AS Roma,Inter Milan,unibet_nl,totals,Over,2.5,1.67,2026-09-13T10:53:29Z
2026-09-13T1054,b455cbf28072fc1f1a46796b1b652f69,2026-09-19T16:00:00Z,AS Roma,Inter Milan,unibet_nl,totals,Under,2.5,2.16,2026-09-13T10:53:29Z
2026-09-13T1054,b455cbf28072fc1f1a46796b1b652f69,2026-09-19T16:00:00Z,AS Roma,Inter Milan,livescorebet,h2h,AS Roma,,2.43,2026-09-13T10:53:51Z
2026-09-13T1054,b455cbf28072fc1f1a46796b1b652f69,2026-09-19T16:00:00Z,AS Roma,Inter Milan,livescorebet,h2h,Inter Milan,,2.5,2026-09-13T10:53:51Z
2026-09-13T1054,b455cbf28072fc1f1a46796b1b652f69,2026-09-19T16:00:00Z,AS Roma,Inter Milan,livescorebet,h2h,Draw,,3.4,2026-09-13T10:53:51Z
2026-09-13T1054,b455cbf28072fc1f1a46796b1b652f69,2026-09-19T16:00:00Z,AS Roma,Inter Milan,pmu_fr,h2h,AS Roma,,2.48,2026-09-13T10:53:29Z
2026-09-13T1054,b455cbf28072fc1f1a46796b1b652f69,2026-09-19T16:00:00Z,AS Roma,Inter Milan,pmu_fr,h2h,Inter Milan,,2.55,2026-09-13T10:53:29Z
2026-09-13T1054,b455cbf28072fc1f1a46796b1b652f69,2026-09-19T16:00:00Z,AS Roma,Inter Milan,pmu_fr,h2h,Draw,,3.5,2026-09-13T10:53:29Z
2026-09-13T1054,b455cbf28072fc1f1a46796b1b652f69,2026-09-19T16:00:00Z,AS Roma,Inter Milan,pmu_fr,totals,Over,2.5,1.57,2026-09-13T10:53:29Z
2026-09-13T1054,b455cbf28072fc1f1a46796b1b652f69,2026-09-19T16:00:00Z,AS Roma,Inter Milan,pmu_fr,totals,Under,2.5,2.04,2026-09-13T10:53:29Z
2026-09-13T1054,b455cbf28072fc1f1a46796b1b652f69,2026-09-19T16:00:00Z,AS Roma,Inter Milan,unibet_se,h2h,AS Roma,,2.6,2026-09-13T10:53:29Z
2026-09-13T1054,b455cbf28072fc1f1a46796b1b652f69,2026-09-19T16:00:00Z,AS Roma,Inter Milan,unibet_se,h2h,Inter Milan,,2.65,2026-09-13T10:53:29Z
2026-09-13T1054,b455cbf28072fc1f1a46796b1b652f69,2026-09-19T16:00:00Z,AS Roma,Inter Milan,unibet_se,h2h,Draw,,3.65,2026-09-13T10:53:29Z
2026-09-13T1054,b455cbf28072fc1f1a46796b1b652f69,2026-09-19T16:00:00Z,AS Roma,Inter Milan,unibet_se,totals,Over,2.5,1.68,2026-09-13T10:53:29Z
2026-09-13T1054,b455cbf28072fc1f1a46796b1b652f69,2026-09-19T16:00:00Z,AS Roma,Inter Milan,unibet_se,totals,Under,2.5,2.17,2026-09-13T10:53:29Z
2026-09-13T1054,b455cbf28072fc1f1a46796b1b652f69,2026-09-19T16:00:00Z,AS Roma,Inter Milan,matchbook,h2h,AS Roma,,2.5,2026-09-13T10:54:12Z
2026-09-13T1054,b455cbf28072fc1f1a46796b1b652f69,2026-09-19T16:00:00Z,AS Roma,Inter Milan,matchbook,h2h,Inter Milan,,2.56,2026-09-13T10:54:12Z
2026-09-13T1054,b455cbf28072fc1f1a46796b1b652f69,2026-09-19T16:00:00Z,AS Roma,Inter Milan,matchbook,h2h,Draw,,3.05,2026-09-13T10:54:12Z
2026-09-13T1054,b455cbf28072fc1f1a46796b1b652f69,2026-09-19T16:00:00Z,AS Roma,Inter Milan,matchbook,h2h_lay,AS Roma,,3.15,2026-09-13T10:54:12Z
2026-09-13T1054,b455cbf28072fc1f1a46796b1b652f69,2026-09-19T16:00:00Z,AS Roma,Inter Milan,matchbook,h2h_lay,Inter Milan,,3.35,2026-09-13T10:54:12Z
2026-09-13T1054,b455cbf28072fc1f1a46796b1b652f69,2026-09-19T16:00:00Z,AS Roma,Inter Milan,matchbook,h2h_lay,Draw,,4.3,2026-09-13T10:54:12Z
2026-09-13T1054,b455cbf28072fc1f1a46796b1b652f69,2026-09-19T16:00:00Z,AS Roma,Inter Milan,matchbook,totals,Over,2.5,1.7,2026-09-13T10:54:12Z
2026-09-13T1054,b455cbf28072fc1f1a46796b1b652f69,2026-09-19T16:00:00Z,AS Roma,Inter Milan,matchbook,totals,Under,2.5,2.08,2026-09-13T10:54:12Z
2026-09-13T1054,b455cbf28072fc1f1a46796b1b652f69,2026-09-19T16:00:00Z,AS Roma,Inter Milan,gtbets,h2h,AS Roma,,2.59,2026-09-13T10:53:30Z
2026-09-13T1054,b455cbf28072fc1f1a46796b1b652f69,2026-09-19T16:00:00Z,AS Roma,Inter Milan,gtbets,h2h,Inter Milan,,2.69,2026-09-13T10:53:30Z
2026-09-13T1054,b455cbf28072fc1f1a46796b1b652f69,2026-09-19T16:00:00Z,AS Roma,Inter Milan,gtbets,h2h,Draw,,3.42,2026-09-13T10:53:30Z
2026-09-13T1054,b455cbf28072fc1f1a46796b1b652f69,2026-09-19T16:00:00Z,AS Roma,Inter Milan,gtbets,totals,Over,2.5,1.71,2026-09-13T10:53:30Z
2026-09-13T1054,b455cbf28072fc1f1a46796b1b652f69,2026-09-19T16:00:00Z,AS Roma,Inter Milan,gtbets,totals,Under,2.5,2.1,2026-09-13T10:53:30Z
2026-09-13T1054,b455cbf28072fc1f1a46796b1b652f69,2026-09-19T16:00:00Z,AS Roma,Inter Milan,betano_uk,h2h,AS Roma,,2.55,2026-09-13T10:52:17Z
2026-09-13T1054,b455cbf28072fc1f1a46796b1b652f69,2026-09-19T16:00:00Z,AS Roma,Inter Milan,betano_uk,h2h,Inter Milan,,2.5,2026-09-13T10:52:17Z
2026-09-13T1054,b455cbf28072fc1f1a46796b1b652f69,2026-09-19T16:00:00Z,AS Roma,Inter Milan,betano_uk,h2h,Draw,,3.5,2026-09-13T10:52:17Z
2026-09-13T1054,b455cbf28072fc1f1a46796b1b652f69,2026-09-19T16:00:00Z,AS Roma,Inter Milan,betvictor,h2h,AS Roma,,2.55,2026-09-13T10:53:44Z
2026-09-13T1054,b455cbf28072fc1f1a46796b1b652f69,2026-09-19T16:00:00Z,AS Roma,Inter Milan,betvictor,h2h,Inter Milan,,2.5,2026-09-13T10:53:44Z
2026-09-13T1054,b455cbf28072fc1f1a46796b1b652f69,2026-09-19T16:00:00Z,AS Roma,Inter Milan,betvictor,h2h,Draw,,3.5,2026-09-13T10:53:44Z
2026-09-13T1054,b455cbf28072fc1f1a46796b1b652f69,2026-09-19T16:00:00Z,AS Roma,Inter Milan,everygame,h2h,AS Roma,,2.55,2026-09-13T10:53:03Z
2026-09-13T1054,b455cbf28072fc1f1a46796b1b652f69,2026-09-19T16:00:00Z,AS Roma,Inter Milan,everygame,h2h,Inter Milan,,2.65,2026-09-13T10:53:03Z
2026-09-13T1054,b455cbf28072fc1f1a46796b1b652f69,2026-09-19T16:00:00Z,AS Roma,Inter Milan,everygame,h2h,Draw,,3.15,2026-09-13T10:53:03Z
2026-09-13T1054,6fb54fd5b3da95e4f4bbef62b7022bd7,2026-09-19T18:45:00Z,Venezia,Lazio,leovegas,h2h,Lazio,,2.02,2026-09-13T10:53:51Z
2026-09-13T1054,6fb54fd5b3da95e4f4bbef62b7022bd7,2026-09-19T18:45:00Z,Venezia,Lazio,leovegas,h2h,Venezia,,3.3,2026-09-13T10:53:51Z
2026-09-13T1054,6fb54fd5b3da95e4f4bbef62b7022bd7,2026-09-19T18:45:00Z,Venezia,Lazio,leovegas,h2h,Draw,,3.35,2026-09-13T10:53:51Z
2026-09-13T1054,6fb54fd5b3da95e4f4bbef62b7022bd7,2026-09-19T18:45:00Z,Venezia,Lazio,leovegas,totals,Over,2.5,1.83,2026-09-13T10:53:51Z
2026-09-13T1054,6fb54fd5b3da95e4f4bbef62b7022bd7,2026-09-19T18:45:00Z,Venezia,Lazio,leovegas,totals,Under,2.5,1.88,2026-09-13T10:53:51Z
2026-09-13T1054,6fb54fd5b3da95e4f4bbef62b7022bd7,2026-09-19T18:45:00Z,Venezia,Lazio,unibet_uk,h2h,Lazio,,2.08,2026-09-13T10:53:30Z
2026-09-13T1054,6fb54fd5b3da95e4f4bbef62b7022bd7,2026-09-19T18:45:00Z,Venezia,Lazio,unibet_uk,h2h,Venezia,,3.4,2026-09-13T10:53:30Z
2026-09-13T1054,6fb54fd5b3da95e4f4bbef62b7022bd7,2026-09-19T18:45:00Z,Venezia,Lazio,unibet_uk,h2h,Draw,,3.4,2026-09-13T10:53:30Z
2026-09-13T1054,6fb54fd5b3da95e4f4bbef62b7022bd7,2026-09-19T18:45:00Z,Venezia,Lazio,winamax_fr,h2h,Lazio,,1.92,2026-09-13T10:53:52Z
2026-09-13T1054,6fb54fd5b3da95e4f4bbef62b7022bd7,2026-09-19T18:45:00Z,Venezia,Lazio,winamax_fr,h2h,Venezia,,3.05,2026-09-13T10:53:52Z
2026-09-13T1054,6fb54fd5b3da95e4f4bbef62b7022bd7,2026-09-19T18:45:00Z,Venezia,Lazio,winamax_fr,h2h,Draw,,3.2,2026-09-13T10:53:52Z
2026-09-13T1054,6fb54fd5b3da95e4f4bbef62b7022bd7,2026-09-19T18:45:00Z,Venezia,Lazio,winamax_de,h2h,Lazio,,2.0,2026-09-13T10:52:28Z
2026-09-13T1054,6fb54fd5b3da95e4f4bbef62b7022bd7,2026-09-19T18:45:00Z,Venezia,Lazio,winamax_de,h2h,Venezia,,3.3,2026-09-13T10:52:28Z
2026-09-13T1054,6fb54fd5b3da95e4f4bbef62b7022bd7,2026-09-19T18:45:00Z,Venezia,Lazio,winamax_de,h2h,Draw,,3.45,2026-09-13T10:52:28Z
2026-09-13T1054,6fb54fd5b3da95e4f4bbef62b7022bd7,2026-09-19T18:45:00Z,Venezia,Lazio,betfred_uk,h2h,Lazio,,2.05,2026-09-13T10:54:13Z
2026-09-13T1054,6fb54fd5b3da95e4f4bbef62b7022bd7,2026-09-19T18:45:00Z,Venezia,Lazio,betfred_uk,h2h,Venezia,,3.4,2026-09-13T10:54:13Z
2026-09-13T1054,6fb54fd5b3da95e4f4bbef62b7022bd7,2026-09-19T18:45:00Z,Venezia,Lazio,betfred_uk,h2h,Draw,,3.6,2026-09-13T10:54:13Z
2026-09-13T1054,6fb54fd5b3da95e4f4bbef62b7022bd7,2026-09-19T18:45:00Z,Venezia,Lazio,unibet_fr,h2h,Lazio,,2.0,2026-09-13T10:54:13Z
2026-09-13T1054,6fb54fd5b3da95e4f4bbef62b7022bd7,2026-09-19T18:45:00Z,Venezia,Lazio,unibet_fr,h2h,Venezia,,3.2,2026-09-13T10:54:13Z
2026-09-13T1054,6fb54fd5b3da95e4f4bbef62b7022bd7,2026-09-19T18:45:00Z,Venezia,Lazio,unibet_fr,h2h,Draw,,3.2,2026-09-13T10:54:13Z
2026-09-13T1054,6fb54fd5b3da95e4f4bbef62b7022bd7,2026-09-19T18:45:00Z,Venezia,Lazio,paddypower,h2h,Lazio,,2.0,2026-09-13T10:53:09Z
2026-09-13T1054,6fb54fd5b3da95e4f4bbef62b7022bd7,2026-09-19T18:45:00Z,Venezia,Lazio,paddypower,h2h,Venezia,,3.4,2026-09-13T10:53:09Z
2026-09-13T1054,6fb54fd5b3da95e4f4bbef62b7022bd7,2026-09-19T18:45:00Z,Venezia,Lazio,paddypower,h2h,Draw,,3.3,2026-09-13T10:53:09Z
2026-09-13T1054,6fb54fd5b3da95e4f4bbef62b7022bd7,2026-09-19T18:45:00Z,Venezia,Lazio,betclic_fr,h2h,Lazio,,1.92,2026-09-13T10:52:40Z
2026-09-13T1054,6fb54fd5b3da95e4f4bbef62b7022bd7,2026-09-19T18:45:00Z,Venezia,Lazio,betclic_fr,h2h,Venezia,,3.4,2026-09-13T10:52:40Z
2026-09-13T1054,6fb54fd5b3da95e4f4bbef62b7022bd7,2026-09-19T18:45:00Z,Venezia,Lazio,betclic_fr,h2h,Draw,,3.35,2026-09-13T10:52:40Z
2026-09-13T1054,6fb54fd5b3da95e4f4bbef62b7022bd7,2026-09-19T18:45:00Z,Venezia,Lazio,onexbet,h2h,Lazio,,2.18,2026-09-13T10:54:12Z
2026-09-13T1054,6fb54fd5b3da95e4f4bbef62b7022bd7,2026-09-19T18:45:00Z,Venezia,Lazio,onexbet,h2h,Venezia,,3.6,2026-09-13T10:54:12Z
2026-09-13T1054,6fb54fd5b3da95e4f4bbef62b7022bd7,2026-09-19T18:45:00Z,Venezia,Lazio,onexbet,h2h,Draw,,3.58,2026-09-13T10:54:12Z
2026-09-13T1054,6fb54fd5b3da95e4f4bbef62b7022bd7,2026-09-19T18:45:00Z,Venezia,Lazio,onexbet,totals,Over,2.5,1.95,2026-09-13T10:54:12Z
2026-09-13T1054,6fb54fd5b3da95e4f4bbef62b7022bd7,2026-09-19T18:45:00Z,Venezia,Lazio,onexbet,totals,Under,2.5,2.0,2026-09-13T10:54:12Z
2026-09-13T1054,6fb54fd5b3da95e4f4bbef62b7022bd7,2026-09-19T18:45:00Z,Venezia,Lazio,skybet,h2h,Lazio,,2.05,2026-09-13T10:53:51Z
2026-09-13T1054,6fb54fd5b3da95e4f4bbef62b7022bd7,2026-09-19T18:45:00Z,Venezia,Lazio,skybet,h2h,Venezia,,3.5,2026-09-13T10:53:51Z
2026-09-13T1054,6fb54fd5b3da95e4f4bbef62b7022bd7,2026-09-19T18:45:00Z,Venezia,Lazio,skybet,h2h,Draw,,3.4,2026-09-13T10:53:51Z
2026-09-13T1054,6fb54fd5b3da95e4f4bbef62b7022bd7,2026-09-19T18:45:00Z,Venezia,Lazio,tipico_de,h2h,Lazio,,2.05,2026-09-13T10:54:14Z
2026-09-13T1054,6fb54fd5b3da95e4f4bbef62b7022bd7,2026-09-19T18:45:00Z,Venezia,Lazio,tipico_de,h2h,Venezia,,3.6,2026-09-13T10:54:14Z
2026-09-13T1054,6fb54fd5b3da95e4f4bbef62b7022bd7,2026-09-19T18:45:00Z,Venezia,Lazio,tipico_de,h2h,Draw,,3.4,2026-09-13T10:54:14Z
2026-09-13T1054,6fb54fd5b3da95e4f4bbef62b7022bd7,2026-09-19T18:45:00Z,Venezia,Lazio,tipico_de,totals,Over,2.5,1.8,2026-09-13T10:54:14Z
2026-09-13T1054,6fb54fd5b3da95e4f4bbef62b7022bd7,2026-09-19T18:45:00Z,Venezia,Lazio,tipico_de,totals,Under,2.5,1.95,2026-09-13T10:54:14Z
2026-09-13T1054,6fb54fd5b3da95e4f4bbef62b7022bd7,2026-09-19T18:45:00Z,Venezia,Lazio,sport888,h2h,Lazio,,2.05,2026-09-13T10:53:28Z
2026-09-13T1054,6fb54fd5b3da95e4f4bbef62b7022bd7,2026-09-19T18:45:00Z,Venezia,Lazio,sport888,h2h,Venezia,,3.3,2026-09-13T10:53:28Z
2026-09-13T1054,6fb54fd5b3da95e4f4bbef62b7022bd7,2026-09-19T18:45:00Z,Venezia,Lazio,sport888,h2h,Draw,,3.3,2026-09-13T10:53:28Z
2026-09-13T1054,6fb54fd5b3da95e4f4bbef62b7022bd7,2026-09-19T18:45:00Z,Venezia,Lazio,williamhill,h2h,Lazio,,2.05,2026-09-13T10:53:51Z
2026-09-13T1054,6fb54fd5b3da95e4f4bbef62b7022bd7,2026-09-19T18:45:00Z,Venezia,Lazio,williamhill,h2h,Venezia,,3.3,2026-09-13T10:53:51Z
2026-09-13T1054,6fb54fd5b3da95e4f4bbef62b7022bd7,2026-09-19T18:45:00Z,Venezia,Lazio,williamhill,h2h,Draw,,3.3,2026-09-13T10:53:51Z
2026-09-13T1054,6fb54fd5b3da95e4f4bbef62b7022bd7,2026-09-19T18:45:00Z,Venezia,Lazio,williamhill,totals,Over,2.5,1.85,2026-09-13T10:53:51Z
2026-09-13T1054,6fb54fd5b3da95e4f4bbef62b7022bd7,2026-09-19T18:45:00Z,Venezia,Lazio,williamhill,totals,Under,2.5,1.91,2026-09-13T10:53:51Z
2026-09-13T1054,6fb54fd5b3da95e4f4bbef62b7022bd7,2026-09-19T18:45:00Z,Venezia,Lazio,marathonbet,h2h,Lazio,,2.13,2026-09-13T10:53:53Z
2026-09-13T1054,6fb54fd5b3da95e4f4bbef62b7022bd7,2026-09-19T18:45:00Z,Venezia,Lazio,marathonbet,h2h,Venezia,,3.52,2026-09-13T10:53:53Z
2026-09-13T1054,6fb54fd5b3da95e4f4bbef62b7022bd7,2026-09-19T18:45:00Z,Venezia,Lazio,marathonbet,h2h,Draw,,3.5,2026-09-13T10:53:53Z
2026-09-13T1054,6fb54fd5b3da95e4f4bbef62b7022bd7,2026-09-19T18:45:00Z,Venezia,Lazio,betsson,h2h,Lazio,,2.08,2026-09-13T10:53:31Z
2026-09-13T1054,6fb54fd5b3da95e4f4bbef62b7022bd7,2026-09-19T18:45:00Z,Venezia,Lazio,betsson,h2h,Venezia,,3.55,2026-09-13T10:53:31Z
2026-09-13T1054,6fb54fd5b3da95e4f4bbef62b7022bd7,2026-09-19T18:45:00Z,Venezia,Lazio,betsson,h2h,Draw,,3.4,2026-09-13T10:53:31Z
2026-09-13T1054,6fb54fd5b3da95e4f4bbef62b7022bd7,2026-09-19T18:45:00Z,Venezia,Lazio,betsson,totals,Over,2.5,1.85,2026-09-13T10:53:31Z
2026-09-13T1054,6fb54fd5b3da95e4f4bbef62b7022bd7,2026-09-19T18:45:00Z,Venezia,Lazio,betsson,totals,Under,2.5,1.9,2026-09-13T10:53:31Z
2026-09-13T1054,6fb54fd5b3da95e4f4bbef62b7022bd7,2026-09-19T18:45:00Z,Venezia,Lazio,nordicbet,h2h,Lazio,,2.08,2026-09-13T10:52:27Z
2026-09-13T1054,6fb54fd5b3da95e4f4bbef62b7022bd7,2026-09-19T18:45:00Z,Venezia,Lazio,nordicbet,h2h,Venezia,,3.55,2026-09-13T10:52:27Z
2026-09-13T1054,6fb54fd5b3da95e4f4bbef62b7022bd7,2026-09-19T18:45:00Z,Venezia,Lazio,nordicbet,h2h,Draw,,3.4,2026-09-13T10:52:27Z
2026-09-13T1054,6fb54fd5b3da95e4f4bbef62b7022bd7,2026-09-19T18:45:00Z,Venezia,Lazio,nordicbet,totals,Over,2.5,1.85,2026-09-13T10:52:27Z
2026-09-13T1054,6fb54fd5b3da95e4f4bbef62b7022bd7,2026-09-19T18:45:00Z,Venezia,Lazio,nordicbet,totals,Under,2.5,1.9,2026-09-13T10:52:27Z
2026-09-13T1054,6fb54fd5b3da95e4f4bbef62b7022bd7,2026-09-19T18:45:00Z,Venezia,Lazio,betfair_ex_eu,h2h,Lazio,,2.14,2026-09-13T10:53:51Z
2026-09-13T1054,6fb54fd5b3da95e4f4bbef62b7022bd7,2026-09-19T18:45:00Z,Venezia,Lazio,betfair_ex_eu,h2h,Venezia,,3.65,2026-09-13T10:53:51Z
2026-09-13T1054,6fb54fd5b3da95e4f4bbef62b7022bd7,2026-09-19T18:45:00Z,Venezia,Lazio,betfair_ex_eu,h2h,Draw,,3.6,2026-09-13T10:53:51Z
2026-09-13T1054,6fb54fd5b3da95e4f4bbef62b7022bd7,2026-09-19T18:45:00Z,Venezia,Lazio,betfair_ex_eu,h2h_lay,Lazio,,2.2,2026-09-13T10:53:51Z
2026-09-13T1054,6fb54fd5b3da95e4f4bbef62b7022bd7,2026-09-19T18:45:00Z,Venezia,Lazio,betfair_ex_eu,h2h_lay,Venezia,,3.9,2026-09-13T10:53:51Z
2026-09-13T1054,6fb54fd5b3da95e4f4bbef62b7022bd7,2026-09-19T18:45:00Z,Venezia,Lazio,betfair_ex_eu,h2h_lay,Draw,,3.8,2026-09-13T10:53:51Z
2026-09-13T1054,6fb54fd5b3da95e4f4bbef62b7022bd7,2026-09-19T18:45:00Z,Venezia,Lazio,betfair_ex_uk,h2h,Lazio,,2.14,2026-09-13T10:54:15Z
2026-09-13T1054,6fb54fd5b3da95e4f4bbef62b7022bd7,2026-09-19T18:45:00Z,Venezia,Lazio,betfair_ex_uk,h2h,Venezia,,3.65,2026-09-13T10:54:15Z
2026-09-13T1054,6fb54fd5b3da95e4f4bbef62b7022bd7,2026-09-19T18:45:00Z,Venezia,Lazio,betfair_ex_uk,h2h,Draw,,3.6,2026-09-13T10:54:15Z
2026-09-13T1054,6fb54fd5b3da95e4f4bbef62b7022bd7,2026-09-19T18:45:00Z,Venezia,Lazio,betfair_ex_uk,h2h_lay,Lazio,,2.2,2026-09-13T10:54:15Z
2026-09-13T1054,6fb54fd5b3da95e4f4bbef62b7022bd7,2026-09-19T18:45:00Z,Venezia,Lazio,betfair_ex_uk,h2h_lay,Venezia,,3.9,2026-09-13T10:54:15Z
2026-09-13T1054,6fb54fd5b3da95e4f4bbef62b7022bd7,2026-09-19T18:45:00Z,Venezia,Lazio,betfair_ex_uk,h2h_lay,Draw,,3.8,2026-09-13T10:54:15Z
2026-09-13T1054,6fb54fd5b3da95e4f4bbef62b7022bd7,2026-09-19T18:45:00Z,Venezia,Lazio,boylesports,h2h,Lazio,,2.0,2026-09-13T10:53:30Z
2026-09-13T1054,6fb54fd5b3da95e4f4bbef62b7022bd7,2026-09-19T18:45:00Z,Venezia,Lazio,boylesports,h2h,Venezia,,3.2,2026-09-13T10:53:30Z
2026-09-13T1054,6fb54fd5b3da95e4f4bbef62b7022bd7,2026-09-19T18:45:00Z,Venezia,Lazio,boylesports,h2h,Draw,,3.3,2026-09-13T10:53:30Z
2026-09-13T1054,6fb54fd5b3da95e4f4bbef62b7022bd7,2026-09-19T18:45:00Z,Venezia,Lazio,livescorebet,h2h,Lazio,,2.1,2026-09-13T10:53:51Z
2026-09-13T1054,6fb54fd5b3da95e4f4bbef62b7022bd7,2026-09-19T18:45:00Z,Venezia,Lazio,livescorebet,h2h,Venezia,,3.1,2026-09-13T10:53:51Z
2026-09-13T1054,6fb54fd5b3da95e4f4bbef62b7022bd7,2026-09-19T18:45:00Z,Venezia,Lazio,livescorebet,h2h,Draw,,3.3,2026-09-13T10:53:51Z
2026-09-13T1054,6fb54fd5b3da95e4f4bbef62b7022bd7,2026-09-19T18:45:00Z,Venezia,Lazio,unibet_se,h2h,Lazio,,2.2,2026-09-13T10:53:29Z
2026-09-13T1054,6fb54fd5b3da95e4f4bbef62b7022bd7,2026-09-19T18:45:00Z,Venezia,Lazio,unibet_se,h2h,Venezia,,3.3,2026-09-13T10:53:29Z
2026-09-13T1054,6fb54fd5b3da95e4f4bbef62b7022bd7,2026-09-19T18:45:00Z,Venezia,Lazio,unibet_se,h2h,Draw,,3.55,2026-09-13T10:53:29Z
2026-09-13T1054,6fb54fd5b3da95e4f4bbef62b7022bd7,2026-09-19T18:45:00Z,Venezia,Lazio,unibet_se,totals,Over,2.5,1.89,2026-09-13T10:53:29Z
2026-09-13T1054,6fb54fd5b3da95e4f4bbef62b7022bd7,2026-09-19T18:45:00Z,Venezia,Lazio,unibet_se,totals,Under,2.5,1.88,2026-09-13T10:53:29Z
2026-09-13T1054,6fb54fd5b3da95e4f4bbef62b7022bd7,2026-09-19T18:45:00Z,Venezia,Lazio,unibet_nl,h2h,Lazio,,2.2,2026-09-13T10:53:29Z
2026-09-13T1054,6fb54fd5b3da95e4f4bbef62b7022bd7,2026-09-19T18:45:00Z,Venezia,Lazio,unibet_nl,h2h,Venezia,,3.3,2026-09-13T10:53:29Z
2026-09-13T1054,6fb54fd5b3da95e4f4bbef62b7022bd7,2026-09-19T18:45:00Z,Venezia,Lazio,unibet_nl,h2h,Draw,,3.55,2026-09-13T10:53:29Z
2026-09-13T1054,6fb54fd5b3da95e4f4bbef62b7022bd7,2026-09-19T18:45:00Z,Venezia,Lazio,unibet_nl,totals,Over,2.5,1.88,2026-09-13T10:53:29Z
2026-09-13T1054,6fb54fd5b3da95e4f4bbef62b7022bd7,2026-09-19T18:45:00Z,Venezia,Lazio,unibet_nl,totals,Under,2.5,1.87,2026-09-13T10:53:29Z
2026-09-13T1054,6fb54fd5b3da95e4f4bbef62b7022bd7,2026-09-19T18:45:00Z,Venezia,Lazio,virginbet,h2h,Lazio,,2.1,2026-09-13T10:54:13Z
2026-09-13T1054,6fb54fd5b3da95e4f4bbef62b7022bd7,2026-09-19T18:45:00Z,Venezia,Lazio,virginbet,h2h,Venezia,,3.1,2026-09-13T10:54:13Z
2026-09-13T1054,6fb54fd5b3da95e4f4bbef62b7022bd7,2026-09-19T18:45:00Z,Venezia,Lazio,virginbet,h2h,Draw,,3.3,2026-09-13T10:54:13Z
2026-09-13T1054,6fb54fd5b3da95e4f4bbef62b7022bd7,2026-09-19T18:45:00Z,Venezia,Lazio,casumo,h2h,Lazio,,2.14,2026-09-13T10:53:51Z
2026-09-13T1054,6fb54fd5b3da95e4f4bbef62b7022bd7,2026-09-19T18:45:00Z,Venezia,Lazio,casumo,h2h,Venezia,,3.2,2026-09-13T10:53:51Z
2026-09-13T1054,6fb54fd5b3da95e4f4bbef62b7022bd7,2026-09-19T18:45:00Z,Venezia,Lazio,casumo,h2h,Draw,,3.4,2026-09-13T10:53:51Z
2026-09-13T1054,6fb54fd5b3da95e4f4bbef62b7022bd7,2026-09-19T18:45:00Z,Venezia,Lazio,casumo,totals,Over,2.5,1.88,2026-09-13T10:53:51Z
2026-09-13T1054,6fb54fd5b3da95e4f4bbef62b7022bd7,2026-09-19T18:45:00Z,Venezia,Lazio,casumo,totals,Under,2.5,1.87,2026-09-13T10:53:51Z
2026-09-13T1054,6fb54fd5b3da95e4f4bbef62b7022bd7,2026-09-19T18:45:00Z,Venezia,Lazio,grosvenor,h2h,Lazio,,2.2,2026-09-13T10:53:51Z
2026-09-13T1054,6fb54fd5b3da95e4f4bbef62b7022bd7,2026-09-19T18:45:00Z,Venezia,Lazio,grosvenor,h2h,Venezia,,3.3,2026-09-13T10:53:51Z
2026-09-13T1054,6fb54fd5b3da95e4f4bbef62b7022bd7,2026-09-19T18:45:00Z,Venezia,Lazio,grosvenor,h2h,Draw,,3.55,2026-09-13T10:53:51Z
2026-09-13T1054,6fb54fd5b3da95e4f4bbef62b7022bd7,2026-09-19T18:45:00Z,Venezia,Lazio,grosvenor,totals,Over,2.5,1.88,2026-09-13T10:53:51Z
2026-09-13T1054,6fb54fd5b3da95e4f4bbef62b7022bd7,2026-09-19T18:45:00Z,Venezia,Lazio,grosvenor,totals,Under,2.5,1.87,2026-09-13T10:53:51Z
2026-09-13T1054,6fb54fd5b3da95e4f4bbef62b7022bd7,2026-09-19T18:45:00Z,Venezia,Lazio,pmu_fr,h2h,Lazio,,2.12,2026-09-13T10:53:29Z
2026-09-13T1054,6fb54fd5b3da95e4f4bbef62b7022bd7,2026-09-19T18:45:00Z,Venezia,Lazio,pmu_fr,h2h,Venezia,,3.15,2026-09-13T10:53:29Z
2026-09-13T1054,6fb54fd5b3da95e4f4bbef62b7022bd7,2026-09-19T18:45:00Z,Venezia,Lazio,pmu_fr,h2h,Draw,,3.35,2026-09-13T10:53:29Z
2026-09-13T1054,6fb54fd5b3da95e4f4bbef62b7022bd7,2026-09-19T18:45:00Z,Venezia,Lazio,pmu_fr,totals,Over,2.5,1.79,2026-09-13T10:53:29Z
2026-09-13T1054,6fb54fd5b3da95e4f4bbef62b7022bd7,2026-09-19T18:45:00Z,Venezia,Lazio,pmu_fr,totals,Under,2.5,1.77,2026-09-13T10:53:29Z
2026-09-13T1054,6fb54fd5b3da95e4f4bbef62b7022bd7,2026-09-19T18:45:00Z,Venezia,Lazio,leovegas_se,h2h,Lazio,,2.12,2026-09-13T10:54:12Z
2026-09-13T1054,6fb54fd5b3da95e4f4bbef62b7022bd7,2026-09-19T18:45:00Z,Venezia,Lazio,leovegas_se,h2h,Venezia,,3.15,2026-09-13T10:54:12Z
2026-09-13T1054,6fb54fd5b3da95e4f4bbef62b7022bd7,2026-09-19T18:45:00Z,Venezia,Lazio,leovegas_se,h2h,Draw,,3.35,2026-09-13T10:54:12Z
2026-09-13T1054,6fb54fd5b3da95e4f4bbef62b7022bd7,2026-09-19T18:45:00Z,Venezia,Lazio,leovegas_se,totals,Over,2.5,1.89,2026-09-13T10:54:12Z
2026-09-13T1054,6fb54fd5b3da95e4f4bbef62b7022bd7,2026-09-19T18:45:00Z,Venezia,Lazio,leovegas_se,totals,Under,2.5,1.88,2026-09-13T10:54:12Z
2026-09-13T1054,6fb54fd5b3da95e4f4bbef62b7022bd7,2026-09-19T18:45:00Z,Venezia,Lazio,betway,h2h,Lazio,,2.05,2026-09-13T10:53:52Z
2026-09-13T1054,6fb54fd5b3da95e4f4bbef62b7022bd7,2026-09-19T18:45:00Z,Venezia,Lazio,betway,h2h,Venezia,,3.25,2026-09-13T10:53:52Z
2026-09-13T1054,6fb54fd5b3da95e4f4bbef62b7022bd7,2026-09-19T18:45:00Z,Venezia,Lazio,betway,h2h,Draw,,3.4,2026-09-13T10:53:52Z
2026-09-13T1054,6fb54fd5b3da95e4f4bbef62b7022bd7,2026-09-19T18:45:00Z,Venezia,Lazio,smarkets,h2h,Lazio,,2.12,2026-09-13T10:54:13Z
2026-09-13T1054,6fb54fd5b3da95e4f4bbef62b7022bd7,2026-09-19T18:45:00Z,Venezia,Lazio,smarkets,h2h,Venezia,,3.6,2026-09-13T10:54:13Z
2026-09-13T1054,6fb54fd5b3da95e4f4bbef62b7022bd7,2026-09-19T18:45:00Z,Venezia,Lazio,smarkets,h2h,Draw,,3.55,2026-09-13T10:54:13Z
2026-09-13T1054,6fb54fd5b3da95e4f4bbef62b7022bd7,2026-09-19T18:45:00Z,Venezia,Lazio,smarkets,h2h_lay,Lazio,,2.2,2026-09-13T10:54:13Z
2026-09-13T1054,6fb54fd5b3da95e4f4bbef62b7022bd7,2026-09-19T18:45:00Z,Venezia,Lazio,smarkets,h2h_lay,Venezia,,3.9,2026-09-13T10:54:13Z
2026-09-13T1054,6fb54fd5b3da95e4f4bbef62b7022bd7,2026-09-19T18:45:00Z,Venezia,Lazio,smarkets,h2h_lay,Draw,,3.8,2026-09-13T10:54:13Z
2026-09-13T1054,6fb54fd5b3da95e4f4bbef62b7022bd7,2026-09-19T18:45:00Z,Venezia,Lazio,pinnacle,h2h,Lazio,,2.09,2026-09-13T10:54:12Z
2026-09-13T1054,6fb54fd5b3da95e4f4bbef62b7022bd7,2026-09-19T18:45:00Z,Venezia,Lazio,pinnacle,h2h,Venezia,,3.5,2026-09-13T10:54:12Z
2026-09-13T1054,6fb54fd5b3da95e4f4bbef62b7022bd7,2026-09-19T18:45:00Z,Venezia,Lazio,pinnacle,h2h,Draw,,3.48,2026-09-13T10:54:12Z
2026-09-13T1054,6fb54fd5b3da95e4f4bbef62b7022bd7,2026-09-19T18:45:00Z,Venezia,Lazio,pinnacle,totals,Over,2.5,1.88,2026-09-13T10:54:12Z
2026-09-13T1054,6fb54fd5b3da95e4f4bbef62b7022bd7,2026-09-19T18:45:00Z,Venezia,Lazio,pinnacle,totals,Under,2.5,1.95,2026-09-13T10:54:12Z
2026-09-13T1054,6fb54fd5b3da95e4f4bbef62b7022bd7,2026-09-19T18:45:00Z,Venezia,Lazio,matchbook,h2h,Lazio,,1.97,2026-09-13T10:54:12Z
2026-09-13T1054,6fb54fd5b3da95e4f4bbef62b7022bd7,2026-09-19T18:45:00Z,Venezia,Lazio,matchbook,h2h,Venezia,,3.2,2026-09-13T10:54:12Z
2026-09-13T1054,6fb54fd5b3da95e4f4bbef62b7022bd7,2026-09-19T18:45:00Z,Venezia,Lazio,matchbook,h2h,Draw,,3.2,2026-09-13T10:54:12Z
2026-09-13T1054,6fb54fd5b3da95e4f4bbef62b7022bd7,2026-09-19T18:45:00Z,Venezia,Lazio,matchbook,h2h_lay,Lazio,,2.42,2026-09-13T10:54:12Z
2026-09-13T1054,6fb54fd5b3da95e4f4bbef62b7022bd7,2026-09-19T18:45:00Z,Venezia,Lazio,matchbook,h2h_lay,Venezia,,4.5,2026-09-13T10:54:12Z
2026-09-13T1054,6fb54fd5b3da95e4f4bbef62b7022bd7,2026-09-19T18:45:00Z,Venezia,Lazio,matchbook,h2h_lay,Draw,,4.5,2026-09-13T10:54:12Z
2026-09-13T1054,6fb54fd5b3da95e4f4bbef62b7022bd7,2026-09-19T18:45:00Z,Venezia,Lazio,matchbook,totals,Over,2.5,1.89,2026-09-13T10:54:12Z
2026-09-13T1054,6fb54fd5b3da95e4f4bbef62b7022bd7,2026-09-19T18:45:00Z,Venezia,Lazio,matchbook,totals,Under,2.5,1.96,2026-09-13T10:54:12Z
2026-09-13T1054,6fb54fd5b3da95e4f4bbef62b7022bd7,2026-09-19T18:45:00Z,Venezia,Lazio,gtbets,h2h,Lazio,,2.12,2026-09-13T10:53:30Z
2026-09-13T1054,6fb54fd5b3da95e4f4bbef62b7022bd7,2026-09-19T18:45:00Z,Venezia,Lazio,gtbets,h2h,Venezia,,3.49,2026-09-13T10:53:30Z
2026-09-13T1054,6fb54fd5b3da95e4f4bbef62b7022bd7,2026-09-19T18:45:00Z,Venezia,Lazio,gtbets,h2h,Draw,,3.43,2026-09-13T10:53:30Z
2026-09-13T1054,6fb54fd5b3da95e4f4bbef62b7022bd7,2026-09-19T18:45:00Z,Venezia,Lazio,gtbets,totals,Over,2.5,1.88,2026-09-13T10:53:30Z
2026-09-13T1054,6fb54fd5b3da95e4f4bbef62b7022bd7,2026-09-19T18:45:00Z,Venezia,Lazio,gtbets,totals,Under,2.5,1.89,2026-09-13T10:53:30Z
2026-09-13T1054,6fb54fd5b3da95e4f4bbef62b7022bd7,2026-09-19T18:45:00Z,Venezia,Lazio,betano_uk,h2h,Lazio,,2.05,2026-09-13T10:52:17Z
2026-09-13T1054,6fb54fd5b3da95e4f4bbef62b7022bd7,2026-09-19T18:45:00Z,Venezia,Lazio,betano_uk,h2h,Venezia,,3.4,2026-09-13T10:52:17Z
2026-09-13T1054,6fb54fd5b3da95e4f4bbef62b7022bd7,2026-09-19T18:45:00Z,Venezia,Lazio,betano_uk,h2h,Draw,,3.4,2026-09-13T10:52:17Z
2026-09-13T1054,6fb54fd5b3da95e4f4bbef62b7022bd7,2026-09-19T18:45:00Z,Venezia,Lazio,betvictor,h2h,Lazio,,2.05,2026-09-13T10:53:44Z
2026-09-13T1054,6fb54fd5b3da95e4f4bbef62b7022bd7,2026-09-19T18:45:00Z,Venezia,Lazio,betvictor,h2h,Venezia,,3.4,2026-09-13T10:53:44Z
2026-09-13T1054,6fb54fd5b3da95e4f4bbef62b7022bd7,2026-09-19T18:45:00Z,Venezia,Lazio,betvictor,h2h,Draw,,3.4,2026-09-13T10:53:44Z
2026-09-13T1054,6fb54fd5b3da95e4f4bbef62b7022bd7,2026-09-19T18:45:00Z,Venezia,Lazio,everygame,h2h,Lazio,,2.05,2026-09-13T10:53:03Z
2026-09-13T1054,6fb54fd5b3da95e4f4bbef62b7022bd7,2026-09-19T18:45:00Z,Venezia,Lazio,everygame,h2h,Venezia,,3.35,2026-09-13T10:53:03Z
2026-09-13T1054,6fb54fd5b3da95e4f4bbef62b7022bd7,2026-09-19T18:45:00Z,Venezia,Lazio,everygame,h2h,Draw,,3.35,2026-09-13T10:53:03Z
2026-09-13T1054,65acc2445541a5ed803ef0ce1a270097,2026-09-20T10:30:00Z,Fiorentina,Napoli,leovegas,h2h,Fiorentina,,3.1,2026-09-13T10:53:51Z
2026-09-13T1054,65acc2445541a5ed803ef0ce1a270097,2026-09-20T10:30:00Z,Fiorentina,Napoli,leovegas,h2h,Napoli,,2.15,2026-09-13T10:53:51Z
2026-09-13T1054,65acc2445541a5ed803ef0ce1a270097,2026-09-20T10:30:00Z,Fiorentina,Napoli,leovegas,h2h,Draw,,3.3,2026-09-13T10:53:51Z
2026-09-13T1054,65acc2445541a5ed803ef0ce1a270097,2026-09-20T10:30:00Z,Fiorentina,Napoli,leovegas,totals,Over,2.5,1.92,2026-09-13T10:53:51Z
2026-09-13T1054,65acc2445541a5ed803ef0ce1a270097,2026-09-20T10:30:00Z,Fiorentina,Napoli,leovegas,totals,Under,2.5,1.8,2026-09-13T10:53:51Z
2026-09-13T1054,65acc2445541a5ed803ef0ce1a270097,2026-09-20T10:30:00Z,Fiorentina,Napoli,betfred_uk,h2h,Fiorentina,,3.25,2026-09-13T10:54:13Z
2026-09-13T1054,65acc2445541a5ed803ef0ce1a270097,2026-09-20T10:30:00Z,Fiorentina,Napoli,betfred_uk,h2h,Napoli,,2.2,2026-09-13T10:54:13Z
2026-09-13T1054,65acc2445541a5ed803ef0ce1a270097,2026-09-20T10:30:00Z,Fiorentina,Napoli,betfred_uk,h2h,Draw,,3.4,2026-09-13T10:54:13Z
2026-09-13T1054,65acc2445541a5ed803ef0ce1a270097,2026-09-20T10:30:00Z,Fiorentina,Napoli,unibet_uk,h2h,Fiorentina,,3.2,2026-09-13T10:53:30Z
2026-09-13T1054,65acc2445541a5ed803ef0ce1a270097,2026-09-20T10:30:00Z,Fiorentina,Napoli,unibet_uk,h2h,Napoli,,2.2,2026-09-13T10:53:30Z
2026-09-13T1054,65acc2445541a5ed803ef0ce1a270097,2026-09-20T10:30:00Z,Fiorentina,Napoli,unibet_uk,h2h,Draw,,3.3,2026-09-13T10:53:30Z
2026-09-13T1054,65acc2445541a5ed803ef0ce1a270097,2026-09-20T10:30:00Z,Fiorentina,Napoli,winamax_fr,h2h,Fiorentina,,2.9,2026-09-13T10:53:52Z
2026-09-13T1054,65acc2445541a5ed803ef0ce1a270097,2026-09-20T10:30:00Z,Fiorentina,Napoli,winamax_fr,h2h,Napoli,,2.0,2026-09-13T10:53:52Z
2026-09-13T1054,65acc2445541a5ed803ef0ce1a270097,2026-09-20T10:30:00Z,Fiorentina,Napoli,winamax_fr,h2h,Draw,,3.15,2026-09-13T10:53:52Z
2026-09-13T1054,65acc2445541a5ed803ef0ce1a270097,2026-09-20T10:30:00Z,Fiorentina,Napoli,paddypower,h2h,Fiorentina,,3.2,2026-09-13T10:53:09Z
2026-09-13T1054,65acc2445541a5ed803ef0ce1a270097,2026-09-20T10:30:00Z,Fiorentina,Napoli,paddypower,h2h,Napoli,,2.1,2026-09-13T10:53:09Z
2026-09-13T1054,65acc2445541a5ed803ef0ce1a270097,2026-09-20T10:30:00Z,Fiorentina,Napoli,paddypower,h2h,Draw,,3.3,2026-09-13T10:53:09Z
2026-09-13T1054,65acc2445541a5ed803ef0ce1a270097,2026-09-20T10:30:00Z,Fiorentina,Napoli,unibet_fr,h2h,Fiorentina,,3.1,2026-09-13T10:54:13Z
2026-09-13T1054,65acc2445541a5ed803ef0ce1a270097,2026-09-20T10:30:00Z,Fiorentina,Napoli,unibet_fr,h2h,Napoli,,2.0,2026-09-13T10:54:13Z
2026-09-13T1054,65acc2445541a5ed803ef0ce1a270097,2026-09-20T10:30:00Z,Fiorentina,Napoli,unibet_fr,h2h,Draw,,3.3,2026-09-13T10:54:13Z
2026-09-13T1054,65acc2445541a5ed803ef0ce1a270097,2026-09-20T10:30:00Z,Fiorentina,Napoli,winamax_de,h2h,Fiorentina,,3.1,2026-09-13T10:52:28Z
2026-09-13T1054,65acc2445541a5ed803ef0ce1a270097,2026-09-20T10:30:00Z,Fiorentina,Napoli,winamax_de,h2h,Napoli,,2.1,2026-09-13T10:52:28Z
2026-09-13T1054,65acc2445541a5ed803ef0ce1a270097,2026-09-20T10:30:00Z,Fiorentina,Napoli,winamax_de,h2h,Draw,,3.4,2026-09-13T10:52:28Z
2026-09-13T1054,65acc2445541a5ed803ef0ce1a270097,2026-09-20T10:30:00Z,Fiorentina,Napoli,betclic_fr,h2h,Fiorentina,,3.17,2026-09-13T10:52:40Z
2026-09-13T1054,65acc2445541a5ed803ef0ce1a270097,2026-09-20T10:30:00Z,Fiorentina,Napoli,betclic_fr,h2h,Napoli,,2.12,2026-09-13T10:52:40Z
2026-09-13T1054,65acc2445541a5ed803ef0ce1a270097,2026-09-20T10:30:00Z,Fiorentina,Napoli,betclic_fr,h2h,Draw,,3.32,2026-09-13T10:52:40Z
2026-09-13T1054,65acc2445541a5ed803ef0ce1a270097,2026-09-20T10:30:00Z,Fiorentina,Napoli,onexbet,h2h,Fiorentina,,3.42,2026-09-13T10:54:12Z
2026-09-13T1054,65acc2445541a5ed803ef0ce1a270097,2026-09-20T10:30:00Z,Fiorentina,Napoli,onexbet,h2h,Napoli,,2.28,2026-09-13T10:54:12Z
2026-09-13T1054,65acc2445541a5ed803ef0ce1a270097,2026-09-20T10:30:00Z,Fiorentina,Napoli,onexbet,h2h,Draw,,3.52,2026-09-13T10:54:12Z
2026-09-13T1054,65acc2445541a5ed803ef0ce1a270097,2026-09-20T10:30:00Z,Fiorentina,Napoli,onexbet,totals,Over,2.5,2.04,2026-09-13T10:54:12Z
2026-09-13T1054,65acc2445541a5ed803ef0ce1a270097,2026-09-20T10:30:00Z,Fiorentina,Napoli,onexbet,totals,Under,2.5,1.91,2026-09-13T10:54:12Z
2026-09-13T1054,65acc2445541a5ed803ef0ce1a270097,2026-09-20T10:30:00Z,Fiorentina,Napoli,skybet,h2h,Fiorentina,,3.25,2026-09-13T10:53:51Z
2026-09-13T1054,65acc2445541a5ed803ef0ce1a270097,2026-09-20T10:30:00Z,Fiorentina,Napoli,skybet,h2h,Napoli,,2.15,2026-09-13T10:53:51Z
2026-09-13T1054,65acc2445541a5ed803ef0ce1a270097,2026-09-20T10:30:00Z,Fiorentina,Napoli,skybet,h2h,Draw,,3.3,2026-09-13T10:53:51Z
2026-09-13T1054,65acc2445541a5ed803ef0ce1a270097,2026-09-20T10:30:00Z,Fiorentina,Napoli,tipico_de,h2h,Fiorentina,,3.3,2026-09-13T10:54:14Z
2026-09-13T1054,65acc2445541a5ed803ef0ce1a270097,2026-09-20T10:30:00Z,Fiorentina,Napoli,tipico_de,h2h,Napoli,,2.2,2026-09-13T10:54:14Z
2026-09-13T1054,65acc2445541a5ed803ef0ce1a270097,2026-09-20T10:30:00Z,Fiorentina,Napoli,tipico_de,h2h,Draw,,3.3,2026-09-13T10:54:14Z
2026-09-13T1054,65acc2445541a5ed803ef0ce1a270097,2026-09-20T10:30:00Z,Fiorentina,Napoli,tipico_de,totals,Over,2.5,1.9,2026-09-13T10:54:14Z
2026-09-13T1054,65acc2445541a5ed803ef0ce1a270097,2026-09-20T10:30:00Z,Fiorentina,Napoli,tipico_de,totals,Under,2.5,1.85,2026-09-13T10:54:14Z
2026-09-13T1054,65acc2445541a5ed803ef0ce1a270097,2026-09-20T10:30:00Z,Fiorentina,Napoli,sport888,h2h,Fiorentina,,3.2,2026-09-13T10:53:28Z
2026-09-13T1054,65acc2445541a5ed803ef0ce1a270097,2026-09-20T10:30:00Z,Fiorentina,Napoli,sport888,h2h,Napoli,,2.15,2026-09-13T10:53:28Z
2026-09-13T1054,65acc2445541a5ed803ef0ce1a270097,2026-09-20T10:30:00Z,Fiorentina,Napoli,sport888,h2h,Draw,,3.2,2026-09-13T10:53:28Z
2026-09-13T1054,65acc2445541a5ed803ef0ce1a270097,2026-09-20T10:30:00Z,Fiorentina,Napoli,williamhill,h2h,Fiorentina,,3.2,2026-09-13T10:53:51Z
2026-09-13T1054,65acc2445541a5ed803ef0ce1a270097,2026-09-20T10:30:00Z,Fiorentina,Napoli,williamhill,h2h,Napoli,,2.15,2026-09-13T10:53:51Z
2026-09-13T1054,65acc2445541a5ed803ef0ce1a270097,2026-09-20T10:30:00Z,Fiorentina,Napoli,williamhill,h2h,Draw,,3.2,2026-09-13T10:53:51Z
2026-09-13T1054,65acc2445541a5ed803ef0ce1a270097,2026-09-20T10:30:00Z,Fiorentina,Napoli,williamhill,totals,Over,2.5,2.0,2026-09-13T10:53:51Z
2026-09-13T1054,65acc2445541a5ed803ef0ce1a270097,2026-09-20T10:30:00Z,Fiorentina,Napoli,williamhill,totals,Under,2.5,1.75,2026-09-13T10:53:51Z
2026-09-13T1054,65acc2445541a5ed803ef0ce1a270097,2026-09-20T10:30:00Z,Fiorentina,Napoli,betsson,h2h,Fiorentina,,3.25,2026-09-13T10:53:31Z
2026-09-13T1054,65acc2445541a5ed803ef0ce1a270097,2026-09-20T10:30:00Z,Fiorentina,Napoli,betsson,h2h,Napoli,,2.15,2026-09-13T10:53:31Z
2026-09-13T1054,65acc2445541a5ed803ef0ce1a270097,2026-09-20T10:30:00Z,Fiorentina,Napoli,betsson,h2h,Draw,,3.4,2026-09-13T10:53:31Z
2026-09-13T1054,65acc2445541a5ed803ef0ce1a270097,2026-09-20T10:30:00Z,Fiorentina,Napoli,betsson,totals,Over,2.5,1.95,2026-09-13T10:53:31Z
2026-09-13T1054,65acc2445541a5ed803ef0ce1a270097,2026-09-20T10:30:00Z,Fiorentina,Napoli,betsson,totals,Under,2.5,1.82,2026-09-13T10:53:31Z
2026-09-13T1054,65acc2445541a5ed803ef0ce1a270097,2026-09-20T10:30:00Z,Fiorentina,Napoli,nordicbet,h2h,Fiorentina,,3.25,2026-09-13T10:52:27Z
2026-09-13T1054,65acc2445541a5ed803ef0ce1a270097,2026-09-20T10:30:00Z,Fiorentina,Napoli,nordicbet,h2h,Napoli,,2.15,2026-09-13T10:52:27Z
2026-09-13T1054,65acc2445541a5ed803ef0ce1a270097,2026-09-20T10:30:00Z,Fiorentina,Napoli,nordicbet,h2h,Draw,,3.4,2026-09-13T10:52:27Z
2026-09-13T1054,65acc2445541a5ed803ef0ce1a270097,2026-09-20T10:30:00Z,Fiorentina,Napoli,nordicbet,totals,Over,2.5,1.95,2026-09-13T10:52:27Z
2026-09-13T1054,65acc2445541a5ed803ef0ce1a270097,2026-09-20T10:30:00Z,Fiorentina,Napoli,nordicbet,totals,Under,2.5,1.82,2026-09-13T10:52:27Z
2026-09-13T1054,65acc2445541a5ed803ef0ce1a270097,2026-09-20T10:30:00Z,Fiorentina,Napoli,marathonbet,h2h,Fiorentina,,3.34,2026-09-13T10:53:53Z
2026-09-13T1054,65acc2445541a5ed803ef0ce1a270097,2026-09-20T10:30:00Z,Fiorentina,Napoli,marathonbet,h2h,Napoli,,2.23,2026-09-13T10:53:53Z
2026-09-13T1054,65acc2445541a5ed803ef0ce1a270097,2026-09-20T10:30:00Z,Fiorentina,Napoli,marathonbet,h2h,Draw,,3.44,2026-09-13T10:53:53Z
2026-09-13T1054,65acc2445541a5ed803ef0ce1a270097,2026-09-20T10:30:00Z,Fiorentina,Napoli,pinnacle,h2h,Fiorentina,,3.27,2026-09-13T10:54:12Z
2026-09-13T1054,65acc2445541a5ed803ef0ce1a270097,2026-09-20T10:30:00Z,Fiorentina,Napoli,pinnacle,h2h,Napoli,,2.21,2026-09-13T10:54:12Z
2026-09-13T1054,65acc2445541a5ed803ef0ce1a270097,2026-09-20T10:30:00Z,Fiorentina,Napoli,pinnacle,h2h,Draw,,3.42,2026-09-13T10:54:12Z
2026-09-13T1054,65acc2445541a5ed803ef0ce1a270097,2026-09-20T10:30:00Z,Fiorentina,Napoli,pinnacle,totals,Over,2.5,1.99,2026-09-13T10:54:12Z
2026-09-13T1054,65acc2445541a5ed803ef0ce1a270097,2026-09-20T10:30:00Z,Fiorentina,Napoli,pinnacle,totals,Under,2.5,1.85,2026-09-13T10:54:12Z
2026-09-13T1054,65acc2445541a5ed803ef0ce1a270097,2026-09-20T10:30:00Z,Fiorentina,Napoli,betway,h2h,Fiorentina,,3.1,2026-09-13T10:53:52Z
2026-09-13T1054,65acc2445541a5ed803ef0ce1a270097,2026-09-20T10:30:00Z,Fiorentina,Napoli,betway,h2h,Napoli,,2.15,2026-09-13T10:53:52Z
2026-09-13T1054,65acc2445541a5ed803ef0ce1a270097,2026-09-20T10:30:00Z,Fiorentina,Napoli,betway,h2h,Draw,,3.4,2026-09-13T10:53:52Z
2026-09-13T1054,65acc2445541a5ed803ef0ce1a270097,2026-09-20T10:30:00Z,Fiorentina,Napoli,betfair_ex_eu,h2h,Fiorentina,,3.4,2026-09-13T10:53:51Z
2026-09-13T1054,65acc2445541a5ed803ef0ce1a270097,2026-09-20T10:30:00Z,Fiorentina,Napoli,betfair_ex_eu,h2h,Napoli,,2.24,2026-09-13T10:53:51Z
2026-09-13T1054,65acc2445541a5ed803ef0ce1a270097,2026-09-20T10:30:00Z,Fiorentina,Napoli,betfair_ex_eu,h2h,Draw,,3.4,2026-09-13T10:53:51Z
2026-09-13T1054,65acc2445541a5ed803ef0ce1a270097,2026-09-20T10:30:00Z,Fiorentina,Napoli,betfair_ex_eu,h2h_lay,Fiorentina,,3.65,2026-09-13T10:53:51Z
2026-09-13T1054,65acc2445541a5ed803ef0ce1a270097,2026-09-20T10:30:00Z,Fiorentina,Napoli,betfair_ex_eu,h2h_lay,Napoli,,2.38,2026-09-13T10:53:51Z
2026-09-13T1054,65acc2445541a5ed803ef0ce1a270097,2026-09-20T10:30:00Z,Fiorentina,Napoli,betfair_ex_eu,h2h_lay,Draw,,3.65,2026-09-13T10:53:51Z
2026-09-13T1054,65acc2445541a5ed803ef0ce1a270097,2026-09-20T10:30:00Z,Fiorentina,Napoli,smarkets,h2h,Fiorentina,,3.35,2026-09-13T10:54:13Z
2026-09-13T1054,65acc2445541a5ed803ef0ce1a270097,2026-09-20T10:30:00Z,Fiorentina,Napoli,smarkets,h2h,Napoli,,2.22,2026-09-13T10:54:13Z
2026-09-13T1054,65acc2445541a5ed803ef0ce1a270097,2026-09-20T10:30:00Z,Fiorentina,Napoli,smarkets,h2h,Draw,,3.35,2026-09-13T10:54:13Z
2026-09-13T1054,65acc2445541a5ed803ef0ce1a270097,2026-09-20T10:30:00Z,Fiorentina,Napoli,smarkets,h2h_lay,Fiorentina,,3.65,2026-09-13T10:54:13Z
2026-09-13T1054,65acc2445541a5ed803ef0ce1a270097,2026-09-20T10:30:00Z,Fiorentina,Napoli,smarkets,h2h_lay,Napoli,,2.38,2026-09-13T10:54:13Z
2026-09-13T1054,65acc2445541a5ed803ef0ce1a270097,2026-09-20T10:30:00Z,Fiorentina,Napoli,smarkets,h2h_lay,Draw,,3.65,2026-09-13T10:54:13Z
2026-09-13T1054,65acc2445541a5ed803ef0ce1a270097,2026-09-20T10:30:00Z,Fiorentina,Napoli,betfair_ex_uk,h2h,Fiorentina,,3.4,2026-09-13T10:54:15Z
2026-09-13T1054,65acc2445541a5ed803ef0ce1a270097,2026-09-20T10:30:00Z,Fiorentina,Napoli,betfair_ex_uk,h2h,Napoli,,2.24,2026-09-13T10:54:15Z
2026-09-13T1054,65acc2445541a5ed803ef0ce1a270097,2026-09-20T10:30:00Z,Fiorentina,Napoli,betfair_ex_uk,h2h,Draw,,3.4,2026-09-13T10:54:15Z
2026-09-13T1054,65acc2445541a5ed803ef0ce1a270097,2026-09-20T10:30:00Z,Fiorentina,Napoli,betfair_ex_uk,h2h_lay,Fiorentina,,3.65,2026-09-13T10:54:15Z
2026-09-13T1054,65acc2445541a5ed803ef0ce1a270097,2026-09-20T10:30:00Z,Fiorentina,Napoli,betfair_ex_uk,h2h_lay,Napoli,,2.38,2026-09-13T10:54:15Z
2026-09-13T1054,65acc2445541a5ed803ef0ce1a270097,2026-09-20T10:30:00Z,Fiorentina,Napoli,betfair_ex_uk,h2h_lay,Draw,,3.65,2026-09-13T10:54:15Z
2026-09-13T1054,65acc2445541a5ed803ef0ce1a270097,2026-09-20T10:30:00Z,Fiorentina,Napoli,boylesports,h2h,Fiorentina,,3.1,2026-09-13T10:53:30Z
2026-09-13T1054,65acc2445541a5ed803ef0ce1a270097,2026-09-20T10:30:00Z,Fiorentina,Napoli,boylesports,h2h,Napoli,,2.1,2026-09-13T10:53:30Z
2026-09-13T1054,65acc2445541a5ed803ef0ce1a270097,2026-09-20T10:30:00Z,Fiorentina,Napoli,boylesports,h2h,Draw,,3.3,2026-09-13T10:53:30Z
2026-09-13T1054,65acc2445541a5ed803ef0ce1a270097,2026-09-20T10:30:00Z,Fiorentina,Napoli,leovegas_se,h2h,Fiorentina,,3.15,2026-09-13T10:54:12Z
2026-09-13T1054,65acc2445541a5ed803ef0ce1a270097,2026-09-20T10:30:00Z,Fiorentina,Napoli,leovegas_se,h2h,Napoli,,2.15,2026-09-13T10:54:12Z
2026-09-13T1054,65acc2445541a5ed803ef0ce1a270097,2026-09-20T10:30:00Z,Fiorentina,Napoli,leovegas_se,h2h,Draw,,3.25,2026-09-13T10:54:12Z
2026-09-13T1054,65acc2445541a5ed803ef0ce1a270097,2026-09-20T10:30:00Z,Fiorentina,Napoli,leovegas_se,totals,Over,2.5,1.89,2026-09-13T10:54:12Z
2026-09-13T1054,65acc2445541a5ed803ef0ce1a270097,2026-09-20T10:30:00Z,Fiorentina,Napoli,leovegas_se,totals,Under,2.5,1.88,2026-09-13T10:54:12Z
2026-09-13T1054,65acc2445541a5ed803ef0ce1a270097,2026-09-20T10:30:00Z,Fiorentina,Napoli,livescorebet,h2h,Fiorentina,,3.1,2026-09-13T10:53:51Z
2026-09-13T1054,65acc2445541a5ed803ef0ce1a270097,2026-09-20T10:30:00Z,Fiorentina,Napoli,livescorebet,h2h,Napoli,,2.12,2026-09-13T10:53:51Z
2026-09-13T1054,65acc2445541a5ed803ef0ce1a270097,2026-09-20T10:30:00Z,Fiorentina,Napoli,livescorebet,h2h,Draw,,3.2,2026-09-13T10:53:51Z
2026-09-13T1054,65acc2445541a5ed803ef0ce1a270097,2026-09-20T10:30:00Z,Fiorentina,Napoli,casumo,h2h,Fiorentina,,3.2,2026-09-13T10:53:51Z
2026-09-13T1054,65acc2445541a5ed803ef0ce1a270097,2026-09-20T10:30:00Z,Fiorentina,Napoli,casumo,h2h,Napoli,,2.18,2026-09-13T10:53:51Z
2026-09-13T1054,65acc2445541a5ed803ef0ce1a270097,2026-09-20T10:30:00Z,Fiorentina,Napoli,casumo,h2h,Draw,,3.3,2026-09-13T10:53:51Z
2026-09-13T1054,65acc2445541a5ed803ef0ce1a270097,2026-09-20T10:30:00Z,Fiorentina,Napoli,casumo,totals,Over,2.5,1.88,2026-09-13T10:53:51Z
2026-09-13T1054,65acc2445541a5ed803ef0ce1a270097,2026-09-20T10:30:00Z,Fiorentina,Napoli,casumo,totals,Under,2.5,1.87,2026-09-13T10:53:51Z
2026-09-13T1054,65acc2445541a5ed803ef0ce1a270097,2026-09-20T10:30:00Z,Fiorentina,Napoli,virginbet,h2h,Fiorentina,,3.1,2026-09-13T10:54:13Z
2026-09-13T1054,65acc2445541a5ed803ef0ce1a270097,2026-09-20T10:30:00Z,Fiorentina,Napoli,virginbet,h2h,Napoli,,2.12,2026-09-13T10:54:13Z
2026-09-13T1054,65acc2445541a5ed803ef0ce1a270097,2026-09-20T10:30:00Z,Fiorentina,Napoli,virginbet,h2h,Draw,,3.2,2026-09-13T10:54:13Z
2026-09-13T1054,65acc2445541a5ed803ef0ce1a270097,2026-09-20T10:30:00Z,Fiorentina,Napoli,unibet_nl,h2h,Fiorentina,,3.3,2026-09-13T10:53:29Z
2026-09-13T1054,65acc2445541a5ed803ef0ce1a270097,2026-09-20T10:30:00Z,Fiorentina,Napoli,unibet_nl,h2h,Napoli,,2.23,2026-09-13T10:53:29Z
2026-09-13T1054,65acc2445541a5ed803ef0ce1a270097,2026-09-20T10:30:00Z,Fiorentina,Napoli,unibet_nl,h2h,Draw,,3.45,2026-09-13T10:53:29Z
2026-09-13T1054,65acc2445541a5ed803ef0ce1a270097,2026-09-20T10:30:00Z,Fiorentina,Napoli,unibet_nl,totals,Over,2.5,1.88,2026-09-13T10:53:29Z
2026-09-13T1054,65acc2445541a5ed803ef0ce1a270097,2026-09-20T10:30:00Z,Fiorentina,Napoli,unibet_nl,totals,Under,2.5,1.87,2026-09-13T10:53:29Z
2026-09-13T1054,65acc2445541a5ed803ef0ce1a270097,2026-09-20T10:30:00Z,Fiorentina,Napoli,unibet_se,h2h,Fiorentina,,3.3,2026-09-13T10:53:29Z
2026-09-13T1054,65acc2445541a5ed803ef0ce1a270097,2026-09-20T10:30:00Z,Fiorentina,Napoli,unibet_se,h2h,Napoli,,2.23,2026-09-13T10:53:29Z
2026-09-13T1054,65acc2445541a5ed803ef0ce1a270097,2026-09-20T10:30:00Z,Fiorentina,Napoli,unibet_se,h2h,Draw,,3.45,2026-09-13T10:53:29Z
2026-09-13T1054,65acc2445541a5ed803ef0ce1a270097,2026-09-20T10:30:00Z,Fiorentina,Napoli,unibet_se,totals,Over,2.5,1.89,2026-09-13T10:53:29Z
2026-09-13T1054,65acc2445541a5ed803ef0ce1a270097,2026-09-20T10:30:00Z,Fiorentina,Napoli,unibet_se,totals,Under,2.5,1.88,2026-09-13T10:53:29Z
2026-09-13T1054,65acc2445541a5ed803ef0ce1a270097,2026-09-20T10:30:00Z,Fiorentina,Napoli,grosvenor,h2h,Fiorentina,,3.3,2026-09-13T10:53:51Z
2026-09-13T1054,65acc2445541a5ed803ef0ce1a270097,2026-09-20T10:30:00Z,Fiorentina,Napoli,grosvenor,h2h,Napoli,,2.23,2026-09-13T10:53:51Z
2026-09-13T1054,65acc2445541a5ed803ef0ce1a270097,2026-09-20T10:30:00Z,Fiorentina,Napoli,grosvenor,h2h,Draw,,3.45,2026-09-13T10:53:51Z
2026-09-13T1054,65acc2445541a5ed803ef0ce1a270097,2026-09-20T10:30:00Z,Fiorentina,Napoli,grosvenor,totals,Over,2.5,1.88,2026-09-13T10:53:51Z
2026-09-13T1054,65acc2445541a5ed803ef0ce1a270097,2026-09-20T10:30:00Z,Fiorentina,Napoli,grosvenor,totals,Under,2.5,1.87,2026-09-13T10:53:51Z
2026-09-13T1054,65acc2445541a5ed803ef0ce1a270097,2026-09-20T10:30:00Z,Fiorentina,Napoli,pmu_fr,h2h,Fiorentina,,3.15,2026-09-13T10:53:29Z
2026-09-13T1054,65acc2445541a5ed803ef0ce1a270097,2026-09-20T10:30:00Z,Fiorentina,Napoli,pmu_fr,h2h,Napoli,,2.16,2026-09-13T10:53:29Z
2026-09-13T1054,65acc2445541a5ed803ef0ce1a270097,2026-09-20T10:30:00Z,Fiorentina,Napoli,pmu_fr,h2h,Draw,,3.3,2026-09-13T10:53:29Z
2026-09-13T1054,65acc2445541a5ed803ef0ce1a270097,2026-09-20T10:30:00Z,Fiorentina,Napoli,pmu_fr,totals,Over,2.5,1.79,2026-09-13T10:53:29Z
2026-09-13T1054,65acc2445541a5ed803ef0ce1a270097,2026-09-20T10:30:00Z,Fiorentina,Napoli,pmu_fr,totals,Under,2.5,1.77,2026-09-13T10:53:29Z
2026-09-13T1054,65acc2445541a5ed803ef0ce1a270097,2026-09-20T10:30:00Z,Fiorentina,Napoli,everygame,h2h,Fiorentina,,3.15,2026-09-13T10:53:03Z
2026-09-13T1054,65acc2445541a5ed803ef0ce1a270097,2026-09-20T10:30:00Z,Fiorentina,Napoli,everygame,h2h,Napoli,,2.15,2026-09-13T10:53:03Z
2026-09-13T1054,65acc2445541a5ed803ef0ce1a270097,2026-09-20T10:30:00Z,Fiorentina,Napoli,everygame,h2h,Draw,,3.3,2026-09-13T10:53:03Z
2026-09-13T1054,f9e4aaa82676652e339be6c9b5ca44fb,2026-09-20T13:00:00Z,Frosinone,Como,leovegas,h2h,Como,,1.53,2026-09-13T10:53:51Z
2026-09-13T1054,f9e4aaa82676652e339be6c9b5ca44fb,2026-09-20T13:00:00Z,Frosinone,Como,leovegas,h2h,Frosinone,,5.4,2026-09-13T10:53:51Z
2026-09-13T1054,f9e4aaa82676652e339be6c9b5ca44fb,2026-09-20T13:00:00Z,Frosinone,Como,leovegas,h2h,Draw,,4.0,2026-09-13T10:53:51Z
2026-09-13T1054,f9e4aaa82676652e339be6c9b5ca44fb,2026-09-20T13:00:00Z,Frosinone,Como,leovegas,totals,Over,2.5,1.55,2026-09-13T10:53:51Z
2026-09-13T1054,f9e4aaa82676652e339be6c9b5ca44fb,2026-09-20T13:00:00Z,Frosinone,Como,leovegas,totals,Under,2.5,2.25,2026-09-13T10:53:51Z
2026-09-13T1054,f9e4aaa82676652e339be6c9b5ca44fb,2026-09-20T13:00:00Z,Frosinone,Como,unibet_uk,h2h,Como,,1.55,2026-09-13T10:53:30Z
2026-09-13T1054,f9e4aaa82676652e339be6c9b5ca44fb,2026-09-20T13:00:00Z,Frosinone,Como,unibet_uk,h2h,Frosinone,,5.75,2026-09-13T10:53:30Z
2026-09-13T1054,f9e4aaa82676652e339be6c9b5ca44fb,2026-09-20T13:00:00Z,Frosinone,Como,unibet_uk,h2h,Draw,,4.0,2026-09-13T10:53:30Z
2026-09-13T1054,f9e4aaa82676652e339be6c9b5ca44fb,2026-09-20T13:00:00Z,Frosinone,Como,winamax_de,h2h,Como,,1.52,2026-09-13T10:52:28Z
2026-09-13T1054,f9e4aaa82676652e339be6c9b5ca44fb,2026-09-20T13:00:00Z,Frosinone,Como,winamax_de,h2h,Frosinone,,5.3,2026-09-13T10:52:28Z
2026-09-13T1054,f9e4aaa82676652e339be6c9b5ca44fb,2026-09-20T13:00:00Z,Frosinone,Como,winamax_de,h2h,Draw,,4.1,2026-09-13T10:52:28Z
2026-09-13T1054,f9e4aaa82676652e339be6c9b5ca44fb,2026-09-20T13:00:00Z,Frosinone,Como,onexbet,h2h,Como,,1.62,2026-09-13T10:54:12Z
2026-09-13T1054,f9e4aaa82676652e339be6c9b5ca44fb,2026-09-20T13:00:00Z,Frosinone,Como,onexbet,h2h,Frosinone,,5.98,2026-09-13T10:54:12Z
2026-09-13T1054,f9e4aaa82676652e339be6c9b5ca44fb,2026-09-20T13:00:00Z,Frosinone,Como,onexbet,h2h,Draw,,4.35,2026-09-13T10:54:12Z
2026-09-13T1054,f9e4aaa82676652e339be6c9b5ca44fb,2026-09-20T13:00:00Z,Frosinone,Como,onexbet,totals,Over,2.5,1.67,2026-09-13T10:54:12Z
2026-09-13T1054,f9e4aaa82676652e339be6c9b5ca44fb,2026-09-20T13:00:00Z,Frosinone,Como,onexbet,totals,Under,2.5,2.41,2026-09-13T10:54:12Z
2026-09-13T1054,f9e4aaa82676652e339be6c9b5ca44fb,2026-09-20T13:00:00Z,Frosinone,Como,unibet_fr,h2h,Como,,1.45,2026-09-13T10:54:13Z
2026-09-13T1054,f9e4aaa82676652e339be6c9b5ca44fb,2026-09-20T13:00:00Z,Frosinone,Como,unibet_fr,h2h,Frosinone,,5.5,2026-09-13T10:54:13Z
2026-09-13T1054,f9e4aaa82676652e339be6c9b5ca44fb,2026-09-20T13:00:00Z,Frosinone,Como,unibet_fr,h2h,Draw,,4.0,2026-09-13T10:54:13Z
2026-09-13T1054,f9e4aaa82676652e339be6c9b5ca44fb,2026-09-20T13:00:00Z,Frosinone,Como,winamax_fr,h2h,Como,,1.46,2026-09-13T10:53:52Z
2026-09-13T1054,f9e4aaa82676652e339be6c9b5ca44fb,2026-09-20T13:00:00Z,Frosinone,Como,winamax_fr,h2h,Frosinone,,4.8,2026-09-13T10:53:52Z
2026-09-13T1054,f9e4aaa82676652e339be6c9b5ca44fb,2026-09-20T13:00:00Z,Frosinone,Como,winamax_fr,h2h,Draw,,3.8,2026-09-13T10:53:52Z
2026-09-13T1054,f9e4aaa82676652e339be6c9b5ca44fb,2026-09-20T13:00:00Z,Frosinone,Como,betclic_fr,h2h,Como,,1.51,2026-09-13T10:52:40Z
2026-09-13T1054,f9e4aaa82676652e339be6c9b5ca44fb,2026-09-20T13:00:00Z,Frosinone,Como,betclic_fr,h2h,Frosinone,,5.6,2026-09-13T10:52:40Z
2026-09-13T1054,f9e4aaa82676652e339be6c9b5ca44fb,2026-09-20T13:00:00Z,Frosinone,Como,betclic_fr,h2h,Draw,,4.0,2026-09-13T10:52:40Z
2026-09-13T1054,f9e4aaa82676652e339be6c9b5ca44fb,2026-09-20T13:00:00Z,Frosinone,Como,paddypower,h2h,Como,,1.5,2026-09-13T10:53:09Z
2026-09-13T1054,f9e4aaa82676652e339be6c9b5ca44fb,2026-09-20T13:00:00Z,Frosinone,Como,paddypower,h2h,Frosinone,,5.5,2026-09-13T10:53:09Z
2026-09-13T1054,f9e4aaa82676652e339be6c9b5ca44fb,2026-09-20T13:00:00Z,Frosinone,Como,paddypower,h2h,Draw,,4.0,2026-09-13T10:53:09Z
2026-09-13T1054,f9e4aaa82676652e339be6c9b5ca44fb,2026-09-20T13:00:00Z,Frosinone,Como,skybet,h2h,Como,,1.53,2026-09-13T10:53:51Z
2026-09-13T1054,f9e4aaa82676652e339be6c9b5ca44fb,2026-09-20T13:00:00Z,Frosinone,Como,skybet,h2h,Frosinone,,5.75,2026-09-13T10:53:51Z
2026-09-13T1054,f9e4aaa82676652e339be6c9b5ca44fb,2026-09-20T13:00:00Z,Frosinone,Como,skybet,h2h,Draw,,4.0,2026-09-13T10:53:51Z
2026-09-13T1054,f9e4aaa82676652e339be6c9b5ca44fb,2026-09-20T13:00:00Z,Frosinone,Como,betfred_uk,h2h,Como,,1.57,2026-09-13T10:54:13Z
2026-09-13T1054,f9e4aaa82676652e339be6c9b5ca44fb,2026-09-20T13:00:00Z,Frosinone,Como,betfred_uk,h2h,Frosinone,,5.5,2026-09-13T10:54:13Z
2026-09-13T1054,f9e4aaa82676652e339be6c9b5ca44fb,2026-09-20T13:00:00Z,Frosinone,Como,betfred_uk,h2h,Draw,,4.33,2026-09-13T10:54:13Z
2026-09-13T1054,f9e4aaa82676652e339be6c9b5ca44fb,2026-09-20T13:00:00Z,Frosinone,Como,tipico_de,h2h,Como,,1.52,2026-09-13T10:54:14Z
2026-09-13T1054,f9e4aaa82676652e339be6c9b5ca44fb,2026-09-20T13:00:00Z,Frosinone,Como,tipico_de,h2h,Frosinone,,6.5,2026-09-13T10:54:14Z
2026-09-13T1054,f9e4aaa82676652e339be6c9b5ca44fb,2026-09-20T13:00:00Z,Frosinone,Como,tipico_de,h2h,Draw,,4.0,2026-09-13T10:54:14Z
2026-09-13T1054,f9e4aaa82676652e339be6c9b5ca44fb,2026-09-20T13:00:00Z,Frosinone,Como,tipico_de,totals,Over,2.5,1.6,2026-09-13T10:54:14Z
2026-09-13T1054,f9e4aaa82676652e339be6c9b5ca44fb,2026-09-20T13:00:00Z,Frosinone,Como,tipico_de,totals,Under,2.5,2.25,2026-09-13T10:54:14Z
2026-09-13T1054,f9e4aaa82676652e339be6c9b5ca44fb,2026-09-20T13:00:00Z,Frosinone,Como,sport888,h2h,Como,,1.53,2026-09-13T10:53:28Z
2026-09-13T1054,f9e4aaa82676652e339be6c9b5ca44fb,2026-09-20T13:00:00Z,Frosinone,Como,sport888,h2h,Frosinone,,5.5,2026-09-13T10:53:28Z
2026-09-13T1054,f9e4aaa82676652e339be6c9b5ca44fb,2026-09-20T13:00:00Z,Frosinone,Como,sport888,h2h,Draw,,3.9,2026-09-13T10:53:28Z
2026-09-13T1054,f9e4aaa82676652e339be6c9b5ca44fb,2026-09-20T13:00:00Z,Frosinone,Como,williamhill,h2h,Como,,1.55,2026-09-13T10:53:51Z
2026-09-13T1054,f9e4aaa82676652e339be6c9b5ca44fb,2026-09-20T13:00:00Z,Frosinone,Como,williamhill,h2h,Frosinone,,5.5,2026-09-13T10:53:51Z
2026-09-13T1054,f9e4aaa82676652e339be6c9b5ca44fb,2026-09-20T13:00:00Z,Frosinone,Como,williamhill,h2h,Draw,,3.9,2026-09-13T10:53:51Z
2026-09-13T1054,f9e4aaa82676652e339be6c9b5ca44fb,2026-09-20T13:00:00Z,Frosinone,Como,williamhill,totals,Over,2.5,1.62,2026-09-13T10:53:51Z
2026-09-13T1054,f9e4aaa82676652e339be6c9b5ca44fb,2026-09-20T13:00:00Z,Frosinone,Como,williamhill,totals,Under,2.5,2.2,2026-09-13T10:53:51Z
2026-09-13T1054,f9e4aaa82676652e339be6c9b5ca44fb,2026-09-20T13:00:00Z,Frosinone,Como,betsson,h2h,Como,,1.58,2026-09-13T10:53:31Z
2026-09-13T1054,f9e4aaa82676652e339be6c9b5ca44fb,2026-09-20T13:00:00Z,Frosinone,Como,betsson,h2h,Frosinone,,5.9,2026-09-13T10:53:31Z
2026-09-13T1054,f9e4aaa82676652e339be6c9b5ca44fb,2026-09-20T13:00:00Z,Frosinone,Como,betsson,h2h,Draw,,3.85,2026-09-13T10:53:31Z
2026-09-13T1054,f9e4aaa82676652e339be6c9b5ca44fb,2026-09-20T13:00:00Z,Frosinone,Como,betsson,totals,Over,2.5,1.62,2026-09-13T10:53:31Z
2026-09-13T1054,f9e4aaa82676652e339be6c9b5ca44fb,2026-09-20T13:00:00Z,Frosinone,Como,betsson,totals,Under,2.5,2.28,2026-09-13T10:53:31Z
2026-09-13T1054,f9e4aaa82676652e339be6c9b5ca44fb,2026-09-20T13:00:00Z,Frosinone,Como,nordicbet,h2h,Como,,1.58,2026-09-13T10:52:27Z
2026-09-13T1054,f9e4aaa82676652e339be6c9b5ca44fb,2026-09-20T13:00:00Z,Frosinone,Como,nordicbet,h2h,Frosinone,,5.9,2026-09-13T10:52:27Z
2026-09-13T1054,f9e4aaa82676652e339be6c9b5ca44fb,2026-09-20T13:00:00Z,Frosinone,Como,nordicbet,h2h,Draw,,3.85,2026-09-13T10:52:27Z
2026-09-13T1054,f9e4aaa82676652e339be6c9b5ca44fb,2026-09-20T13:00:00Z,Frosinone,Como,nordicbet,totals,Over,2.5,1.62,2026-09-13T10:52:27Z
2026-09-13T1054,f9e4aaa82676652e339be6c9b5ca44fb,2026-09-20T13:00:00Z,Frosinone,Como,nordicbet,totals,Under,2.5,2.28,2026-09-13T10:52:27Z
2026-09-13T1054,f9e4aaa82676652e339be6c9b5ca44fb,2026-09-20T13:00:00Z,Frosinone,Como,marathonbet,h2h,Como,,1.58,2026-09-13T10:53:53Z
2026-09-13T1054,f9e4aaa82676652e339be6c9b5ca44fb,2026-09-20T13:00:00Z,Frosinone,Como,marathonbet,h2h,Frosinone,,5.85,2026-09-13T10:53:53Z
2026-09-13T1054,f9e4aaa82676652e339be6c9b5ca44fb,2026-09-20T13:00:00Z,Frosinone,Como,marathonbet,h2h,Draw,,4.25,2026-09-13T10:53:53Z
2026-09-13T1054,f9e4aaa82676652e339be6c9b5ca44fb,2026-09-20T13:00:00Z,Frosinone,Como,betfair_ex_eu,h2h,Como,,1.51,2026-09-13T10:53:51Z
2026-09-13T1054,f9e4aaa82676652e339be6c9b5ca44fb,2026-09-20T13:00:00Z,Frosinone,Como,betfair_ex_eu,h2h,Frosinone,,5.2,2026-09-13T10:53:51Z
2026-09-13T1054,f9e4aaa82676652e339be6c9b5ca44fb,2026-09-20T13:00:00Z,Frosinone,Como,betfair_ex_eu,h2h,Draw,,3.9,2026-09-13T10:53:51Z
2026-09-13T1054,f9e4aaa82676652e339be6c9b5ca44fb,2026-09-20T13:00:00Z,Frosinone,Como,betfair_ex_eu,h2h_lay,Como,,1.68,2026-09-13T10:53:51Z
2026-09-13T1054,f9e4aaa82676652e339be6c9b5ca44fb,2026-09-20T13:00:00Z,Frosinone,Como,betfair_ex_eu,h2h_lay,Frosinone,,8.8,2026-09-13T10:53:51Z
2026-09-13T1054,f9e4aaa82676652e339be6c9b5ca44fb,2026-09-20T13:00:00Z,Frosinone,Como,betfair_ex_eu,h2h_lay,Draw,,5.7,2026-09-13T10:53:51Z
2026-09-13T1054,f9e4aaa82676652e339be6c9b5ca44fb,2026-09-20T13:00:00Z,Frosinone,Como,betfair_ex_uk,h2h,Como,,1.51,2026-09-13T10:54:15Z
2026-09-13T1054,f9e4aaa82676652e339be6c9b5ca44fb,2026-09-20T13:00:00Z,Frosinone,Como,betfair_ex_uk,h2h,Frosinone,,5.2,2026-09-13T10:54:15Z
2026-09-13T1054,f9e4aaa82676652e339be6c9b5ca44fb,2026-09-20T13:00:00Z,Frosinone,Como,betfair_ex_uk,h2h,Draw,,3.9,2026-09-13T10:54:15Z
2026-09-13T1054,f9e4aaa82676652e339be6c9b5ca44fb,2026-09-20T13:00:00Z,Frosinone,Como,betfair_ex_uk,h2h_lay,Como,,1.68,2026-09-13T10:54:15Z
2026-09-13T1054,f9e4aaa82676652e339be6c9b5ca44fb,2026-09-20T13:00:00Z,Frosinone,Como,betfair_ex_uk,h2h_lay,Frosinone,,8.8,2026-09-13T10:54:15Z
2026-09-13T1054,f9e4aaa82676652e339be6c9b5ca44fb,2026-09-20T13:00:00Z,Frosinone,Como,betfair_ex_uk,h2h_lay,Draw,,5.7,2026-09-13T10:54:15Z
2026-09-13T1054,f9e4aaa82676652e339be6c9b5ca44fb,2026-09-20T13:00:00Z,Frosinone,Como,boylesports,h2h,Como,,1.5,2026-09-13T10:53:30Z
2026-09-13T1054,f9e4aaa82676652e339be6c9b5ca44fb,2026-09-20T13:00:00Z,Frosinone,Como,boylesports,h2h,Frosinone,,5.5,2026-09-13T10:53:30Z
2026-09-13T1054,f9e4aaa82676652e339be6c9b5ca44fb,2026-09-20T13:00:00Z,Frosinone,Como,boylesports,h2h,Draw,,4.0,2026-09-13T10:53:30Z
2026-09-13T1054,f9e4aaa82676652e339be6c9b5ca44fb,2026-09-20T13:00:00Z,Frosinone,Como,leovegas_se,h2h,Como,,1.54,2026-09-13T10:54:12Z
2026-09-13T1054,f9e4aaa82676652e339be6c9b5ca44fb,2026-09-20T13:00:00Z,Frosinone,Como,leovegas_se,h2h,Frosinone,,5.4,2026-09-13T10:54:12Z
2026-09-13T1054,f9e4aaa82676652e339be6c9b5ca44fb,2026-09-20T13:00:00Z,Frosinone,Como,leovegas_se,h2h,Draw,,4.3,2026-09-13T10:54:12Z
2026-09-13T1054,f9e4aaa82676652e339be6c9b5ca44fb,2026-09-20T13:00:00Z,Frosinone,Como,unibet_se,h2h,Como,,1.54,2026-09-13T10:53:29Z
2026-09-13T1054,f9e4aaa82676652e339be6c9b5ca44fb,2026-09-20T13:00:00Z,Frosinone,Como,unibet_se,h2h,Frosinone,,5.4,2026-09-13T10:53:29Z
2026-09-13T1054,f9e4aaa82676652e339be6c9b5ca44fb,2026-09-20T13:00:00Z,Frosinone,Como,unibet_se,h2h,Draw,,4.3,2026-09-13T10:53:29Z
2026-09-13T1054,f9e4aaa82676652e339be6c9b5ca44fb,2026-09-20T13:00:00Z,Frosinone,Como,casumo,h2h,Como,,1.54,2026-09-13T10:53:51Z
2026-09-13T1054,f9e4aaa82676652e339be6c9b5ca44fb,2026-09-20T13:00:00Z,Frosinone,Como,casumo,h2h,Frosinone,,5.4,2026-09-13T10:53:51Z
2026-09-13T1054,f9e4aaa82676652e339be6c9b5ca44fb,2026-09-20T13:00:00Z,Frosinone,Como,casumo,h2h,Draw,,4.3,2026-09-13T10:53:51Z
2026-09-13T1054,f9e4aaa82676652e339be6c9b5ca44fb,2026-09-20T13:00:00Z,Frosinone,Como,virginbet,h2h,Como,,1.5,2026-09-13T10:54:13Z
2026-09-13T1054,f9e4aaa82676652e339be6c9b5ca44fb,2026-09-20T13:00:00Z,Frosinone,Como,virginbet,h2h,Frosinone,,5.1,2026-09-13T10:54:13Z
2026-09-13T1054,f9e4aaa82676652e339be6c9b5ca44fb,2026-09-20T13:00:00Z,Frosinone,Como,virginbet,h2h,Draw,,4.1,2026-09-13T10:54:13Z
2026-09-13T1054,f9e4aaa82676652e339be6c9b5ca44fb,2026-09-20T13:00:00Z,Frosinone,Como,pmu_fr,h2h,Como,,1.54,2026-09-13T10:53:29Z
2026-09-13T1054,f9e4aaa82676652e339be6c9b5ca44fb,2026-09-20T13:00:00Z,Frosinone,Como,pmu_fr,h2h,Frosinone,,5.4,2026-09-13T10:53:29Z
2026-09-13T1054,f9e4aaa82676652e339be6c9b5ca44fb,2026-09-20T13:00:00Z,Frosinone,Como,pmu_fr,h2h,Draw,,4.3,2026-09-13T10:53:29Z
2026-09-13T1054,f9e4aaa82676652e339be6c9b5ca44fb,2026-09-20T13:00:00Z,Frosinone,Como,unibet_nl,h2h,Como,,1.54,2026-09-13T10:53:29Z
2026-09-13T1054,f9e4aaa82676652e339be6c9b5ca44fb,2026-09-20T13:00:00Z,Frosinone,Como,unibet_nl,h2h,Frosinone,,5.4,2026-09-13T10:53:29Z
2026-09-13T1054,f9e4aaa82676652e339be6c9b5ca44fb,2026-09-20T13:00:00Z,Frosinone,Como,unibet_nl,h2h,Draw,,4.3,2026-09-13T10:53:29Z
2026-09-13T1054,f9e4aaa82676652e339be6c9b5ca44fb,2026-09-20T13:00:00Z,Frosinone,Como,grosvenor,h2h,Como,,1.54,2026-09-13T10:53:51Z
2026-09-13T1054,f9e4aaa82676652e339be6c9b5ca44fb,2026-09-20T13:00:00Z,Frosinone,Como,grosvenor,h2h,Frosinone,,5.4,2026-09-13T10:53:51Z
2026-09-13T1054,f9e4aaa82676652e339be6c9b5ca44fb,2026-09-20T13:00:00Z,Frosinone,Como,grosvenor,h2h,Draw,,4.3,2026-09-13T10:53:51Z
2026-09-13T1054,f9e4aaa82676652e339be6c9b5ca44fb,2026-09-20T13:00:00Z,Frosinone,Como,livescorebet,h2h,Como,,1.5,2026-09-13T10:53:51Z
2026-09-13T1054,f9e4aaa82676652e339be6c9b5ca44fb,2026-09-20T13:00:00Z,Frosinone,Como,livescorebet,h2h,Frosinone,,5.1,2026-09-13T10:53:51Z
2026-09-13T1054,f9e4aaa82676652e339be6c9b5ca44fb,2026-09-20T13:00:00Z,Frosinone,Como,livescorebet,h2h,Draw,,4.1,2026-09-13T10:53:51Z
2026-09-13T1054,f9e4aaa82676652e339be6c9b5ca44fb,2026-09-20T13:00:00Z,Frosinone,Como,betway,h2h,Como,,1.53,2026-09-13T10:53:52Z
2026-09-13T1054,f9e4aaa82676652e339be6c9b5ca44fb,2026-09-20T13:00:00Z,Frosinone,Como,betway,h2h,Frosinone,,5.75,2026-09-13T10:53:52Z
2026-09-13T1054,f9e4aaa82676652e339be6c9b5ca44fb,2026-09-20T13:00:00Z,Frosinone,Como,betway,h2h,Draw,,4.0,2026-09-13T10:53:52Z
2026-09-13T1054,f9e4aaa82676652e339be6c9b5ca44fb,2026-09-20T13:00:00Z,Frosinone,Como,smarkets,h2h,Como,,1.5,2026-09-13T10:54:13Z
2026-09-13T1054,f9e4aaa82676652e339be6c9b5ca44fb,2026-09-20T13:00:00Z,Frosinone,Como,smarkets,h2h,Frosinone,,5.1,2026-09-13T10:54:13Z
2026-09-13T1054,f9e4aaa82676652e339be6c9b5ca44fb,2026-09-20T13:00:00Z,Frosinone,Como,smarkets,h2h,Draw,,3.85,2026-09-13T10:54:13Z
2026-09-13T1054,f9e4aaa82676652e339be6c9b5ca44fb,2026-09-20T13:00:00Z,Frosinone,Como,smarkets,h2h_lay,Como,,1.69,2026-09-13T10:54:13Z
2026-09-13T1054,f9e4aaa82676652e339be6c9b5ca44fb,2026-09-20T13:00:00Z,Frosinone,Como,smarkets,h2h_lay,Frosinone,,8.8,2026-09-13T10:54:13Z
2026-09-13T1054,f9e4aaa82676652e339be6c9b5ca44fb,2026-09-20T13:00:00Z,Frosinone,Como,smarkets,h2h_lay,Draw,,5.7,2026-09-13T10:54:13Z
2026-09-13T1054,f9e4aaa82676652e339be6c9b5ca44fb,2026-09-20T13:00:00Z,Frosinone,Como,pinnacle,h2h,Como,,1.55,2026-09-13T10:54:12Z
2026-09-13T1054,f9e4aaa82676652e339be6c9b5ca44fb,2026-09-20T13:00:00Z,Frosinone,Como,pinnacle,h2h,Frosinone,,6.15,2026-09-13T10:54:12Z
2026-09-13T1054,f9e4aaa82676652e339be6c9b5ca44fb,2026-09-20T13:00:00Z,Frosinone,Como,pinnacle,h2h,Draw,,4.04,2026-09-13T10:54:12Z
2026-09-13T1054,f9e4aaa82676652e339be6c9b5ca44fb,2026-09-20T13:00:00Z,Frosinone,Como,everygame,h2h,Como,,1.53,2026-09-13T10:53:03Z
2026-09-13T1054,f9e4aaa82676652e339be6c9b5ca44fb,2026-09-20T13:00:00Z,Frosinone,Como,everygame,h2h,Frosinone,,5.75,2026-09-13T10:53:03Z
2026-09-13T1054,f9e4aaa82676652e339be6c9b5ca44fb,2026-09-20T13:00:00Z,Frosinone,Como,everygame,h2h,Draw,,3.85,2026-09-13T10:53:03Z
2026-09-13T1054,a48070d7ed928431ebe0d8ca2d6a8540,2026-09-20T13:00:00Z,Parma,Genoa,winamax_de,h2h,Genoa,,2.45,2026-09-13T10:52:28Z
2026-09-13T1054,a48070d7ed928431ebe0d8ca2d6a8540,2026-09-20T13:00:00Z,Parma,Genoa,winamax_de,h2h,Parma,,2.9,2026-09-13T10:52:28Z
2026-09-13T1054,a48070d7ed928431ebe0d8ca2d6a8540,2026-09-20T13:00:00Z,Parma,Genoa,winamax_de,h2h,Draw,,3.0,2026-09-13T10:52:28Z
2026-09-13T1054,a48070d7ed928431ebe0d8ca2d6a8540,2026-09-20T13:00:00Z,Parma,Genoa,onexbet,h2h,Genoa,,2.65,2026-09-13T10:54:12Z
2026-09-13T1054,a48070d7ed928431ebe0d8ca2d6a8540,2026-09-20T13:00:00Z,Parma,Genoa,onexbet,h2h,Parma,,3.19,2026-09-13T10:54:12Z
2026-09-13T1054,a48070d7ed928431ebe0d8ca2d6a8540,2026-09-20T13:00:00Z,Parma,Genoa,onexbet,h2h,Draw,,3.08,2026-09-13T10:54:12Z
2026-09-13T1054,a48070d7ed928431ebe0d8ca2d6a8540,2026-09-20T13:00:00Z,Parma,Genoa,betclic_fr,h2h,Genoa,,2.43,2026-09-13T10:52:40Z
2026-09-13T1054,a48070d7ed928431ebe0d8ca2d6a8540,2026-09-20T13:00:00Z,Parma,Genoa,betclic_fr,h2h,Parma,,2.95,2026-09-13T10:52:40Z
2026-09-13T1054,a48070d7ed928431ebe0d8ca2d6a8540,2026-09-20T13:00:00Z,Parma,Genoa,betclic_fr,h2h,Draw,,2.95,2026-09-13T10:52:40Z
2026-09-13T1054,a48070d7ed928431ebe0d8ca2d6a8540,2026-09-20T13:00:00Z,Parma,Genoa,betfred_uk,h2h,Genoa,,2.5,2026-09-13T10:54:13Z
2026-09-13T1054,a48070d7ed928431ebe0d8ca2d6a8540,2026-09-20T13:00:00Z,Parma,Genoa,betfred_uk,h2h,Parma,,3.0,2026-09-13T10:54:13Z
2026-09-13T1054,a48070d7ed928431ebe0d8ca2d6a8540,2026-09-20T13:00:00Z,Parma,Genoa,betfred_uk,h2h,Draw,,3.1,2026-09-13T10:54:13Z
2026-09-13T1054,a48070d7ed928431ebe0d8ca2d6a8540,2026-09-20T13:00:00Z,Parma,Genoa,winamax_fr,h2h,Genoa,,2.3,2026-09-13T10:53:52Z
2026-09-13T1054,a48070d7ed928431ebe0d8ca2d6a8540,2026-09-20T13:00:00Z,Parma,Genoa,winamax_fr,h2h,Parma,,2.7,2026-09-13T10:53:52Z
2026-09-13T1054,a48070d7ed928431ebe0d8ca2d6a8540,2026-09-20T13:00:00Z,Parma,Genoa,winamax_fr,h2h,Draw,,2.8,2026-09-13T10:53:52Z
2026-09-13T1054,a48070d7ed928431ebe0d8ca2d6a8540,2026-09-20T13:00:00Z,Parma,Genoa,leovegas,h2h,Genoa,,2.45,2026-09-13T10:53:51Z
2026-09-13T1054,a48070d7ed928431ebe0d8ca2d6a8540,2026-09-20T13:00:00Z,Parma,Genoa,leovegas,h2h,Parma,,2.9,2026-09-13T10:53:51Z
2026-09-13T1054,a48070d7ed928431ebe0d8ca2d6a8540,2026-09-20T13:00:00Z,Parma,Genoa,leovegas,h2h,Draw,,2.95,2026-09-13T10:53:51Z
2026-09-13T1054,a48070d7ed928431ebe0d8ca2d6a8540,2026-09-20T13:00:00Z,Parma,Genoa,leovegas,totals,Over,2.5,2.4,2026-09-13T10:53:51Z
2026-09-13T1054,a48070d7ed928431ebe0d8ca2d6a8540,2026-09-20T13:00:00Z,Parma,Genoa,leovegas,totals,Under,2.5,1.48,2026-09-13T10:53:51Z
2026-09-13T1054,a48070d7ed928431ebe0d8ca2d6a8540,2026-09-20T13:00:00Z,Parma,Genoa,unibet_uk,h2h,Genoa,,2.5,2026-09-13T10:53:30Z
2026-09-13T1054,a48070d7ed928431ebe0d8ca2d6a8540,2026-09-20T13:00:00Z,Parma,Genoa,unibet_uk,h2h,Parma,,3.0,2026-09-13T10:53:30Z
2026-09-13T1054,a48070d7ed928431ebe0d8ca2d6a8540,2026-09-20T13:00:00Z,Parma,Genoa,unibet_uk,h2h,Draw,,3.0,2026-09-13T10:53:30Z
2026-09-13T1054,a48070d7ed928431ebe0d8ca2d6a8540,2026-09-20T13:00:00Z,Parma,Genoa,unibet_fr,h2h,Genoa,,2.3,2026-09-13T10:54:13Z
2026-09-13T1054,a48070d7ed928431ebe0d8ca2d6a8540,2026-09-20T13:00:00Z,Parma,Genoa,unibet_fr,h2h,Parma,,2.95,2026-09-13T10:54:13Z
2026-09-13T1054,a48070d7ed928431ebe0d8ca2d6a8540,2026-09-20T13:00:00Z,Parma,Genoa,unibet_fr,h2h,Draw,,2.9,2026-09-13T10:54:13Z
2026-09-13T1054,a48070d7ed928431ebe0d8ca2d6a8540,2026-09-20T13:00:00Z,Parma,Genoa,paddypower,h2h,Genoa,,2.45,2026-09-13T10:53:09Z
2026-09-13T1054,a48070d7ed928431ebe0d8ca2d6a8540,2026-09-20T13:00:00Z,Parma,Genoa,paddypower,h2h,Parma,,2.88,2026-09-13T10:53:09Z
2026-09-13T1054,a48070d7ed928431ebe0d8ca2d6a8540,2026-09-20T13:00:00Z,Parma,Genoa,paddypower,h2h,Draw,,3.0,2026-09-13T10:53:09Z
2026-09-13T1054,a48070d7ed928431ebe0d8ca2d6a8540,2026-09-20T13:00:00Z,Parma,Genoa,skybet,h2h,Genoa,,2.5,2026-09-13T10:53:51Z
2026-09-13T1054,a48070d7ed928431ebe0d8ca2d6a8540,2026-09-20T13:00:00Z,Parma,Genoa,skybet,h2h,Parma,,2.9,2026-09-13T10:53:51Z
2026-09-13T1054,a48070d7ed928431ebe0d8ca2d6a8540,2026-09-20T13:00:00Z,Parma,Genoa,skybet,h2h,Draw,,3.1,2026-09-13T10:53:51Z
2026-09-13T1054,a48070d7ed928431ebe0d8ca2d6a8540,2026-09-20T13:00:00Z,Parma,Genoa,tipico_de,h2h,Genoa,,2.55,2026-09-13T10:54:14Z
2026-09-13T1054,a48070d7ed928431ebe0d8ca2d6a8540,2026-09-20T13:00:00Z,Parma,Genoa,tipico_de,h2h,Parma,,3.1,2026-09-13T10:54:14Z
2026-09-13T1054,a48070d7ed928431ebe0d8ca2d6a8540,2026-09-20T13:00:00Z,Parma,Genoa,tipico_de,h2h,Draw,,2.9,2026-09-13T10:54:14Z
2026-09-13T1054,a48070d7ed928431ebe0d8ca2d6a8540,2026-09-20T13:00:00Z,Parma,Genoa,tipico_de,totals,Over,2.5,2.5,2026-09-13T10:54:14Z
2026-09-13T1054,a48070d7ed928431ebe0d8ca2d6a8540,2026-09-20T13:00:00Z,Parma,Genoa,tipico_de,totals,Under,2.5,1.5,2026-09-13T10:54:14Z
2026-09-13T1054,a48070d7ed928431ebe0d8ca2d6a8540,2026-09-20T13:00:00Z,Parma,Genoa,sport888,h2h,Genoa,,2.5,2026-09-13T10:53:28Z
2026-09-13T1054,a48070d7ed928431ebe0d8ca2d6a8540,2026-09-20T13:00:00Z,Parma,Genoa,sport888,h2h,Parma,,3.0,2026-09-13T10:53:28Z
2026-09-13T1054,a48070d7ed928431ebe0d8ca2d6a8540,2026-09-20T13:00:00Z,Parma,Genoa,sport888,h2h,Draw,,2.8,2026-09-13T10:53:28Z
2026-09-13T1054,a48070d7ed928431ebe0d8ca2d6a8540,2026-09-20T13:00:00Z,Parma,Genoa,williamhill,h2h,Genoa,,2.5,2026-09-13T10:53:51Z
2026-09-13T1054,a48070d7ed928431ebe0d8ca2d6a8540,2026-09-20T13:00:00Z,Parma,Genoa,williamhill,h2h,Parma,,3.0,2026-09-13T10:53:51Z
2026-09-13T1054,a48070d7ed928431ebe0d8ca2d6a8540,2026-09-20T13:00:00Z,Parma,Genoa,williamhill,h2h,Draw,,2.8,2026-09-13T10:53:51Z
2026-09-13T1054,a48070d7ed928431ebe0d8ca2d6a8540,2026-09-20T13:00:00Z,Parma,Genoa,williamhill,totals,Over,2.5,2.45,2026-09-13T10:53:51Z
2026-09-13T1054,a48070d7ed928431ebe0d8ca2d6a8540,2026-09-20T13:00:00Z,Parma,Genoa,williamhill,totals,Under,2.5,1.5,2026-09-13T10:53:51Z
2026-09-13T1054,a48070d7ed928431ebe0d8ca2d6a8540,2026-09-20T13:00:00Z,Parma,Genoa,betsson,h2h,Genoa,,2.55,2026-09-13T10:53:31Z
2026-09-13T1054,a48070d7ed928431ebe0d8ca2d6a8540,2026-09-20T13:00:00Z,Parma,Genoa,betsson,h2h,Parma,,2.95,2026-09-13T10:53:31Z
2026-09-13T1054,a48070d7ed928431ebe0d8ca2d6a8540,2026-09-20T13:00:00Z,Parma,Genoa,betsson,h2h,Draw,,3.0,2026-09-13T10:53:31Z
2026-09-13T1054,a48070d7ed928431ebe0d8ca2d6a8540,2026-09-20T13:00:00Z,Parma,Genoa,betsson,totals,Over,2.5,2.58,2026-09-13T10:53:31Z
2026-09-13T1054,a48070d7ed928431ebe0d8ca2d6a8540,2026-09-20T13:00:00Z,Parma,Genoa,betsson,totals,Under,2.5,1.49,2026-09-13T10:53:31Z
2026-09-13T1054,a48070d7ed928431ebe0d8ca2d6a8540,2026-09-20T13:00:00Z,Parma,Genoa,nordicbet,h2h,Genoa,,2.55,2026-09-13T10:52:27Z
2026-09-13T1054,a48070d7ed928431ebe0d8ca2d6a8540,2026-09-20T13:00:00Z,Parma,Genoa,nordicbet,h2h,Parma,,2.95,2026-09-13T10:52:27Z
2026-09-13T1054,a48070d7ed928431ebe0d8ca2d6a8540,2026-09-20T13:00:00Z,Parma,Genoa,nordicbet,h2h,Draw,,3.0,2026-09-13T10:52:27Z
2026-09-13T1054,a48070d7ed928431ebe0d8ca2d6a8540,2026-09-20T13:00:00Z,Parma,Genoa,nordicbet,totals,Over,2.5,2.58,2026-09-13T10:52:27Z
2026-09-13T1054,a48070d7ed928431ebe0d8ca2d6a8540,2026-09-20T13:00:00Z,Parma,Genoa,nordicbet,totals,Under,2.5,1.49,2026-09-13T10:52:27Z
2026-09-13T1054,a48070d7ed928431ebe0d8ca2d6a8540,2026-09-20T13:00:00Z,Parma,Genoa,marathonbet,h2h,Genoa,,2.59,2026-09-13T10:53:53Z
2026-09-13T1054,a48070d7ed928431ebe0d8ca2d6a8540,2026-09-20T13:00:00Z,Parma,Genoa,marathonbet,h2h,Parma,,3.12,2026-09-13T10:53:53Z
2026-09-13T1054,a48070d7ed928431ebe0d8ca2d6a8540,2026-09-20T13:00:00Z,Parma,Genoa,marathonbet,h2h,Draw,,3.02,2026-09-13T10:53:53Z
2026-09-13T1054,a48070d7ed928431ebe0d8ca2d6a8540,2026-09-20T13:00:00Z,Parma,Genoa,smarkets,h2h,Genoa,,2.62,2026-09-13T10:54:13Z
2026-09-13T1054,a48070d7ed928431ebe0d8ca2d6a8540,2026-09-20T13:00:00Z,Parma,Genoa,smarkets,h2h,Parma,,3.1,2026-09-13T10:54:13Z
2026-09-13T1054,a48070d7ed928431ebe0d8ca2d6a8540,2026-09-20T13:00:00Z,Parma,Genoa,smarkets,h2h,Draw,,2.9,2026-09-13T10:54:13Z
2026-09-13T1054,a48070d7ed928431ebe0d8ca2d6a8540,2026-09-20T13:00:00Z,Parma,Genoa,smarkets,h2h_lay,Genoa,,2.86,2026-09-13T10:54:13Z
2026-09-13T1054,a48070d7ed928431ebe0d8ca2d6a8540,2026-09-20T13:00:00Z,Parma,Genoa,smarkets,h2h_lay,Parma,,3.45,2026-09-13T10:54:13Z
2026-09-13T1054,a48070d7ed928431ebe0d8ca2d6a8540,2026-09-20T13:00:00Z,Parma,Genoa,smarkets,h2h_lay,Draw,,3.2,2026-09-13T10:54:13Z
2026-09-13T1054,a48070d7ed928431ebe0d8ca2d6a8540,2026-09-20T13:00:00Z,Parma,Genoa,pinnacle,h2h,Genoa,,2.58,2026-09-13T10:54:12Z
2026-09-13T1054,a48070d7ed928431ebe0d8ca2d6a8540,2026-09-20T13:00:00Z,Parma,Genoa,pinnacle,h2h,Parma,,3.13,2026-09-13T10:54:12Z
2026-09-13T1054,a48070d7ed928431ebe0d8ca2d6a8540,2026-09-20T13:00:00Z,Parma,Genoa,pinnacle,h2h,Draw,,2.91,2026-09-13T10:54:12Z
2026-09-13T1054,a48070d7ed928431ebe0d8ca2d6a8540,2026-09-20T13:00:00Z,Parma,Genoa,betway,h2h,Genoa,,2.5,2026-09-13T10:53:52Z
2026-09-13T1054,a48070d7ed928431ebe0d8ca2d6a8540,2026-09-20T13:00:00Z,Parma,Genoa,betway,h2h,Parma,,2.9,2026-09-13T10:53:52Z
2026-09-13T1054,a48070d7ed928431ebe0d8ca2d6a8540,2026-09-20T13:00:00Z,Parma,Genoa,betway,h2h,Draw,,2.9,2026-09-13T10:53:52Z
2026-09-13T1054,a48070d7ed928431ebe0d8ca2d6a8540,2026-09-20T13:00:00Z,Parma,Genoa,betfair_ex_eu,h2h,Genoa,,2.64,2026-09-13T10:53:51Z
2026-09-13T1054,a48070d7ed928431ebe0d8ca2d6a8540,2026-09-20T13:00:00Z,Parma,Genoa,betfair_ex_eu,h2h,Parma,,3.15,2026-09-13T10:53:51Z
2026-09-13T1054,a48070d7ed928431ebe0d8ca2d6a8540,2026-09-20T13:00:00Z,Parma,Genoa,betfair_ex_eu,h2h,Draw,,2.92,2026-09-13T10:53:51Z
2026-09-13T1054,a48070d7ed928431ebe0d8ca2d6a8540,2026-09-20T13:00:00Z,Parma,Genoa,betfair_ex_eu,h2h_lay,Genoa,,2.86,2026-09-13T10:53:51Z
2026-09-13T1054,a48070d7ed928431ebe0d8ca2d6a8540,2026-09-20T13:00:00Z,Parma,Genoa,betfair_ex_eu,h2h_lay,Parma,,3.45,2026-09-13T10:53:51Z
2026-09-13T1054,a48070d7ed928431ebe0d8ca2d6a8540,2026-09-20T13:00:00Z,Parma,Genoa,betfair_ex_eu,h2h_lay,Draw,,3.2,2026-09-13T10:53:51Z
2026-09-13T1054,a48070d7ed928431ebe0d8ca2d6a8540,2026-09-20T13:00:00Z,Parma,Genoa,betfair_ex_uk,h2h,Genoa,,2.64,2026-09-13T10:54:15Z
2026-09-13T1054,a48070d7ed928431ebe0d8ca2d6a8540,2026-09-20T13:00:00Z,Parma,Genoa,betfair_ex_uk,h2h,Parma,,3.15,2026-09-13T10:54:15Z
2026-09-13T1054,a48070d7ed928431ebe0d8ca2d6a8540,2026-09-20T13:00:00Z,Parma,Genoa,betfair_ex_uk,h2h,Draw,,2.92,2026-09-13T10:54:15Z
2026-09-13T1054,a48070d7ed928431ebe0d8ca2d6a8540,2026-09-20T13:00:00Z,Parma,Genoa,betfair_ex_uk,h2h_lay,Genoa,,2.86,2026-09-13T10:54:15Z
2026-09-13T1054,a48070d7ed928431ebe0d8ca2d6a8540,2026-09-20T13:00:00Z,Parma,Genoa,betfair_ex_uk,h2h_lay,Parma,,3.45,2026-09-13T10:54:15Z
2026-09-13T1054,a48070d7ed928431ebe0d8ca2d6a8540,2026-09-20T13:00:00Z,Parma,Genoa,betfair_ex_uk,h2h_lay,Draw,,3.2,2026-09-13T10:54:15Z
2026-09-13T1054,a48070d7ed928431ebe0d8ca2d6a8540,2026-09-20T13:00:00Z,Parma,Genoa,boylesports,h2h,Genoa,,2.4,2026-09-13T10:53:30Z
2026-09-13T1054,a48070d7ed928431ebe0d8ca2d6a8540,2026-09-20T13:00:00Z,Parma,Genoa,boylesports,h2h,Parma,,2.9,2026-09-13T10:53:30Z
2026-09-13T1054,a48070d7ed928431ebe0d8ca2d6a8540,2026-09-20T13:00:00Z,Parma,Genoa,boylesports,h2h,Draw,,2.9,2026-09-13T10:53:30Z
2026-09-13T1054,a48070d7ed928431ebe0d8ca2d6a8540,2026-09-20T13:00:00Z,Parma,Genoa,leovegas_se,h2h,Genoa,,2.48,2026-09-13T10:54:12Z
2026-09-13T1054,a48070d7ed928431ebe0d8ca2d6a8540,2026-09-20T13:00:00Z,Parma,Genoa,leovegas_se,h2h,Parma,,3.0,2026-09-13T10:54:12Z
2026-09-13T1054,a48070d7ed928431ebe0d8ca2d6a8540,2026-09-20T13:00:00Z,Parma,Genoa,leovegas_se,h2h,Draw,,3.0,2026-09-13T10:54:12Z
2026-09-13T1054,a48070d7ed928431ebe0d8ca2d6a8540,2026-09-20T13:00:00Z,Parma,Genoa,leovegas_se,totals,Over,2.5,2.55,2026-09-13T10:54:12Z
2026-09-13T1054,a48070d7ed928431ebe0d8ca2d6a8540,2026-09-20T13:00:00Z,Parma,Genoa,leovegas_se,totals,Under,2.5,1.5,2026-09-13T10:54:12Z
2026-09-13T1054,a48070d7ed928431ebe0d8ca2d6a8540,2026-09-20T13:00:00Z,Parma,Genoa,virginbet,h2h,Genoa,,2.4,2026-09-13T10:54:13Z
2026-09-13T1054,a48070d7ed928431ebe0d8ca2d6a8540,2026-09-20T13:00:00Z,Parma,Genoa,virginbet,h2h,Parma,,2.9,2026-09-13T10:54:13Z
2026-09-13T1054,a48070d7ed928431ebe0d8ca2d6a8540,2026-09-20T13:00:00Z,Parma,Genoa,virginbet,h2h,Draw,,2.9,2026-09-13T10:54:13Z
2026-09-13T1054,a48070d7ed928431ebe0d8ca2d6a8540,2026-09-20T13:00:00Z,Parma,Genoa,casumo,h2h,Genoa,,2.48,2026-09-13T10:53:51Z
2026-09-13T1054,a48070d7ed928431ebe0d8ca2d6a8540,2026-09-20T13:00:00Z,Parma,Genoa,casumo,h2h,Parma,,3.0,2026-09-13T10:53:51Z
2026-09-13T1054,a48070d7ed928431ebe0d8ca2d6a8540,2026-09-20T13:00:00Z,Parma,Genoa,casumo,h2h,Draw,,3.0,2026-09-13T10:53:51Z
2026-09-13T1054,a48070d7ed928431ebe0d8ca2d6a8540,2026-09-20T13:00:00Z,Parma,Genoa,casumo,totals,Over,2.5,2.5,2026-09-13T10:53:51Z
2026-09-13T1054,a48070d7ed928431ebe0d8ca2d6a8540,2026-09-20T13:00:00Z,Parma,Genoa,casumo,totals,Under,2.5,1.5,2026-09-13T10:53:51Z
2026-09-13T1054,a48070d7ed928431ebe0d8ca2d6a8540,2026-09-20T13:00:00Z,Parma,Genoa,pmu_fr,h2h,Genoa,,2.48,2026-09-13T10:53:29Z
2026-09-13T1054,a48070d7ed928431ebe0d8ca2d6a8540,2026-09-20T13:00:00Z,Parma,Genoa,pmu_fr,h2h,Parma,,3.0,2026-09-13T10:53:29Z
2026-09-13T1054,a48070d7ed928431ebe0d8ca2d6a8540,2026-09-20T13:00:00Z,Parma,Genoa,pmu_fr,h2h,Draw,,3.0,2026-09-13T10:53:29Z
2026-09-13T1054,a48070d7ed928431ebe0d8ca2d6a8540,2026-09-20T13:00:00Z,Parma,Genoa,pmu_fr,totals,Over,2.5,2.38,2026-09-13T10:53:29Z
2026-09-13T1054,a48070d7ed928431ebe0d8ca2d6a8540,2026-09-20T13:00:00Z,Parma,Genoa,pmu_fr,totals,Under,2.5,1.42,2026-09-13T10:53:29Z
2026-09-13T1054,a48070d7ed928431ebe0d8ca2d6a8540,2026-09-20T13:00:00Z,Parma,Genoa,livescorebet,h2h,Genoa,,2.4,2026-09-13T10:53:51Z
2026-09-13T1054,a48070d7ed928431ebe0d8ca2d6a8540,2026-09-20T13:00:00Z,Parma,Genoa,livescorebet,h2h,Parma,,2.9,2026-09-13T10:53:51Z
2026-09-13T1054,a48070d7ed928431ebe0d8ca2d6a8540,2026-09-20T13:00:00Z,Parma,Genoa,livescorebet,h2h,Draw,,2.9,2026-09-13T10:53:51Z
2026-09-13T1054,a48070d7ed928431ebe0d8ca2d6a8540,2026-09-20T13:00:00Z,Parma,Genoa,unibet_se,h2h,Genoa,,2.48,2026-09-13T10:53:29Z
2026-09-13T1054,a48070d7ed928431ebe0d8ca2d6a8540,2026-09-20T13:00:00Z,Parma,Genoa,unibet_se,h2h,Parma,,3.0,2026-09-13T10:53:29Z
2026-09-13T1054,a48070d7ed928431ebe0d8ca2d6a8540,2026-09-20T13:00:00Z,Parma,Genoa,unibet_se,h2h,Draw,,3.0,2026-09-13T10:53:29Z
2026-09-13T1054,a48070d7ed928431ebe0d8ca2d6a8540,2026-09-20T13:00:00Z,Parma,Genoa,unibet_se,totals,Over,2.5,2.55,2026-09-13T10:53:29Z
2026-09-13T1054,a48070d7ed928431ebe0d8ca2d6a8540,2026-09-20T13:00:00Z,Parma,Genoa,unibet_se,totals,Under,2.5,1.5,2026-09-13T10:53:29Z
2026-09-13T1054,a48070d7ed928431ebe0d8ca2d6a8540,2026-09-20T13:00:00Z,Parma,Genoa,unibet_nl,h2h,Genoa,,2.48,2026-09-13T10:53:29Z
2026-09-13T1054,a48070d7ed928431ebe0d8ca2d6a8540,2026-09-20T13:00:00Z,Parma,Genoa,unibet_nl,h2h,Parma,,3.0,2026-09-13T10:53:29Z
2026-09-13T1054,a48070d7ed928431ebe0d8ca2d6a8540,2026-09-20T13:00:00Z,Parma,Genoa,unibet_nl,h2h,Draw,,3.0,2026-09-13T10:53:29Z
2026-09-13T1054,a48070d7ed928431ebe0d8ca2d6a8540,2026-09-20T13:00:00Z,Parma,Genoa,unibet_nl,totals,Over,2.5,2.5,2026-09-13T10:53:29Z
2026-09-13T1054,a48070d7ed928431ebe0d8ca2d6a8540,2026-09-20T13:00:00Z,Parma,Genoa,unibet_nl,totals,Under,2.5,1.5,2026-09-13T10:53:29Z
2026-09-13T1054,a48070d7ed928431ebe0d8ca2d6a8540,2026-09-20T13:00:00Z,Parma,Genoa,grosvenor,h2h,Genoa,,2.48,2026-09-13T10:53:51Z
2026-09-13T1054,a48070d7ed928431ebe0d8ca2d6a8540,2026-09-20T13:00:00Z,Parma,Genoa,grosvenor,h2h,Parma,,3.0,2026-09-13T10:53:51Z
2026-09-13T1054,a48070d7ed928431ebe0d8ca2d6a8540,2026-09-20T13:00:00Z,Parma,Genoa,grosvenor,h2h,Draw,,3.0,2026-09-13T10:53:51Z
2026-09-13T1054,a48070d7ed928431ebe0d8ca2d6a8540,2026-09-20T13:00:00Z,Parma,Genoa,grosvenor,totals,Over,2.5,2.5,2026-09-13T10:53:51Z
2026-09-13T1054,a48070d7ed928431ebe0d8ca2d6a8540,2026-09-20T13:00:00Z,Parma,Genoa,grosvenor,totals,Under,2.5,1.5,2026-09-13T10:53:51Z
2026-09-13T1054,a48070d7ed928431ebe0d8ca2d6a8540,2026-09-20T13:00:00Z,Parma,Genoa,everygame,h2h,Genoa,,2.5,2026-09-13T10:53:03Z
2026-09-13T1054,a48070d7ed928431ebe0d8ca2d6a8540,2026-09-20T13:00:00Z,Parma,Genoa,everygame,h2h,Parma,,3.0,2026-09-13T10:53:03Z
2026-09-13T1054,a48070d7ed928431ebe0d8ca2d6a8540,2026-09-20T13:00:00Z,Parma,Genoa,everygame,h2h,Draw,,2.8,2026-09-13T10:53:03Z
2026-09-13T1054,58ed47e545ec3e4235ed8c1955cfdd42,2026-09-20T16:00:00Z,Juventus,Atalanta BC,paddypower,h2h,Atalanta BC,,4.75,2026-09-13T10:53:09Z
2026-09-13T1054,58ed47e545ec3e4235ed8c1955cfdd42,2026-09-20T16:00:00Z,Juventus,Atalanta BC,paddypower,h2h,Juventus,,1.6,2026-09-13T10:53:09Z
2026-09-13T1054,58ed47e545ec3e4235ed8c1955cfdd42,2026-09-20T16:00:00Z,Juventus,Atalanta BC,paddypower,h2h,Draw,,4.0,2026-09-13T10:53:09Z
2026-09-13T1054,58ed47e545ec3e4235ed8c1955cfdd42,2026-09-20T16:00:00Z,Juventus,Atalanta BC,betfred_uk,h2h,Atalanta BC,,5.0,2026-09-13T10:54:13Z
2026-09-13T1054,58ed47e545ec3e4235ed8c1955cfdd42,2026-09-20T16:00:00Z,Juventus,Atalanta BC,betfred_uk,h2h,Juventus,,1.62,2026-09-13T10:54:13Z
2026-09-13T1054,58ed47e545ec3e4235ed8c1955cfdd42,2026-09-20T16:00:00Z,Juventus,Atalanta BC,betfred_uk,h2h,Draw,,4.2,2026-09-13T10:54:13Z
2026-09-13T1054,58ed47e545ec3e4235ed8c1955cfdd42,2026-09-20T16:00:00Z,Juventus,Atalanta BC,leovegas,h2h,Atalanta BC,,4.9,2026-09-13T10:53:51Z
2026-09-13T1054,58ed47e545ec3e4235ed8c1955cfdd42,2026-09-20T16:00:00Z,Juventus,Atalanta BC,leovegas,h2h,Juventus,,1.58,2026-09-13T10:53:51Z
2026-09-13T1054,58ed47e545ec3e4235ed8c1955cfdd42,2026-09-20T16:00:00Z,Juventus,Atalanta BC,leovegas,h2h,Draw,,3.9,2026-09-13T10:53:51Z
2026-09-13T1054,58ed47e545ec3e4235ed8c1955cfdd42,2026-09-20T16:00:00Z,Juventus,Atalanta BC,leovegas,totals,Over,2.5,1.67,2026-09-13T10:53:51Z
2026-09-13T1054,58ed47e545ec3e4235ed8c1955cfdd42,2026-09-20T16:00:00Z,Juventus,Atalanta BC,leovegas,totals,Under,2.5,2.05,2026-09-13T10:53:51Z
2026-09-13T1054,58ed47e545ec3e4235ed8c1955cfdd42,2026-09-20T16:00:00Z,Juventus,Atalanta BC,winamax_de,h2h,Atalanta BC,,4.8,2026-09-13T10:52:28Z
2026-09-13T1054,58ed47e545ec3e4235ed8c1955cfdd42,2026-09-20T16:00:00Z,Juventus,Atalanta BC,winamax_de,h2h,Juventus,,1.58,2026-09-13T10:52:28Z
2026-09-13T1054,58ed47e545ec3e4235ed8c1955cfdd42,2026-09-20T16:00:00Z,Juventus,Atalanta BC,winamax_de,h2h,Draw,,4.0,2026-09-13T10:52:28Z
2026-09-13T1054,58ed47e545ec3e4235ed8c1955cfdd42,2026-09-20T16:00:00Z,Juventus,Atalanta BC,winamax_fr,h2h,Atalanta BC,,4.4,2026-09-13T10:53:52Z
2026-09-13T1054,58ed47e545ec3e4235ed8c1955cfdd42,2026-09-20T16:00:00Z,Juventus,Atalanta BC,winamax_fr,h2h,Juventus,,1.52,2026-09-13T10:53:52Z
2026-09-13T1054,58ed47e545ec3e4235ed8c1955cfdd42,2026-09-20T16:00:00Z,Juventus,Atalanta BC,winamax_fr,h2h,Draw,,3.7,2026-09-13T10:53:52Z
2026-09-13T1054,58ed47e545ec3e4235ed8c1955cfdd42,2026-09-20T16:00:00Z,Juventus,Atalanta BC,unibet_uk,h2h,Atalanta BC,,5.0,2026-09-13T10:53:30Z
2026-09-13T1054,58ed47e545ec3e4235ed8c1955cfdd42,2026-09-20T16:00:00Z,Juventus,Atalanta BC,unibet_uk,h2h,Juventus,,1.62,2026-09-13T10:53:30Z
2026-09-13T1054,58ed47e545ec3e4235ed8c1955cfdd42,2026-09-20T16:00:00Z,Juventus,Atalanta BC,unibet_uk,h2h,Draw,,4.0,2026-09-13T10:53:30Z
2026-09-13T1054,58ed47e545ec3e4235ed8c1955cfdd42,2026-09-20T16:00:00Z,Juventus,Atalanta BC,onexbet,h2h,Atalanta BC,,5.42,2026-09-13T10:54:12Z
2026-09-13T1054,58ed47e545ec3e4235ed8c1955cfdd42,2026-09-20T16:00:00Z,Juventus,Atalanta BC,onexbet,h2h,Juventus,,1.69,2026-09-13T10:54:12Z
2026-09-13T1054,58ed47e545ec3e4235ed8c1955cfdd42,2026-09-20T16:00:00Z,Juventus,Atalanta BC,onexbet,h2h,Draw,,4.2,2026-09-13T10:54:12Z
2026-09-13T1054,58ed47e545ec3e4235ed8c1955cfdd42,2026-09-20T16:00:00Z,Juventus,Atalanta BC,onexbet,totals,Over,2.5,1.79,2026-09-13T10:54:12Z
2026-09-13T1054,58ed47e545ec3e4235ed8c1955cfdd42,2026-09-20T16:00:00Z,Juventus,Atalanta BC,onexbet,totals,Under,2.5,2.19,2026-09-13T10:54:12Z
2026-09-13T1054,58ed47e545ec3e4235ed8c1955cfdd42,2026-09-20T16:00:00Z,Juventus,Atalanta BC,skybet,h2h,Atalanta BC,,5.0,2026-09-13T10:53:51Z
2026-09-13T1054,58ed47e545ec3e4235ed8c1955cfdd42,2026-09-20T16:00:00Z,Juventus,Atalanta BC,skybet,h2h,Juventus,,1.62,2026-09-13T10:53:51Z
2026-09-13T1054,58ed47e545ec3e4235ed8c1955cfdd42,2026-09-20T16:00:00Z,Juventus,Atalanta BC,skybet,h2h,Draw,,4.0,2026-09-13T10:53:51Z
2026-09-13T1054,58ed47e545ec3e4235ed8c1955cfdd42,2026-09-20T16:00:00Z,Juventus,Atalanta BC,unibet_fr,h2h,Atalanta BC,,5.0,2026-09-13T10:54:13Z
2026-09-13T1054,58ed47e545ec3e4235ed8c1955cfdd42,2026-09-20T16:00:00Z,Juventus,Atalanta BC,unibet_fr,h2h,Juventus,,1.51,2026-09-13T10:54:13Z
2026-09-13T1054,58ed47e545ec3e4235ed8c1955cfdd42,2026-09-20T16:00:00Z,Juventus,Atalanta BC,unibet_fr,h2h,Draw,,3.9,2026-09-13T10:54:13Z
2026-09-13T1054,58ed47e545ec3e4235ed8c1955cfdd42,2026-09-20T16:00:00Z,Juventus,Atalanta BC,betclic_fr,h2h,Atalanta BC,,5.0,2026-09-13T10:52:40Z
2026-09-13T1054,58ed47e545ec3e4235ed8c1955cfdd42,2026-09-20T16:00:00Z,Juventus,Atalanta BC,betclic_fr,h2h,Juventus,,1.57,2026-09-13T10:52:40Z
2026-09-13T1054,58ed47e545ec3e4235ed8c1955cfdd42,2026-09-20T16:00:00Z,Juventus,Atalanta BC,betclic_fr,h2h,Draw,,3.93,2026-09-13T10:52:40Z
2026-09-13T1054,58ed47e545ec3e4235ed8c1955cfdd42,2026-09-20T16:00:00Z,Juventus,Atalanta BC,tipico_de,h2h,Atalanta BC,,5.2,2026-09-13T10:54:14Z
2026-09-13T1054,58ed47e545ec3e4235ed8c1955cfdd42,2026-09-20T16:00:00Z,Juventus,Atalanta BC,tipico_de,h2h,Juventus,,1.6,2026-09-13T10:54:14Z
2026-09-13T1054,58ed47e545ec3e4235ed8c1955cfdd42,2026-09-20T16:00:00Z,Juventus,Atalanta BC,tipico_de,h2h,Draw,,4.1,2026-09-13T10:54:14Z
2026-09-13T1054,58ed47e545ec3e4235ed8c1955cfdd42,2026-09-20T16:00:00Z,Juventus,Atalanta BC,tipico_de,totals,Over,2.5,1.72,2026-09-13T10:54:14Z
2026-09-13T1054,58ed47e545ec3e4235ed8c1955cfdd42,2026-09-20T16:00:00Z,Juventus,Atalanta BC,tipico_de,totals,Under,2.5,2.05,2026-09-13T10:54:14Z
2026-09-13T1054,58ed47e545ec3e4235ed8c1955cfdd42,2026-09-20T16:00:00Z,Juventus,Atalanta BC,sport888,h2h,Atalanta BC,,4.8,2026-09-13T10:53:28Z
2026-09-13T1054,58ed47e545ec3e4235ed8c1955cfdd42,2026-09-20T16:00:00Z,Juventus,Atalanta BC,sport888,h2h,Juventus,,1.61,2026-09-13T10:53:28Z
2026-09-13T1054,58ed47e545ec3e4235ed8c1955cfdd42,2026-09-20T16:00:00Z,Juventus,Atalanta BC,sport888,h2h,Draw,,3.8,2026-09-13T10:53:28Z
2026-09-13T1054,58ed47e545ec3e4235ed8c1955cfdd42,2026-09-20T16:00:00Z,Juventus,Atalanta BC,williamhill,h2h,Atalanta BC,,4.8,2026-09-13T10:53:51Z
2026-09-13T1054,58ed47e545ec3e4235ed8c1955cfdd42,2026-09-20T16:00:00Z,Juventus,Atalanta BC,williamhill,h2h,Juventus,,1.62,2026-09-13T10:53:51Z
2026-09-13T1054,58ed47e545ec3e4235ed8c1955cfdd42,2026-09-20T16:00:00Z,Juventus,Atalanta BC,williamhill,h2h,Draw,,3.8,2026-09-13T10:53:51Z
2026-09-13T1054,58ed47e545ec3e4235ed8c1955cfdd42,2026-09-20T16:00:00Z,Juventus,Atalanta BC,williamhill,totals,Over,2.5,1.73,2026-09-13T10:53:51Z
2026-09-13T1054,58ed47e545ec3e4235ed8c1955cfdd42,2026-09-20T16:00:00Z,Juventus,Atalanta BC,williamhill,totals,Under,2.5,2.05,2026-09-13T10:53:51Z
2026-09-13T1054,58ed47e545ec3e4235ed8c1955cfdd42,2026-09-20T16:00:00Z,Juventus,Atalanta BC,betsson,h2h,Atalanta BC,,5.4,2026-09-13T10:53:31Z
2026-09-13T1054,58ed47e545ec3e4235ed8c1955cfdd42,2026-09-20T16:00:00Z,Juventus,Atalanta BC,betsson,h2h,Juventus,,1.62,2026-09-13T10:53:31Z
2026-09-13T1054,58ed47e545ec3e4235ed8c1955cfdd42,2026-09-20T16:00:00Z,Juventus,Atalanta BC,betsson,h2h,Draw,,3.85,2026-09-13T10:53:31Z
2026-09-13T1054,58ed47e545ec3e4235ed8c1955cfdd42,2026-09-20T16:00:00Z,Juventus,Atalanta BC,betsson,totals,Over,2.5,1.75,2026-09-13T10:53:31Z
2026-09-13T1054,58ed47e545ec3e4235ed8c1955cfdd42,2026-09-20T16:00:00Z,Juventus,Atalanta BC,betsson,totals,Under,2.5,2.02,2026-09-13T10:53:31Z
2026-09-13T1054,58ed47e545ec3e4235ed8c1955cfdd42,2026-09-20T16:00:00Z,Juventus,Atalanta BC,nordicbet,h2h,Atalanta BC,,5.4,2026-09-13T10:52:27Z
2026-09-13T1054,58ed47e545ec3e4235ed8c1955cfdd42,2026-09-20T16:00:00Z,Juventus,Atalanta BC,nordicbet,h2h,Juventus,,1.62,2026-09-13T10:52:27Z
2026-09-13T1054,58ed47e545ec3e4235ed8c1955cfdd42,2026-09-20T16:00:00Z,Juventus,Atalanta BC,nordicbet,h2h,Draw,,3.85,2026-09-13T10:52:27Z
2026-09-13T1054,58ed47e545ec3e4235ed8c1955cfdd42,2026-09-20T16:00:00Z,Juventus,Atalanta BC,nordicbet,totals,Over,2.5,1.75,2026-09-13T10:52:27Z
2026-09-13T1054,58ed47e545ec3e4235ed8c1955cfdd42,2026-09-20T16:00:00Z,Juventus,Atalanta BC,nordicbet,totals,Under,2.5,2.02,2026-09-13T10:52:27Z
2026-09-13T1054,58ed47e545ec3e4235ed8c1955cfdd42,2026-09-20T16:00:00Z,Juventus,Atalanta BC,marathonbet,h2h,Atalanta BC,,5.3,2026-09-13T10:53:53Z
2026-09-13T1054,58ed47e545ec3e4235ed8c1955cfdd42,2026-09-20T16:00:00Z,Juventus,Atalanta BC,marathonbet,h2h,Juventus,,1.65,2026-09-13T10:53:53Z
2026-09-13T1054,58ed47e545ec3e4235ed8c1955cfdd42,2026-09-20T16:00:00Z,Juventus,Atalanta BC,marathonbet,h2h,Draw,,4.1,2026-09-13T10:53:53Z
2026-09-13T1054,58ed47e545ec3e4235ed8c1955cfdd42,2026-09-20T16:00:00Z,Juventus,Atalanta BC,smarkets,h2h,Atalanta BC,,4.6,2026-09-13T10:54:13Z
2026-09-13T1054,58ed47e545ec3e4235ed8c1955cfdd42,2026-09-20T16:00:00Z,Juventus,Atalanta BC,smarkets,h2h,Juventus,,1.56,2026-09-13T10:54:13Z
2026-09-13T1054,58ed47e545ec3e4235ed8c1955cfdd42,2026-09-20T16:00:00Z,Juventus,Atalanta BC,smarkets,h2h,Draw,,3.65,2026-09-13T10:54:13Z
2026-09-13T1054,58ed47e545ec3e4235ed8c1955cfdd42,2026-09-20T16:00:00Z,Juventus,Atalanta BC,smarkets,h2h_lay,Atalanta BC,,7.2,2026-09-13T10:54:13Z
2026-09-13T1054,58ed47e545ec3e4235ed8c1955cfdd42,2026-09-20T16:00:00Z,Juventus,Atalanta BC,smarkets,h2h_lay,Juventus,,1.71,2026-09-13T10:54:13Z
2026-09-13T1054,58ed47e545ec3e4235ed8c1955cfdd42,2026-09-20T16:00:00Z,Juventus,Atalanta BC,smarkets,h2h_lay,Draw,,5.3,2026-09-13T10:54:13Z
2026-09-13T1054,58ed47e545ec3e4235ed8c1955cfdd42,2026-09-20T16:00:00Z,Juventus,Atalanta BC,pinnacle,h2h,Atalanta BC,,5.2,2026-09-13T10:54:12Z
2026-09-13T1054,58ed47e545ec3e4235ed8c1955cfdd42,2026-09-20T16:00:00Z,Juventus,Atalanta BC,pinnacle,h2h,Juventus,,1.64,2026-09-13T10:54:12Z
2026-09-13T1054,58ed47e545ec3e4235ed8c1955cfdd42,2026-09-20T16:00:00Z,Juventus,Atalanta BC,pinnacle,h2h,Draw,,3.97,2026-09-13T10:54:12Z
2026-09-13T1054,58ed47e545ec3e4235ed8c1955cfdd42,2026-09-20T16:00:00Z,Juventus,Atalanta BC,betway,h2h,Atalanta BC,,4.75,2026-09-13T10:53:52Z
2026-09-13T1054,58ed47e545ec3e4235ed8c1955cfdd42,2026-09-20T16:00:00Z,Juventus,Atalanta BC,betway,h2h,Juventus,,1.61,2026-09-13T10:53:52Z
2026-09-13T1054,58ed47e545ec3e4235ed8c1955cfdd42,2026-09-20T16:00:00Z,Juventus,Atalanta BC,betway,h2h,Draw,,4.0,2026-09-13T10:53:52Z
2026-09-13T1054,58ed47e545ec3e4235ed8c1955cfdd42,2026-09-20T16:00:00Z,Juventus,Atalanta BC,betfair_ex_eu,h2h,Atalanta BC,,4.7,2026-09-13T10:53:51Z
2026-09-13T1054,58ed47e545ec3e4235ed8c1955cfdd42,2026-09-20T16:00:00Z,Juventus,Atalanta BC,betfair_ex_eu,h2h,Juventus,,1.58,2026-09-13T10:53:51Z
2026-09-13T1054,58ed47e545ec3e4235ed8c1955cfdd42,2026-09-20T16:00:00Z,Juventus,Atalanta BC,betfair_ex_eu,h2h,Draw,,3.7,2026-09-13T10:53:51Z
2026-09-13T1054,58ed47e545ec3e4235ed8c1955cfdd42,2026-09-20T16:00:00Z,Juventus,Atalanta BC,betfair_ex_eu,h2h_lay,Atalanta BC,,7.2,2026-09-13T10:53:51Z
2026-09-13T1054,58ed47e545ec3e4235ed8c1955cfdd42,2026-09-20T16:00:00Z,Juventus,Atalanta BC,betfair_ex_eu,h2h_lay,Juventus,,1.71,2026-09-13T10:53:51Z
2026-09-13T1054,58ed47e545ec3e4235ed8c1955cfdd42,2026-09-20T16:00:00Z,Juventus,Atalanta BC,betfair_ex_eu,h2h_lay,Draw,,5.3,2026-09-13T10:53:51Z
2026-09-13T1054,58ed47e545ec3e4235ed8c1955cfdd42,2026-09-20T16:00:00Z,Juventus,Atalanta BC,betfair_ex_uk,h2h,Atalanta BC,,4.7,2026-09-13T10:54:15Z
2026-09-13T1054,58ed47e545ec3e4235ed8c1955cfdd42,2026-09-20T16:00:00Z,Juventus,Atalanta BC,betfair_ex_uk,h2h,Juventus,,1.58,2026-09-13T10:54:15Z
2026-09-13T1054,58ed47e545ec3e4235ed8c1955cfdd42,2026-09-20T16:00:00Z,Juventus,Atalanta BC,betfair_ex_uk,h2h,Draw,,3.7,2026-09-13T10:54:15Z
2026-09-13T1054,58ed47e545ec3e4235ed8c1955cfdd42,2026-09-20T16:00:00Z,Juventus,Atalanta BC,betfair_ex_uk,h2h_lay,Atalanta BC,,7.2,2026-09-13T10:54:15Z
2026-09-13T1054,58ed47e545ec3e4235ed8c1955cfdd42,2026-09-20T16:00:00Z,Juventus,Atalanta BC,betfair_ex_uk,h2h_lay,Juventus,,1.71,2026-09-13T10:54:15Z
2026-09-13T1054,58ed47e545ec3e4235ed8c1955cfdd42,2026-09-20T16:00:00Z,Juventus,Atalanta BC,betfair_ex_uk,h2h_lay,Draw,,5.3,2026-09-13T10:54:15Z
2026-09-13T1054,58ed47e545ec3e4235ed8c1955cfdd42,2026-09-20T16:00:00Z,Juventus,Atalanta BC,boylesports,h2h,Atalanta BC,,4.75,2026-09-13T10:53:30Z
2026-09-13T1054,58ed47e545ec3e4235ed8c1955cfdd42,2026-09-20T16:00:00Z,Juventus,Atalanta BC,boylesports,h2h,Juventus,,1.57,2026-09-13T10:53:30Z
2026-09-13T1054,58ed47e545ec3e4235ed8c1955cfdd42,2026-09-20T16:00:00Z,Juventus,Atalanta BC,boylesports,h2h,Draw,,3.8,2026-09-13T10:53:30Z
2026-09-13T1054,58ed47e545ec3e4235ed8c1955cfdd42,2026-09-20T16:00:00Z,Juventus,Atalanta BC,livescorebet,h2h,Atalanta BC,,5.1,2026-09-13T10:53:51Z
2026-09-13T1054,58ed47e545ec3e4235ed8c1955cfdd42,2026-09-20T16:00:00Z,Juventus,Atalanta BC,livescorebet,h2h,Juventus,,1.55,2026-09-13T10:53:51Z
2026-09-13T1054,58ed47e545ec3e4235ed8c1955cfdd42,2026-09-20T16:00:00Z,Juventus,Atalanta BC,livescorebet,h2h,Draw,,3.8,2026-09-13T10:53:51Z
2026-09-13T1054,58ed47e545ec3e4235ed8c1955cfdd42,2026-09-20T16:00:00Z,Juventus,Atalanta BC,grosvenor,h2h,Atalanta BC,,5.4,2026-09-13T10:53:51Z
2026-09-13T1054,58ed47e545ec3e4235ed8c1955cfdd42,2026-09-20T16:00:00Z,Juventus,Atalanta BC,grosvenor,h2h,Juventus,,1.57,2026-09-13T10:53:51Z
2026-09-13T1054,58ed47e545ec3e4235ed8c1955cfdd42,2026-09-20T16:00:00Z,Juventus,Atalanta BC,grosvenor,h2h,Draw,,4.0,2026-09-13T10:53:51Z
2026-09-13T1054,58ed47e545ec3e4235ed8c1955cfdd42,2026-09-20T16:00:00Z,Juventus,Atalanta BC,grosvenor,totals,Over,2.5,1.7,2026-09-13T10:53:51Z
2026-09-13T1054,58ed47e545ec3e4235ed8c1955cfdd42,2026-09-20T16:00:00Z,Juventus,Atalanta BC,grosvenor,totals,Under,2.5,2.1,2026-09-13T10:53:51Z
2026-09-13T1054,58ed47e545ec3e4235ed8c1955cfdd42,2026-09-20T16:00:00Z,Juventus,Atalanta BC,casumo,h2h,Atalanta BC,,5.4,2026-09-13T10:53:51Z
2026-09-13T1054,58ed47e545ec3e4235ed8c1955cfdd42,2026-09-20T16:00:00Z,Juventus,Atalanta BC,casumo,h2h,Juventus,,1.57,2026-09-13T10:53:51Z
2026-09-13T1054,58ed47e545ec3e4235ed8c1955cfdd42,2026-09-20T16:00:00Z,Juventus,Atalanta BC,casumo,h2h,Draw,,4.0,2026-09-13T10:53:51Z
2026-09-13T1054,58ed47e545ec3e4235ed8c1955cfdd42,2026-09-20T16:00:00Z,Juventus,Atalanta BC,casumo,totals,Over,2.5,1.7,2026-09-13T10:53:51Z
2026-09-13T1054,58ed47e545ec3e4235ed8c1955cfdd42,2026-09-20T16:00:00Z,Juventus,Atalanta BC,casumo,totals,Under,2.5,2.1,2026-09-13T10:53:51Z
2026-09-13T1054,58ed47e545ec3e4235ed8c1955cfdd42,2026-09-20T16:00:00Z,Juventus,Atalanta BC,virginbet,h2h,Atalanta BC,,5.1,2026-09-13T10:54:13Z
2026-09-13T1054,58ed47e545ec3e4235ed8c1955cfdd42,2026-09-20T16:00:00Z,Juventus,Atalanta BC,virginbet,h2h,Juventus,,1.55,2026-09-13T10:54:13Z
2026-09-13T1054,58ed47e545ec3e4235ed8c1955cfdd42,2026-09-20T16:00:00Z,Juventus,Atalanta BC,virginbet,h2h,Draw,,3.8,2026-09-13T10:54:13Z
2026-09-13T1054,58ed47e545ec3e4235ed8c1955cfdd42,2026-09-20T16:00:00Z,Juventus,Atalanta BC,unibet_se,h2h,Atalanta BC,,5.4,2026-09-13T10:53:29Z
2026-09-13T1054,58ed47e545ec3e4235ed8c1955cfdd42,2026-09-20T16:00:00Z,Juventus,Atalanta BC,unibet_se,h2h,Juventus,,1.57,2026-09-13T10:53:29Z
2026-09-13T1054,58ed47e545ec3e4235ed8c1955cfdd42,2026-09-20T16:00:00Z,Juventus,Atalanta BC,unibet_se,h2h,Draw,,4.0,2026-09-13T10:53:29Z
2026-09-13T1054,58ed47e545ec3e4235ed8c1955cfdd42,2026-09-20T16:00:00Z,Juventus,Atalanta BC,unibet_se,totals,Over,2.5,1.72,2026-09-13T10:53:29Z
2026-09-13T1054,58ed47e545ec3e4235ed8c1955cfdd42,2026-09-20T16:00:00Z,Juventus,Atalanta BC,unibet_se,totals,Under,2.5,2.1,2026-09-13T10:53:29Z
2026-09-13T1054,58ed47e545ec3e4235ed8c1955cfdd42,2026-09-20T16:00:00Z,Juventus,Atalanta BC,unibet_nl,h2h,Atalanta BC,,5.4,2026-09-13T10:53:29Z
2026-09-13T1054,58ed47e545ec3e4235ed8c1955cfdd42,2026-09-20T16:00:00Z,Juventus,Atalanta BC,unibet_nl,h2h,Juventus,,1.57,2026-09-13T10:53:29Z
2026-09-13T1054,58ed47e545ec3e4235ed8c1955cfdd42,2026-09-20T16:00:00Z,Juventus,Atalanta BC,unibet_nl,h2h,Draw,,4.0,2026-09-13T10:53:29Z
2026-09-13T1054,58ed47e545ec3e4235ed8c1955cfdd42,2026-09-20T16:00:00Z,Juventus,Atalanta BC,unibet_nl,totals,Over,2.5,1.7,2026-09-13T10:53:29Z
2026-09-13T1054,58ed47e545ec3e4235ed8c1955cfdd42,2026-09-20T16:00:00Z,Juventus,Atalanta BC,unibet_nl,totals,Under,2.5,2.1,2026-09-13T10:53:29Z
2026-09-13T1054,58ed47e545ec3e4235ed8c1955cfdd42,2026-09-20T16:00:00Z,Juventus,Atalanta BC,pmu_fr,h2h,Atalanta BC,,5.4,2026-09-13T10:53:29Z
2026-09-13T1054,58ed47e545ec3e4235ed8c1955cfdd42,2026-09-20T16:00:00Z,Juventus,Atalanta BC,pmu_fr,h2h,Juventus,,1.57,2026-09-13T10:53:29Z
2026-09-13T1054,58ed47e545ec3e4235ed8c1955cfdd42,2026-09-20T16:00:00Z,Juventus,Atalanta BC,pmu_fr,h2h,Draw,,4.0,2026-09-13T10:53:29Z
2026-09-13T1054,58ed47e545ec3e4235ed8c1955cfdd42,2026-09-20T16:00:00Z,Juventus,Atalanta BC,pmu_fr,totals,Over,2.5,1.61,2026-09-13T10:53:29Z
2026-09-13T1054,58ed47e545ec3e4235ed8c1955cfdd42,2026-09-20T16:00:00Z,Juventus,Atalanta BC,pmu_fr,totals,Under,2.5,1.97,2026-09-13T10:53:29Z
2026-09-13T1054,58ed47e545ec3e4235ed8c1955cfdd42,2026-09-20T16:00:00Z,Juventus,Atalanta BC,leovegas_se,h2h,Atalanta BC,,5.4,2026-09-13T10:54:12Z
2026-09-13T1054,58ed47e545ec3e4235ed8c1955cfdd42,2026-09-20T16:00:00Z,Juventus,Atalanta BC,leovegas_se,h2h,Juventus,,1.57,2026-09-13T10:54:12Z
2026-09-13T1054,58ed47e545ec3e4235ed8c1955cfdd42,2026-09-20T16:00:00Z,Juventus,Atalanta BC,leovegas_se,h2h,Draw,,4.0,2026-09-13T10:54:12Z
2026-09-13T1054,58ed47e545ec3e4235ed8c1955cfdd42,2026-09-20T16:00:00Z,Juventus,Atalanta BC,leovegas_se,totals,Over,2.5,1.72,2026-09-13T10:54:12Z
2026-09-13T1054,58ed47e545ec3e4235ed8c1955cfdd42,2026-09-20T16:00:00Z,Juventus,Atalanta BC,leovegas_se,totals,Under,2.5,2.1,2026-09-13T10:54:12Z
2026-09-13T1054,58ed47e545ec3e4235ed8c1955cfdd42,2026-09-20T16:00:00Z,Juventus,Atalanta BC,everygame,h2h,Atalanta BC,,5.0,2026-09-13T10:53:03Z
2026-09-13T1054,58ed47e545ec3e4235ed8c1955cfdd42,2026-09-20T16:00:00Z,Juventus,Atalanta BC,everygame,h2h,Juventus,,1.6,2026-09-13T10:53:03Z
2026-09-13T1054,58ed47e545ec3e4235ed8c1955cfdd42,2026-09-20T16:00:00Z,Juventus,Atalanta BC,everygame,h2h,Draw,,3.85,2026-09-13T10:53:03Z
2026-09-13T1054,32989e446cccc9a7f71ece00c93da57c,2026-09-20T18:45:00Z,AC Milan,Lecce,leovegas,h2h,AC Milan,,1.32,2026-09-13T10:53:51Z
2026-09-13T1054,32989e446cccc9a7f71ece00c93da57c,2026-09-20T18:45:00Z,AC Milan,Lecce,leovegas,h2h,Lecce,,8.0,2026-09-13T10:53:51Z
2026-09-13T1054,32989e446cccc9a7f71ece00c93da57c,2026-09-20T18:45:00Z,AC Milan,Lecce,leovegas,h2h,Draw,,4.8,2026-09-13T10:53:51Z
2026-09-13T1054,32989e446cccc9a7f71ece00c93da57c,2026-09-20T18:45:00Z,AC Milan,Lecce,leovegas,totals,Over,2.5,1.73,2026-09-13T10:53:51Z
2026-09-13T1054,32989e446cccc9a7f71ece00c93da57c,2026-09-20T18:45:00Z,AC Milan,Lecce,leovegas,totals,Under,2.5,1.95,2026-09-13T10:53:51Z
2026-09-13T1054,32989e446cccc9a7f71ece00c93da57c,2026-09-20T18:45:00Z,AC Milan,Lecce,unibet_uk,h2h,AC Milan,,1.33,2026-09-13T10:53:30Z
2026-09-13T1054,32989e446cccc9a7f71ece00c93da57c,2026-09-20T18:45:00Z,AC Milan,Lecce,unibet_uk,h2h,Lecce,,9.0,2026-09-13T10:53:30Z
2026-09-13T1054,32989e446cccc9a7f71ece00c93da57c,2026-09-20T18:45:00Z,AC Milan,Lecce,unibet_uk,h2h,Draw,,4.75,2026-09-13T10:53:30Z
2026-09-13T1054,32989e446cccc9a7f71ece00c93da57c,2026-09-20T18:45:00Z,AC Milan,Lecce,winamax_de,h2h,AC Milan,,1.31,2026-09-13T10:52:28Z
2026-09-13T1054,32989e446cccc9a7f71ece00c93da57c,2026-09-20T18:45:00Z,AC Milan,Lecce,winamax_de,h2h,Lecce,,8.0,2026-09-13T10:52:28Z
2026-09-13T1054,32989e446cccc9a7f71ece00c93da57c,2026-09-20T18:45:00Z,AC Milan,Lecce,winamax_de,h2h,Draw,,5.0,2026-09-13T10:52:28Z
2026-09-13T1054,32989e446cccc9a7f71ece00c93da57c,2026-09-20T18:45:00Z,AC Milan,Lecce,onexbet,h2h,AC Milan,,1.39,2026-09-13T10:54:12Z
2026-09-13T1054,32989e446cccc9a7f71ece00c93da57c,2026-09-20T18:45:00Z,AC Milan,Lecce,onexbet,h2h,Lecce,,9.8,2026-09-13T10:54:12Z
2026-09-13T1054,32989e446cccc9a7f71ece00c93da57c,2026-09-20T18:45:00Z,AC Milan,Lecce,onexbet,h2h,Draw,,5.11,2026-09-13T10:54:12Z
2026-09-13T1054,32989e446cccc9a7f71ece00c93da57c,2026-09-20T18:45:00Z,AC Milan,Lecce,onexbet,totals,Over,2.5,1.85,2026-09-13T10:54:12Z
2026-09-13T1054,32989e446cccc9a7f71ece00c93da57c,2026-09-20T18:45:00Z,AC Milan,Lecce,onexbet,totals,Under,2.5,2.1,2026-09-13T10:54:12Z
2026-09-13T1054,32989e446cccc9a7f71ece00c93da57c,2026-09-20T18:45:00Z,AC Milan,Lecce,unibet_fr,h2h,AC Milan,,1.26,2026-09-13T10:54:13Z
2026-09-13T1054,32989e446cccc9a7f71ece00c93da57c,2026-09-20T18:45:00Z,AC Milan,Lecce,unibet_fr,h2h,Lecce,,8.7,2026-09-13T10:54:13Z
2026-09-13T1054,32989e446cccc9a7f71ece00c93da57c,2026-09-20T18:45:00Z,AC Milan,Lecce,unibet_fr,h2h,Draw,,4.7,2026-09-13T10:54:13Z
2026-09-13T1054,32989e446cccc9a7f71ece00c93da57c,2026-09-20T18:45:00Z,AC Milan,Lecce,winamax_fr,h2h,AC Milan,,1.27,2026-09-13T10:53:52Z
2026-09-13T1054,32989e446cccc9a7f71ece00c93da57c,2026-09-20T18:45:00Z,AC Milan,Lecce,winamax_fr,h2h,Lecce,,7.0,2026-09-13T10:53:52Z
2026-09-13T1054,32989e446cccc9a7f71ece00c93da57c,2026-09-20T18:45:00Z,AC Milan,Lecce,winamax_fr,h2h,Draw,,4.4,2026-09-13T10:53:52Z
2026-09-13T1054,32989e446cccc9a7f71ece00c93da57c,2026-09-20T18:45:00Z,AC Milan,Lecce,betfred_uk,h2h,AC Milan,,1.33,2026-09-13T10:54:13Z
2026-09-13T1054,32989e446cccc9a7f71ece00c93da57c,2026-09-20T18:45:00Z,AC Milan,Lecce,betfred_uk,h2h,Lecce,,9.5,2026-09-13T10:54:13Z
2026-09-13T1054,32989e446cccc9a7f71ece00c93da57c,2026-09-20T18:45:00Z,AC Milan,Lecce,betfred_uk,h2h,Draw,,5.0,2026-09-13T10:54:13Z
2026-09-13T1054,32989e446cccc9a7f71ece00c93da57c,2026-09-20T18:45:00Z,AC Milan,Lecce,betclic_fr,h2h,AC Milan,,1.3,2026-09-13T10:52:40Z
2026-09-13T1054,32989e446cccc9a7f71ece00c93da57c,2026-09-20T18:45:00Z,AC Milan,Lecce,betclic_fr,h2h,Lecce,,6.9,2026-09-13T10:52:40Z
2026-09-13T1054,32989e446cccc9a7f71ece00c93da57c,2026-09-20T18:45:00Z,AC Milan,Lecce,betclic_fr,h2h,Draw,,4.8,2026-09-13T10:52:40Z
2026-09-13T1054,32989e446cccc9a7f71ece00c93da57c,2026-09-20T18:45:00Z,AC Milan,Lecce,paddypower,h2h,AC Milan,,1.3,2026-09-13T10:53:09Z
2026-09-13T1054,32989e446cccc9a7f71ece00c93da57c,2026-09-20T18:45:00Z,AC Milan,Lecce,paddypower,h2h,Lecce,,8.5,2026-09-13T10:53:09Z
2026-09-13T1054,32989e446cccc9a7f71ece00c93da57c,2026-09-20T18:45:00Z,AC Milan,Lecce,paddypower,h2h,Draw,,4.75,2026-09-13T10:53:09Z
2026-09-13T1054,32989e446cccc9a7f71ece00c93da57c,2026-09-20T18:45:00Z,AC Milan,Lecce,skybet,h2h,AC Milan,,1.33,2026-09-13T10:53:51Z
2026-09-13T1054,32989e446cccc9a7f71ece00c93da57c,2026-09-20T18:45:00Z,AC Milan,Lecce,skybet,h2h,Lecce,,8.5,2026-09-13T10:53:51Z
2026-09-13T1054,32989e446cccc9a7f71ece00c93da57c,2026-09-20T18:45:00Z,AC Milan,Lecce,skybet,h2h,Draw,,5.0,2026-09-13T10:53:51Z
2026-09-13T1054,32989e446cccc9a7f71ece00c93da57c,2026-09-20T18:45:00Z,AC Milan,Lecce,tipico_de,h2h,AC Milan,,1.3,2026-09-13T10:54:14Z
2026-09-13T1054,32989e446cccc9a7f71ece00c93da57c,2026-09-20T18:45:00Z,AC Milan,Lecce,tipico_de,h2h,Lecce,,9.0,2026-09-13T10:54:14Z
2026-09-13T1054,32989e446cccc9a7f71ece00c93da57c,2026-09-20T18:45:00Z,AC Milan,Lecce,tipico_de,h2h,Draw,,5.5,2026-09-13T10:54:14Z
2026-09-13T1054,32989e446cccc9a7f71ece00c93da57c,2026-09-20T18:45:00Z,AC Milan,Lecce,tipico_de,totals,Over,2.5,1.72,2026-09-13T10:54:14Z
2026-09-13T1054,32989e446cccc9a7f71ece00c93da57c,2026-09-20T18:45:00Z,AC Milan,Lecce,tipico_de,totals,Under,2.5,2.05,2026-09-13T10:54:14Z
2026-09-13T1054,32989e446cccc9a7f71ece00c93da57c,2026-09-20T18:45:00Z,AC Milan,Lecce,sport888,h2h,AC Milan,,1.33,2026-09-13T10:53:28Z
2026-09-13T1054,32989e446cccc9a7f71ece00c93da57c,2026-09-20T18:45:00Z,AC Milan,Lecce,sport888,h2h,Lecce,,8.5,2026-09-13T10:53:28Z
2026-09-13T1054,32989e446cccc9a7f71ece00c93da57c,2026-09-20T18:45:00Z,AC Milan,Lecce,sport888,h2h,Draw,,4.6,2026-09-13T10:53:28Z
2026-09-13T1054,32989e446cccc9a7f71ece00c93da57c,2026-09-20T18:45:00Z,AC Milan,Lecce,williamhill,h2h,AC Milan,,1.35,2026-09-13T10:53:51Z
2026-09-13T1054,32989e446cccc9a7f71ece00c93da57c,2026-09-20T18:45:00Z,AC Milan,Lecce,williamhill,h2h,Lecce,,8.5,2026-09-13T10:53:51Z
2026-09-13T1054,32989e446cccc9a7f71ece00c93da57c,2026-09-20T18:45:00Z,AC Milan,Lecce,williamhill,h2h,Draw,,4.6,2026-09-13T10:53:51Z
2026-09-13T1054,32989e446cccc9a7f71ece00c93da57c,2026-09-20T18:45:00Z,AC Milan,Lecce,williamhill,totals,Over,2.5,1.75,2026-09-13T10:53:51Z
2026-09-13T1054,32989e446cccc9a7f71ece00c93da57c,2026-09-20T18:45:00Z,AC Milan,Lecce,williamhill,totals,Under,2.5,2.0,2026-09-13T10:53:51Z
2026-09-13T1054,32989e446cccc9a7f71ece00c93da57c,2026-09-20T18:45:00Z,AC Milan,Lecce,marathonbet,h2h,AC Milan,,1.36,2026-09-13T10:53:53Z
2026-09-13T1054,32989e446cccc9a7f71ece00c93da57c,2026-09-20T18:45:00Z,AC Milan,Lecce,marathonbet,h2h,Lecce,,9.6,2026-09-13T10:53:53Z
2026-09-13T1054,32989e446cccc9a7f71ece00c93da57c,2026-09-20T18:45:00Z,AC Milan,Lecce,marathonbet,h2h,Draw,,5.0,2026-09-13T10:53:53Z
2026-09-13T1054,32989e446cccc9a7f71ece00c93da57c,2026-09-20T18:45:00Z,AC Milan,Lecce,pinnacle,h2h,AC Milan,,1.34,2026-09-13T10:54:12Z
2026-09-13T1054,32989e446cccc9a7f71ece00c93da57c,2026-09-20T18:45:00Z,AC Milan,Lecce,pinnacle,h2h,Lecce,,8.9,2026-09-13T10:54:12Z
2026-09-13T1054,32989e446cccc9a7f71ece00c93da57c,2026-09-20T18:45:00Z,AC Milan,Lecce,pinnacle,h2h,Draw,,5.02,2026-09-13T10:54:12Z
2026-09-13T1054,32989e446cccc9a7f71ece00c93da57c,2026-09-20T18:45:00Z,AC Milan,Lecce,betway,h2h,AC Milan,,1.33,2026-09-13T10:53:52Z
2026-09-13T1054,32989e446cccc9a7f71ece00c93da57c,2026-09-20T18:45:00Z,AC Milan,Lecce,betway,h2h,Lecce,,8.0,2026-09-13T10:53:52Z
2026-09-13T1054,32989e446cccc9a7f71ece00c93da57c,2026-09-20T18:45:00Z,AC Milan,Lecce,betway,h2h,Draw,,5.0,2026-09-13T10:53:52Z
2026-09-13T1054,32989e446cccc9a7f71ece00c93da57c,2026-09-20T18:45:00Z,AC Milan,Lecce,betfair_ex_eu,h2h,AC Milan,,1.32,2026-09-13T10:53:51Z
2026-09-13T1054,32989e446cccc9a7f71ece00c93da57c,2026-09-20T18:45:00Z,AC Milan,Lecce,betfair_ex_eu,h2h,Lecce,,7.2,2026-09-13T10:53:51Z
2026-09-13T1054,32989e446cccc9a7f71ece00c93da57c,2026-09-20T18:45:00Z,AC Milan,Lecce,betfair_ex_eu,h2h,Draw,,4.5,2026-09-13T10:53:51Z
2026-09-13T1054,32989e446cccc9a7f71ece00c93da57c,2026-09-20T18:45:00Z,AC Milan,Lecce,betfair_ex_eu,h2h_lay,AC Milan,,1.41,2026-09-13T10:53:51Z
2026-09-13T1054,32989e446cccc9a7f71ece00c93da57c,2026-09-20T18:45:00Z,AC Milan,Lecce,betfair_ex_eu,h2h_lay,Lecce,,15.5,2026-09-13T10:53:51Z
2026-09-13T1054,32989e446cccc9a7f71ece00c93da57c,2026-09-20T18:45:00Z,AC Milan,Lecce,betfair_ex_eu,h2h_lay,Draw,,7.0,2026-09-13T10:53:51Z
2026-09-13T1054,32989e446cccc9a7f71ece00c93da57c,2026-09-20T18:45:00Z,AC Milan,Lecce,betfair_ex_uk,h2h,AC Milan,,1.32,2026-09-13T10:54:15Z
2026-09-13T1054,32989e446cccc9a7f71ece00c93da57c,2026-09-20T18:45:00Z,AC Milan,Lecce,betfair_ex_uk,h2h,Lecce,,7.2,2026-09-13T10:54:15Z
2026-09-13T1054,32989e446cccc9a7f71ece00c93da57c,2026-09-20T18:45:00Z,AC Milan,Lecce,betfair_ex_uk,h2h,Draw,,4.5,2026-09-13T10:54:15Z
2026-09-13T1054,32989e446cccc9a7f71ece00c93da57c,2026-09-20T18:45:00Z,AC Milan,Lecce,betfair_ex_uk,h2h_lay,AC Milan,,1.41,2026-09-13T10:54:15Z
2026-09-13T1054,32989e446cccc9a7f71ece00c93da57c,2026-09-20T18:45:00Z,AC Milan,Lecce,betfair_ex_uk,h2h_lay,Lecce,,15.5,2026-09-13T10:54:15Z
2026-09-13T1054,32989e446cccc9a7f71ece00c93da57c,2026-09-20T18:45:00Z,AC Milan,Lecce,betfair_ex_uk,h2h_lay,Draw,,7.0,2026-09-13T10:54:15Z
2026-09-13T1054,32989e446cccc9a7f71ece00c93da57c,2026-09-20T18:45:00Z,AC Milan,Lecce,smarkets,h2h,AC Milan,,1.3,2026-09-13T10:54:13Z
2026-09-13T1054,32989e446cccc9a7f71ece00c93da57c,2026-09-20T18:45:00Z,AC Milan,Lecce,smarkets,h2h,Lecce,,7.0,2026-09-13T10:54:13Z
2026-09-13T1054,32989e446cccc9a7f71ece00c93da57c,2026-09-20T18:45:00Z,AC Milan,Lecce,smarkets,h2h,Draw,,4.4,2026-09-13T10:54:13Z
2026-09-13T1054,32989e446cccc9a7f71ece00c93da57c,2026-09-20T18:45:00Z,AC Milan,Lecce,smarkets,h2h_lay,AC Milan,,1.43,2026-09-13T10:54:13Z
2026-09-13T1054,32989e446cccc9a7f71ece00c93da57c,2026-09-20T18:45:00Z,AC Milan,Lecce,smarkets,h2h_lay,Lecce,,15.5,2026-09-13T10:54:13Z
2026-09-13T1054,32989e446cccc9a7f71ece00c93da57c,2026-09-20T18:45:00Z,AC Milan,Lecce,smarkets,h2h_lay,Draw,,7.0,2026-09-13T10:54:13Z
2026-09-13T1054,32989e446cccc9a7f71ece00c93da57c,2026-09-20T18:45:00Z,AC Milan,Lecce,boylesports,h2h,AC Milan,,1.33,2026-09-13T10:53:30Z
2026-09-13T1054,32989e446cccc9a7f71ece00c93da57c,2026-09-20T18:45:00Z,AC Milan,Lecce,boylesports,h2h,Lecce,,8.5,2026-09-13T10:53:30Z
2026-09-13T1054,32989e446cccc9a7f71ece00c93da57c,2026-09-20T18:45:00Z,AC Milan,Lecce,boylesports,h2h,Draw,,4.75,2026-09-13T10:53:30Z
2026-09-13T1054,32989e446cccc9a7f71ece00c93da57c,2026-09-20T18:45:00Z,AC Milan,Lecce,betsson,h2h,AC Milan,,1.36,2026-09-13T10:53:31Z
2026-09-13T1054,32989e446cccc9a7f71ece00c93da57c,2026-09-20T18:45:00Z,AC Milan,Lecce,betsson,h2h,Lecce,,9.7,2026-09-13T10:53:31Z
2026-09-13T1054,32989e446cccc9a7f71ece00c93da57c,2026-09-20T18:45:00Z,AC Milan,Lecce,betsson,h2h,Draw,,4.55,2026-09-13T10:53:31Z
2026-09-13T1054,32989e446cccc9a7f71ece00c93da57c,2026-09-20T18:45:00Z,AC Milan,Lecce,betsson,totals,Over,2.5,1.75,2026-09-13T10:53:31Z
2026-09-13T1054,32989e446cccc9a7f71ece00c93da57c,2026-09-20T18:45:00Z,AC Milan,Lecce,betsson,totals,Under,2.5,2.02,2026-09-13T10:53:31Z
2026-09-13T1054,32989e446cccc9a7f71ece00c93da57c,2026-09-20T18:45:00Z,AC Milan,Lecce,nordicbet,h2h,AC Milan,,1.36,2026-09-13T10:52:27Z
2026-09-13T1054,32989e446cccc9a7f71ece00c93da57c,2026-09-20T18:45:00Z,AC Milan,Lecce,nordicbet,h2h,Lecce,,9.7,2026-09-13T10:52:27Z
2026-09-13T1054,32989e446cccc9a7f71ece00c93da57c,2026-09-20T18:45:00Z,AC Milan,Lecce,nordicbet,h2h,Draw,,4.55,2026-09-13T10:52:27Z
2026-09-13T1054,32989e446cccc9a7f71ece00c93da57c,2026-09-20T18:45:00Z,AC Milan,Lecce,nordicbet,totals,Over,2.5,1.75,2026-09-13T10:52:27Z
2026-09-13T1054,32989e446cccc9a7f71ece00c93da57c,2026-09-20T18:45:00Z,AC Milan,Lecce,nordicbet,totals,Under,2.5,2.02,2026-09-13T10:52:27Z
2026-09-13T1054,32989e446cccc9a7f71ece00c93da57c,2026-09-20T18:45:00Z,AC Milan,Lecce,virginbet,h2h,AC Milan,,1.28,2026-09-13T10:54:13Z
2026-09-13T1054,32989e446cccc9a7f71ece00c93da57c,2026-09-20T18:45:00Z,AC Milan,Lecce,virginbet,h2h,Lecce,,9.0,2026-09-13T10:54:13Z
2026-09-13T1054,32989e446cccc9a7f71ece00c93da57c,2026-09-20T18:45:00Z,AC Milan,Lecce,virginbet,h2h,Draw,,4.9,2026-09-13T10:54:13Z
2026-09-13T1054,32989e446cccc9a7f71ece00c93da57c,2026-09-20T18:45:00Z,AC Milan,Lecce,leovegas_se,h2h,AC Milan,,1.3,2026-09-13T10:54:12Z
2026-09-13T1054,32989e446cccc9a7f71ece00c93da57c,2026-09-20T18:45:00Z,AC Milan,Lecce,leovegas_se,h2h,Lecce,,10.0,2026-09-13T10:54:12Z
2026-09-13T1054,32989e446cccc9a7f71ece00c93da57c,2026-09-20T18:45:00Z,AC Milan,Lecce,leovegas_se,h2h,Draw,,5.1,2026-09-13T10:54:12Z
2026-09-13T1054,32989e446cccc9a7f71ece00c93da57c,2026-09-20T18:45:00Z,AC Milan,Lecce,leovegas_se,totals,Over,2.5,1.68,2026-09-13T10:54:12Z
2026-09-13T1054,32989e446cccc9a7f71ece00c93da57c,2026-09-20T18:45:00Z,AC Milan,Lecce,leovegas_se,totals,Under,2.5,2.17,2026-09-13T10:54:12Z
2026-09-13T1054,32989e446cccc9a7f71ece00c93da57c,2026-09-20T18:45:00Z,AC Milan,Lecce,unibet_nl,h2h,AC Milan,,1.3,2026-09-13T10:53:29Z
2026-09-13T1054,32989e446cccc9a7f71ece00c93da57c,2026-09-20T18:45:00Z,AC Milan,Lecce,unibet_nl,h2h,Lecce,,10.0,2026-09-13T10:53:29Z
2026-09-13T1054,32989e446cccc9a7f71ece00c93da57c,2026-09-20T18:45:00Z,AC Milan,Lecce,unibet_nl,h2h,Draw,,5.1,2026-09-13T10:53:29Z
2026-09-13T1054,32989e446cccc9a7f71ece00c93da57c,2026-09-20T18:45:00Z,AC Milan,Lecce,unibet_nl,totals,Over,2.5,1.67,2026-09-13T10:53:29Z
2026-09-13T1054,32989e446cccc9a7f71ece00c93da57c,2026-09-20T18:45:00Z,AC Milan,Lecce,unibet_nl,totals,Under,2.5,2.16,2026-09-13T10:53:29Z
2026-09-13T1054,32989e446cccc9a7f71ece00c93da57c,2026-09-20T18:45:00Z,AC Milan,Lecce,pmu_fr,h2h,AC Milan,,1.3,2026-09-13T10:53:29Z
2026-09-13T1054,32989e446cccc9a7f71ece00c93da57c,2026-09-20T18:45:00Z,AC Milan,Lecce,pmu_fr,h2h,Lecce,,10.0,2026-09-13T10:53:29Z
2026-09-13T1054,32989e446cccc9a7f71ece00c93da57c,2026-09-20T18:45:00Z,AC Milan,Lecce,pmu_fr,h2h,Draw,,5.1,2026-09-13T10:53:29Z
2026-09-13T1054,32989e446cccc9a7f71ece00c93da57c,2026-09-20T18:45:00Z,AC Milan,Lecce,pmu_fr,totals,Over,2.5,1.57,2026-09-13T10:53:29Z
2026-09-13T1054,32989e446cccc9a7f71ece00c93da57c,2026-09-20T18:45:00Z,AC Milan,Lecce,pmu_fr,totals,Under,2.5,2.04,2026-09-13T10:53:29Z
2026-09-13T1054,32989e446cccc9a7f71ece00c93da57c,2026-09-20T18:45:00Z,AC Milan,Lecce,unibet_se,h2h,AC Milan,,1.3,2026-09-13T10:53:29Z
2026-09-13T1054,32989e446cccc9a7f71ece00c93da57c,2026-09-20T18:45:00Z,AC Milan,Lecce,unibet_se,h2h,Lecce,,10.0,2026-09-13T10:53:29Z
2026-09-13T1054,32989e446cccc9a7f71ece00c93da57c,2026-09-20T18:45:00Z,AC Milan,Lecce,unibet_se,h2h,Draw,,5.1,2026-09-13T10:53:29Z
2026-09-13T1054,32989e446cccc9a7f71ece00c93da57c,2026-09-20T18:45:00Z,AC Milan,Lecce,unibet_se,totals,Over,2.5,1.68,2026-09-13T10:53:29Z
2026-09-13T1054,32989e446cccc9a7f71ece00c93da57c,2026-09-20T18:45:00Z,AC Milan,Lecce,unibet_se,totals,Under,2.5,2.17,2026-09-13T10:53:29Z
2026-09-13T1054,32989e446cccc9a7f71ece00c93da57c,2026-09-20T18:45:00Z,AC Milan,Lecce,casumo,h2h,AC Milan,,1.3,2026-09-13T10:53:51Z
2026-09-13T1054,32989e446cccc9a7f71ece00c93da57c,2026-09-20T18:45:00Z,AC Milan,Lecce,casumo,h2h,Lecce,,10.0,2026-09-13T10:53:51Z
2026-09-13T1054,32989e446cccc9a7f71ece00c93da57c,2026-09-20T18:45:00Z,AC Milan,Lecce,casumo,h2h,Draw,,5.1,2026-09-13T10:53:51Z
2026-09-13T1054,32989e446cccc9a7f71ece00c93da57c,2026-09-20T18:45:00Z,AC Milan,Lecce,casumo,totals,Over,2.5,1.67,2026-09-13T10:53:51Z
2026-09-13T1054,32989e446cccc9a7f71ece00c93da57c,2026-09-20T18:45:00Z,AC Milan,Lecce,casumo,totals,Under,2.5,2.16,2026-09-13T10:53:51Z
2026-09-13T1054,32989e446cccc9a7f71ece00c93da57c,2026-09-20T18:45:00Z,AC Milan,Lecce,grosvenor,h2h,AC Milan,,1.3,2026-09-13T10:53:51Z
2026-09-13T1054,32989e446cccc9a7f71ece00c93da57c,2026-09-20T18:45:00Z,AC Milan,Lecce,grosvenor,h2h,Lecce,,10.0,2026-09-13T10:53:51Z
2026-09-13T1054,32989e446cccc9a7f71ece00c93da57c,2026-09-20T18:45:00Z,AC Milan,Lecce,grosvenor,h2h,Draw,,5.1,2026-09-13T10:53:51Z
2026-09-13T1054,32989e446cccc9a7f71ece00c93da57c,2026-09-20T18:45:00Z,AC Milan,Lecce,grosvenor,totals,Over,2.5,1.67,2026-09-13T10:53:51Z
2026-09-13T1054,32989e446cccc9a7f71ece00c93da57c,2026-09-20T18:45:00Z,AC Milan,Lecce,grosvenor,totals,Under,2.5,2.16,2026-09-13T10:53:51Z
2026-09-13T1054,32989e446cccc9a7f71ece00c93da57c,2026-09-20T18:45:00Z,AC Milan,Lecce,livescorebet,h2h,AC Milan,,1.28,2026-09-13T10:53:51Z
2026-09-13T1054,32989e446cccc9a7f71ece00c93da57c,2026-09-20T18:45:00Z,AC Milan,Lecce,livescorebet,h2h,Lecce,,9.0,2026-09-13T10:53:51Z
2026-09-13T1054,32989e446cccc9a7f71ece00c93da57c,2026-09-20T18:45:00Z,AC Milan,Lecce,livescorebet,h2h,Draw,,4.9,2026-09-13T10:53:51Z
2026-09-13T1054,32989e446cccc9a7f71ece00c93da57c,2026-09-20T18:45:00Z,AC Milan,Lecce,everygame,h2h,AC Milan,,1.33,2026-09-13T10:53:03Z
2026-09-13T1054,32989e446cccc9a7f71ece00c93da57c,2026-09-20T18:45:00Z,AC Milan,Lecce,everygame,h2h,Lecce,,8.5,2026-09-13T10:53:03Z
2026-09-13T1054,32989e446cccc9a7f71ece00c93da57c,2026-09-20T18:45:00Z,AC Milan,Lecce,everygame,h2h,Draw,,4.75,2026-09-13T10:53:03Z
